"primary card id","chinese name","pokedex id","field type","規格標記","chinese text","jp text","eng text"
"cmo1u7o6b1qny5uee4fjpzt5k","吉雉雞ex","1016","ability","H","在上個對手的回合，若自己的寶可夢【昏厥】了，則在自己的回合時可使用1次。從自己的牌庫抽出3張卡。在這個回合，若已經使出了其他的「扭轉乾坤」，則這個特性無法使用。","前の相手の番に、自分のポケモンがきぜつしていたなら、自分の番に1回使える。自分の山札を3枚引く。この番、すでに別の「さかてにとる」を使っていたなら、この特性は使えない。","Once during your turn, if any of your Pokémon were Knocked Out during your opponent’s last turn, you may draw 3 cards. You can’t use more than 1 Flip the Script Ability each turn. | This attack does 100 damage to 1 of your opponent’s Pokémon. (Don’t apply Weakness and Resistance for Benched Pokémon.)"
"cmobmw3wn1pux2pc7suycirrn","貓鼬探長","0735","ability","I","在自己的回合時可使用1次。選擇1張自己的手牌，與牌庫上方的卡互換。","自分の番に1回使える。自分の手札を1枚選び、山札の上のカードと入れ替える。","Once during your turn, you may use this Ability. Switch a card from your hand with the top card of your deck."
"cmp2dgb70382x116cnb69i8ha","古玉魚","","attack","I","將場上的對手的競技場卡丟棄。有丟棄的情況下，在下個對手的回合，對手無法從手牌使出競技場卡。","場に出ている相手のスタジアムをトラッシュする。トラッシュした場合、次の相手の番、相手は手札からスタジアムを出せない。","If your opponent has a Stadium in play, discard it. If you do, your opponent can’t play any Stadium cards from their hand during their next turn."
"cmo1u7tvr20d95ueef46tpa0z","伊布","0133","attack","E","從自己的牌庫選擇最多3張「寶可夢【V】」卡，在給對手看過後加入手牌。並且重洗牌庫。","自分の山札から「ポケモンV」を3枚まで選び、相手に見せて、手札に加える。そして山札を切る。",""
"cmp2dg0802ske116ccxad31m6","伊布","","attack","H","從自己的牌庫選擇1張從這隻寶可夢進化而來的卡，放置於這隻寶可夢身上完成進化。並且重洗牌庫。 | 擲1次硬幣若為正面，則增加20點傷害。","このポケモンから進化するカードを、自分の山札から1枚選び、このポケモンにのせて進化させる。そして山札を切る。 | コインを1回投げオモテなら、20ダメージ追加。","Flip a coin. If heads, this attack does 20 more damage."
"cmo1u8b052u5x5ueevh0g5ter","吼鯨王","0321","attack","D","每次從自己的手牌將能量附於這隻寶可夢身上時，都將這隻寶可夢的特殊狀態全部恢復。 | 增加這隻寶可夢身上附加的【水】能量的數量×40點傷害。","このポケモンについているエネルギーの数×40ダメージ追加。","This attack does 40 more damage for each {W} Energy attached to this Pokémon."
"cmo1u7p391s8l5uee3ubn1byx","信使鳥","0225","attack","J","雙方玩家若希望，各自從自己的手牌選擇最多3張基本能量卡，以任意方式附於自己的寶可夢身上。（對手先選擇。）","おたがいのプレイヤーは、のぞむなら、それぞれ自分の手札から基本エネルギーを3枚まで選び、自分のポケモンに好きなようにつける。（相手から行う。）",""
"cmo1u7w2y246e5ueer5h08u5p","洛托姆","0479","attack","G","從自己的棄牌區選擇1張物品卡，在給對手看過後加入手牌。 | 擲1次硬幣若為正面，則將對手的戰鬥寶可夢【麻痺】。","自分のトラッシュからグッズを1枚選び、相手に見せて、手札に加える。 | コインを1回投げオモテなら、相手のバトルポケモンをマヒにする。","Flip a coin. If heads, your opponent’s Active Pokémon is now Paralyzed."
"cmo1u6wuj0fvp5ueeasostfca","小仙奶","0868","attack","D","選擇自己的1隻寶可夢，恢復「20」HP。","自分のポケモンを1匹選び、HPを「20」回復する。","Heal 20 damage from 1 of your Pokémon."
"cmo1u6t7z09jo5ueedqfm3byo","小小象","0231","attack","D","造成這隻寶可夢身上放置的傷害指示物的數量×30點傷害。","このポケモンにのっているダメカンの数×30ダメージ。","This attack does 30 damage for each damage counter on this Pokémon."
"cmo1u7p5k1sch5ueeix8t453i","坦克臭鼬","0435","attack","J","將這隻寶可夢與備戰寶可夢互換。","このポケモンをベンチポケモンと入れ替える。",""
"cmobmw3zd1pz72pc79aqnouml","巨蔓藤","0465","attack","I","將這隻寶可夢恢復「30」HP。 | 若身上附有的能量比使用這個招式所需的能量多2個，則增加140點傷害。","このポケモンのHPを「30」回復する。 | このワザを使うためのエネルギーより、2個多くエネルギーがついているなら、140ダメージ追加。","Heal 30 damage from this Pokémon. | If this Pokémon has at least 2 extra Energy attached (in addition to this attack’s cost), this attack does 140 more damage."
"cmp2dfym32qbt116czu82kce0","月亮伊布","","attack","G","對手的1隻寶可夢受到50點傷害。這個招式的傷害不計算弱點・抵抗力與受到傷害的寶可夢身上的附加效果。 | 在下個自己的回合，這隻寶可夢無法使用招式。","相手のポケモン1匹に、50ダメージ。このワザのダメージは、弱点・抵抗力と、ダメージを受けるポケモンにかかっている効果を計算しない。 | 次の自分の番、このポケモンはワザが使えない。","This attack does 50 damage to 1 of your opponent’s Pokémon. This attack’s damage isn’t affected by Weakness or Resistance, or by any effects on that Pokémon. | During your next turn, this Pokémon can’t attack."
"cmobmw49o1qg12pc786pg1w9k","青銅鐘","0437","attack","I","從自己的牌庫抽出3張卡。 | 造成雙方的所有寶可夢身上附加的「寶可夢道具」卡的數量×40點傷害。","自分の山札を3枚引く。 | おたがいのポケモン全員についている「ポケモンのどうぐ」の数×40ダメージ。","Draw 3 cards. | This attack does 40 damage for each Pokémon Tool attached to all Pokémon."
"cmp5nvdsi0wueoelbiqy1q19q","超級甲賀忍蛙ex","","ability","J","若這隻寶可夢在戰鬥場，且在自己的回合，從自己的手牌將1張「基本【水】能量」卡丟棄，則可使用1次。在對手的1隻寶可夢身上放置6個傷害指示物。","このポケモンがバトル場にいて、自分の番に、自分の手札から「基本エネルギー」を1枚トラッシュするなら、1回使える。相手のポケモン1匹に、ダメカンを6個のせる。",""
"cmobmw6ve1ul22pc7v2hok711","雷吉斯奇魯ex","0379","attack","J","從自己的棄牌區選擇最多2張「基本【鋼】能量」卡，附於這隻寶可夢身上。 | 在下個對手的回合，這隻寶可夢受到招式的傷害「-50」點。","自分のトラッシュから「基本エネルギー」を2枚まで選び、このポケモンにつける。 | 次の相手の番、このポケモンが受けるワザのダメージは「-50」される。",""
"cmp2dgb65381s116c41dydpb4","奇魯莉安","","attack","I","從自己的牌庫選擇最多3張寶可夢卡，在給對手看過後加入手牌。並且重洗牌庫。","自分の山札からポケモンを3枚まで選び、相手に見せて、手札に加える。そして山札を切る。","Search your deck for up to 3 Pokémon, reveal them, and put them into your hand. Then, shuffle your deck."
"cmp2dgbcq38ak116c2al31wjp","小木靈","","ability","J","在自己的回合時可使用1次。從自己的手牌選擇1張從這隻寶可夢進化而來的卡，放置於這隻寶可夢身上完成進化。然後，在完成進化的寶可夢身上放置2個傷害指示物。（無法在自己的最初回合使用。）","",""
"cmobmw4911qf02pc79q7yoa0n","超級巨牙鯊ex","0319","attack","I","從自己的牌庫抽出2張卡。 | 若這隻寶可夢身上放置有傷害指示物，則增加150點傷害。","自分の山札を2枚引く。 | このポケモンにダメカンがのっているなら、150ダメージ追加。","Draw 2 cards. | If this Pokémon has any damage counters on it, this attack does 150 more damage."
"cmp2dgbcg38a7116cdrzssac2","呱呱泡蛙","","attack","J","從自己的牌庫抽出1張卡。","自分の山札を1枚引く。",""
"cmp2dgbcw38as116chdyheb91","妖火紅狐","","ability","J","在自己的回合，若從自己的手牌將1張「基本【火】能量」卡丟棄，則可使用1次。從牌庫抽卡直到自己的手牌滿7張為止。","",""
"cmp2dfxxe2pd1116c50bk241a","蟲甲聖","","attack","G","從自己的棄牌區選擇1張寶可夢卡，放置於備戰區。 | 將對手的戰鬥寶可夢【混亂】。","自分のトラッシュからポケモンを1枚選び、ベンチに出す。 | 相手のバトルポケモンをこんらんにする。","Put a Pokémon from your discard pile onto your Bench. | Your opponent’s Active Pokémon is now Confused."
"cmp2dgbcj38ab116chyrnlz8q","呱頭蛙","","attack","J","從自己的牌庫選擇最多3張寶可夢卡，在給對手看過後加入手牌。並且重洗牌庫。","自分の山札からポケモンを3枚まで選び、相手に見せて、手札に加える。そして山札を切る。",""
"cmp47cbgw0wus1150sk6kfxyr","電龍","","ability","J","若自己的手牌與對手的手牌張數相同，則這隻寶可夢使用的招式，對對手的戰鬥寶可夢造成的傷害「+80」點。","自分の手札と相手の手札が同じ枚数なら、このポケモンが使うワザの、相手のバトルポケモンへのダメージは「+80」される。",""
"cmp2dfx9y2oh1116cypwlmxwr","顫弦蠑螈","","attack","G","在不看正面的情況下，從對手的手牌選擇2張，查看那些卡的正面後放回對手的牌庫並重洗。 | 這隻寶可夢也受到20點傷害。","相手の手札からオモテを見ないで2枚選び、そのカードのオモテを見て、相手の山札にもどして切る。 | このポケモンにも20ダメージ。","This Pokémon also does 20 damage to itself."
"cmp2dgf223d6e116cltcig8my","吉利蛋","","attack","H","從自己的手牌選擇1張基本能量卡，附於自己的寶可夢身上。 | 在下個自己的回合，這隻寶可夢無法使用招式。","","During your next turn, this Pokémon can’t attack."
"cmo1u6wvo0fxp5ueedfnoh838","龍王蠍V","0452","attack","D","將這隻寶可夢身上附加的2個能量丟棄，將對手的戰鬥寶可夢【中毒】與【麻痺】。 | 寶可夢【V】【氣絕】時，對手獲得2張獎賞卡。","このポケモンについているエネルギーを2個トラッシュし、相手のバトルポケモンをどくとマヒにする。",""
"cmobmw46q1qb72pc7ci8gr5ld","萊希拉姆","0643","attack","I","這隻寶可夢也受到60點傷害。","このポケモンにも60ダメージ。","This Pokémon also does 60 damage to itself."
"cmp2dfzm62rpv116c372y8m24","鐵頭殼ex","","ability","H","只要這隻寶可夢在場上，自己的「未來」寶可夢（「鐵頭殼【ex】」除外）使用的招式，對對手的戰鬥寶可夢造成的傷害「+20」點。","このポケモンがいるかぎり、自分の「未来」のポケモン（「テツノカシラex」をのぞく）が使うワザの、相手のバトルポケモンへのダメージは「+20」される。","Attacks used by your Future Pokémon, except any Iron Crown {ex}, do 20 more damage to your opponent’s Active Pokémon (before applying Weakness and Resistance). | This attack does 50 damage to 2 of your opponent’s Pokémon. This attack’s damage isn’t affected by Weakness or Resistance, or by any effects on those Pokémon."
"cmo1u6t8809k45ueepvq2kkrl","混混鱷","0552","attack","D","將對手的牌庫上方3張卡丟棄。","相手の山札を上から3枚トラッシュする。","Discard the top 3 cards of your opponent’s deck."
"cmo1u7z2h29cv5ueek2sk01m3","瑪狃拉","0461","ability","G","在自己的回合，從備戰區將這隻寶可夢放置於戰鬥場時，可使用1次。選擇1隻對手的備戰區的【基礎】寶可夢，與戰鬥寶可夢互換。","自分の番に、このポケモンがベンチからバトル場に出たとき、1回使える。相手のベンチのたねポケモンを1匹選び、バトルポケモンと入れ替える。","Once during your turn, when this Pokémon moves from your Bench to the Active Spot, you may switch in 1 of your opponent’s Benched Basic Pokémon to the Active Spot."
"cmo1u7nh91pgz5ueeehc7kr4j","超級路卡利歐ex","0448","attack","I","從自己的棄牌區選擇最多3張「基本【鬥】能量」卡，以任意方式附於備戰寶可夢身上。 | 在下個自己的回合，這隻寶可夢無法使用「超級勇氣」。","自分のトラッシュから「基本エネルギー」を3枚まで選び、ベンチポケモンに好きなようにつける。 | 次の自分の番、このポケモンは「メガブレイブ」が使えない。","Attach up to 3 Basic {F} Energy cards from your discard pile to your Benched Pokémon in any way you like. | During your next turn, this Pokémon can’t use Mega Brave."
"cmp2dfzku2rny116c29klt4x6","魔牆人偶","","attack","H","查看對手的手牌。若希望，選擇1張其中的支援者卡，將那個效果作為這個招式的效果使用。 | 將對手的戰鬥寶可夢【混亂】。","相手の手札を見る。のぞむなら、その中にあるサポートを1枚選び、その効果を、このワザの効果として使う。 | 相手のバトルポケモンをこんらんにする。","Your opponent’s Active Pokémon is now Confused."
"cmo1u6w5f0enp5ueeljnlujcb","其他顫弦蠑螈VMAX","0849","attack","D","若對手的戰鬥寶可夢【中毒】，則增加80點傷害。 | 寶可夢【VMAX】【氣絕】時，對手獲得3張獎賞卡。","相手のバトルポケモンがどくなら、80ダメージ追加。",""
"cmp2dgbam387r116c0u3m3f1g","波爾凱尼恩","","attack","J","擲與這隻寶可夢身上附加的【水】能量的數量相同次數的硬幣，造成正面出現的次數×90點傷害。","このポケモンについているエネルギーの数ぶんコインを投げ、オモテの数×90ダメージ。","Flip a coin for each {W} Energy attached to this Pokémon. This attack does 90 damage for each heads."
"cmo1u7zi42a3o5ueeyh21cm3u","直衝熊","0264","attack","G","這隻寶可夢也受到30點傷害。","このポケモンにも30ダメージ。","This Pokémon also does 30 damage to itself."
"cmo1u7out1ru65ueej9h608ne","君主蛇","0497","attack","J","造成自己的場上寶可夢的數量×20點傷害。 | 若自己的棄牌區有「鳴依的勉勵」，則增加150點傷害。","自分の場のポケモンの数×20ダメージ。 | 自分のトラッシュに「メイのはげまし」があるなら、150ダメージ追加。","This attack does 20 damage for each of your Pokémon in play. | If Rosa’s Encouragement is in your discard pile, this attack does 150 more damage."
"cmp2dgb6b3820116c5cjvmb5c","利歐路","","attack","I","在下個自己的回合，這隻寶可夢無法使用「加速突刺」。","次の自分の番、このポケモンは「かそくづき」が使えない。","During your next turn, this Pokémon can’t use Accelerating Stab."
"cmo1u7owq1rxf5uee2aqswthm","芳香精","0683","ability","J","在自己的回合時可使用1次。從自己的牌庫選擇最多2張「基本【超】能量」卡，在給對手看過後加入手牌。並且重洗牌庫。","自分の番に1回使える。自分の山札から「基本エネルギー」を2枚まで選び、相手に見せて、手札に加える。そして山札を切る。","Once during your turn, you may use this Ability. Search your deck for up to 2 Basic {P} Energy cards, reveal them, and put them into your hand. Then, shuffle your deck."
"cmo1u7o4y1qlm5uee0pnl645l","頑皮熊貓","0674","attack","I","這隻寶可夢也受到10點傷害。","このポケモンにも10ダメージ。","This Pokémon also does 10 damage to itself."
"cmp2dgb5a380o116c4ovfj8vv","願增猿","1015","ability","H","若這隻寶可夢身上附有【惡】能量卡，則在自己的回合時可使用1次。選擇最多3個自己的1隻場上寶可夢身上放置的傷害指示物，改放於對手的1隻場上寶可夢身上。","このポケモンにエネルギーがついているなら、自分の番に1回使える。自分の場のポケモン1匹にのっているダメカンを3個まで選び、相手の場のポケモン1匹にのせ替える。","Once during your turn, if this Pokémon has any {D} Energy attached, you may move up to 3 damage counters from 1 of your Pokémon to 1 of your opponent’s Pokémon."
"cmo1u85ad2jxf5ueefciyvxa2","差不多娃娃","0531","attack","H","從自己的棄牌區選擇1張支援者卡，在給對手看過後加入手牌。","自分のトラッシュからサポートを1枚選び、相手に見せて、手札に加える。","Put a Supporter card from your discard pile into your hand."
"cmo1u82192eeo5ueew8zr17l2","鑽角犀獸","0112","attack","H","擲1次硬幣若為正面，則選擇1個對手的戰鬥寶可夢身上附加的能量，將其丟棄。","コインを1回投げオモテなら、相手のバトルポケモンについているエネルギーを1個選び、トラッシュする。","Flip a coin. If heads, discard an Energy from your opponent’s Active Pokémon."
"cmo1u7ox11rxz5ueer878lz4f","土地雲","0645","attack","J","這個招式的傷害不計算抵抗力。 | 選擇1個這隻寶可夢身上附加的能量，放回手牌。","このワザのダメージは抵抗力を計算しない。 | このポケモンについているエネルギーを1個選び、手札にもどす。","This attack’s damage isn’t affected by Resistance. | Put an Energy attached to this Pokémon into your hand."
"cmobmw3vj1pt42pc75x46b4v4","伊裴爾塔爾","0717","attack","I","在下個對手的回合，受到這個招式的寶可夢無法撤退。","次の相手の番、このワザを受けたポケモンは、にげられない。","During your opponent’s next turn, the Defending Pokémon can’t retreat."
"cmobmw3wb1pud2pc74fhgjkkp","賽富豪","1000","attack","I","擲硬幣直到出現反面，從自己的牌庫任意選擇最多與正面出現的次數相同數量的卡，加入手牌。並且重洗牌庫。","ウラが出るまでコインを投げ、オモテの数ぶんまで、自分の山札から好きなカードを選び、手札に加える。そして山札を切る。","Flip a coin until you get tails. Search your deck for a number of cards up to the number of heads and put them into your hand. Then, shuffle your deck."
"cmp2dfz4f2r0u116cb0n2z71c","猛惡菇","","ability","G","若這隻寶可夢身上附有「驅勁能量 古代」，則在自己的回合時可使用1次。將雙方的戰鬥寶可夢【中毒】。","このポケモンに「ブーストエナジー 古代」がついているなら、自分の番に1回使える。おたがいのバトルポケモンを、それぞれどくにする。","Once during your turn, if this Pokémon has an Ancient Booster Energy Capsule attached, you may make both Active Pokémon Poisoned."
"cmo1u6wrl0fqk5ueej7tuvydb","鐵面忍者","0291","ability","D","在自己的回合，當從手牌使出這張卡並完成進化時，可使用1次。從自己的牌庫選擇1張「脫殼忍者」卡，放置於備戰區。並且重洗牌庫。","自分の番に、このカードを手札から出して進化させたとき、1回使える。自分の山札から「ヌケニン」を1枚選び、ベンチに出す。そして山札を切る。","When you play this Pokémon from your hand to evolve 1 of your Pokémon during your turn, you may search your deck for a Shedinja and put it onto your Bench. Then, shuffle your deck."
"cmo1u8fj4327l5ueeowqa5f8d","桃歹郎ex","0978","ability","H","在自己的回合時可使用1次。選擇1隻自己的備戰區的【惡】寶可夢（「桃歹郎【ex】」除外），與戰鬥寶可夢互換。然後，將新的戰鬥寶可夢【中毒】。在這個回合，若已經使出了其他的「支配鎖鏈」，則這個特性無法使用。","自分の番に1回使える。自分のベンチのポケモン（「モモワロウex」をのぞく）を1匹選び、バトルポケモンと入れ替える。その後、新しいバトルポケモンをどくにする。この番、すでに別の「しはいのくさり」を使っていたなら、この特性は使えない。","Once during your turn, you may switch 1 of your Benched {D} Pokémon, except any Pecharunt {ex}, with your Active Pokémon. If you do, the new Active Pokémon is now Poisoned. You can’t use more than 1 Subjugating Chains Ability each turn."
"cmo1u7xe926gs5ueelh40h4j8","頭巾混混","0560","attack","I","擲與自己的場上【惡】寶可夢的數量相同次數的硬幣，造成正面出現的次數×60點傷害。","自分の場のポケモンの数ぶんコインを投げ、オモテの数×60ダメージ。","Flip a coin for each {D} Pokémon you have in play. This attack does 60 damage for each heads."
"cmo1u6xy50hqh5ueef7iwilef","修建老匠","0534","attack","E","在下個對手的回合，受到這個招式的進化寶可夢無法使用招式。","次の相手の番、このワザを受けた進化ポケモンは、ワザが使えない。","If the Defending Pokémon is an Evolution Pokémon, it can’t attack during your opponent’s next turn."
"cmo1u6y1c0hvu5ueeptu5b0e2","炎帝","0244","attack","E","造成自己備戰區所有「一擊」寶可夢身上放置的傷害指示物的數量×10點傷害。 | 這隻寶可夢也受到30點傷害。","自分のベンチの「いちげき」のポケモン全員にのっているダメカンの数×10ダメージ。 | このポケモンにも30ダメージ。","This attack does 10 damage for each damage counter on all of your Benched Single Strike Pokémon. | This Pokémon also does 30 damage to itself."
"cmobmwah720d82pc7uvnoavha","雪笠怪","0459","attack","E","從自己的牌庫選擇1張訓練家卡，在給對手看過後加入手牌。並且重洗牌庫。 | 在下個對手的回合，受到這個招式的寶可夢無法撤退。","",""
"cmp2xvkhs009k7ctowi078jbr","顫弦蠑螈ex","","attack","I","選擇2個這隻寶可夢身上附加的能量，將其丟棄。","このポケモンについているエネルギーを2個選び、トラッシュする。","Discard 2 Energy from this Pokémon."
"cmp2xqt2i1wix107822yt9s47","振翼髮","","ability","H","只要這隻寶可夢在戰鬥場上，對手的戰鬥寶可夢的特性（「暗夜羽擊」除外）全部消除。","",""
"cmp2xvki7009s7ctoe4yjqmmv","<火箭隊的>袋獸ex","","attack","I","擲4次硬幣，造成正面出現的次數×30點傷害。 | 在這個回合，若從手牌使出了名稱中有「火箭隊」的支援者卡，則增加100點傷害。","コインを4回投げ、オモテの数×30ダメージ。 | この番に、手札から、名前に「ロケット団」とつくサポートを出して使っていたなら、100ダメージ追加。","Flip 4 coins. This attack does 30 damage for each heads. | If you played a Supporter card that has “Team Rocket” in its name from your hand during this turn, this attack does 100 more damage."
"cmo1u6ycq0ifp5ueeldnso1j2","雷電斑馬","0523","attack","E","在上個自己的回合，若這隻寶可夢以外的「連擊」寶可夢使用了招式，則增加90點傷害。 | 擲硬幣直到出現反面，造成正面出現的次數×90點傷害。","前の自分の番、このポケモン以外の「れんげき」のポケモンがワザを使っていたなら、90ダメージ追加。 | ウラが出るまでコインを投げ、オモテの数×90ダメージ。","If 1 of your other Rapid Strike Pokémon used an attack during your last turn, this attack does 90 more damage. | Flip a coin until you get tails. This attack does 90 damage for each heads."
"cmo1u87ie2nwh5ueewd668uqz","妙蛙花ex","0003","ability","G","若這隻寶可夢在戰鬥場上，則在自己的回合時可使用1次。將自己的1隻寶可夢恢復「60」HP。","このポケモンがバトル場にいるなら、自分の番に1回使える。自分のポケモン1匹のHPを「60」回復する。","Once during your turn, if this Pokémon is in the Active Spot, you may heal 60 damage from 1 of your Pokémon."
"cmp2dg1xe2uyx116cz7tugwmt","<小霞的>可達鴨","","ability","I","若這隻寶可夢在備戰區，則在自己的回合時可使用1次。將自己的牌庫下方1張卡丟棄。然後，將這隻寶可夢身上附加的卡全部丟棄，將這隻寶可夢放回牌庫上方。","このポケモンがベンチにいるなら、自分の番に1回使える。自分の山札を下から1枚トラッシュする。その後、このポケモンについているカードをすべてトラッシュし、このポケモンを山札の上にもどす。","Once during your turn, if this Pokémon is on your Bench, you may discard the bottom card of your deck. If you do, discard all cards from this Pokémon and put this Pokémon on top of your deck."
"cmo1u6y170hvm5ueeg8nexo3i","水伊布V","0134","attack","E","從自己的牌庫抽出3張卡。 | 將這隻寶可夢與備戰寶可夢互換。 | 寶可夢【V】【氣絕】時，對手獲得2張獎賞卡。","自分の山札を3枚引く。 | このポケモンをベンチポケモンと入れ替える。",""
"cmo1u6yes0ija5ueetjh5cgi5","狡猾天狗","0275","attack","E","將身上放置有傷害指示物的對手的戰鬥寶可夢與附加的卡，全部放回對手的手牌。 | 在不看正面的情況下，選擇1張對手的手牌，將其丟棄。","ダメカンがのっている相手のバトルポケモンと、ついているすべてのカードを、相手の手札にもどす。 | 相手の手札からオモテを見ないで1枚選び、トラッシュする。","If your opponent’s Active Pokémon has any damage counters on it, put it and all attached cards into your opponent’s hand. | Discard a random card from your opponent’s hand."
"cmo1u6yc00ieh5ueev2twprvj","瑪狃拉","0461","attack","E","在下個自己的回合，受到這個招式的寶可夢若受到「連擊」寶可夢招式的傷害，會【氣絕】。 | 從自己的牌庫任意選擇最多2張卡加入手牌。並且重洗牌庫。","次の自分の番、このワザを受けたポケモンは、「れんげき」のポケモンからワザのダメージを受けたらきぜつする。 | 自分の山札から好きなカードを2枚まで選び、手札に加える。そして山札を切る。","During your next turn, if the Defending Pokémon is damaged by an attack from a Rapid Strike Pokémon, it will be Knocked Out. | Search your deck for up to 2 cards and put them into your hand. Then, shuffle your deck."
"cmo1u6v820d1e5uee9n7be2r6","伽勒爾 火焰鳥","0146","ability","E","在自己的回合，當從手牌將這張卡放置於備戰區時，可使用1次。從自己的手牌選擇最多2張【惡】能量卡，附於這隻寶可夢身上。","自分の番に、このカードを手札からベンチに出したとき、1回使える。自分の手札からエネルギーを2枚まで選び、このポケモンにつける。","When you play this Pokémon from your hand onto your Bench during your turn, you may attach up to 2 {D} Energy cards from your hand to this Pokémon."
"cmo1u6yjb0ir35uee1j8gaxst","三首惡龍","0635","attack","E","增加上個對手的回合對手獲得的獎賞卡的張數×100點傷害。","前の相手の番に、相手がとったサイドの枚数×100ダメージ追加。","This attack does 100 more damage for each Prize card your opponent took during their last turn."
"cmo1u7osr1rqx5ueed9hsh0qp","美洛耶塔","0719","attack","I","將最多2張這隻寶可夢身上附加的能量卡丟棄，造成其張數×120點傷害。","このポケモンについているエネルギーを2枚までトラッシュし、その枚数×120ダメージ。",""
"cmo1u80mv2c1w5ueefrjb8mnb","岩殿居蟹","0558","attack","G","在下個對手的回合，這隻寶可夢受到進化寶可夢招式的傷害「-100」點。","次の相手の番、このポケモンが進化ポケモンから受けるワザのダメージは「-100」される。","During your opponent’s next turn, this Pokémon takes 100 less damage from attacks from Evolution Pokémon (after applying Weakness and Resistance)."
"cmo1u7pes1ssg5ueea6w8rixc","蘑蘑菇","0285","attack","H","擲2次硬幣，造成正面出現的次數×10點傷害。","コインを2回投げ、オモテの数×10ダメージ。","Flip 2 coins. This attack does 10 damage for each heads."
"cmo1u6yp30j155uee6ly4jldo","豐蜜龍","0842","attack","E","造成對手的場上寶可夢身上附加的特殊能量卡的張數×70點傷害。 | 若對手的戰鬥寶可夢為「寶可夢【V】」，則增加80點傷害。","相手の場のポケモンについている特殊エネルギーの枚数×70ダメージ。 | 相手のバトルポケモンが「ポケモンV」なら、80ダメージ追加。","This attack does 70 damage for each Special Energy card attached to your opponent’s Pokémon. | If your opponent’s Active Pokémon is a Pokémon {V}, this attack does 80 more damage."
"cmo1u7o661qnq5ueeoxxwo4ml","N的索羅亞克ex","0571","ability","I","在自己的回合，若將自己的1張手牌丟棄，則可使用1次。從自己的牌庫抽出2張卡。","自分の番に、自分の手札を1枚トラッシュするなら、1回使える。自分の山札を2枚引く。","You must discard a card from your hand in order to use this Ability. Once during your turn, you may draw 2 cards. | Choose 1 of your Benched N’s Pokémon’s attacks and use it as this attack."
"cmo1u7pi81syd5ueer4u38oai","來悲粗茶ex","1013","attack","H","在給對手看過自己的棄牌區的所有「基本【草】能量」卡後，將與其張數×2個的相同數量的傷害指示物，放置於對手的1隻寶可夢身上。然後，將給對手看過的能量卡放回牌庫並重洗。 | 將自己的所有寶可夢各恢復「30」HP。","自分のトラッシュにある「基本エネルギー」をすべて相手に見せ、その枚数×2個ぶんのダメカンを、相手のポケモン1匹にのせる。その後、見せたエネルギーを山札にもどして切る。 | 自分のポケモン全員のHPを、それぞれ「30」回復する。","Heal 30 damage from each of your Pokémon."
"cmo1u7pou1t9r5ueew9p0xr4y","吼鯨王","0321","attack","I","增加這隻寶可夢身上附加的【水】能量的數量×50點傷害。","このポケモンについているエネルギーの数×50ダメージ追加。","This attack does 50 more damage for each {W} Energy attached to this Pokémon."
"cmo1u6wu60fv15ueer7cioqcc","雷伊布","0135","ability","D","若這隻寶可夢身上附有「回憶膠囊」，則雙方的場上【水】寶可夢的特性全部消除。","このポケモンに「メモリーカプセル」がついているなら、おたがいの場のポケモンの特性は、すべてなくなる。","If this Pokémon has a Memory Capsule attached, {W} Pokémon in play (both yours and your opponent’s) have no Abilities."
"cmp2dfx6m2ock116c8msse0m2","風速狗ex","","attack","G","只要這隻寶可夢在備戰區，不會受到招式的傷害。 | 增加這隻寶可夢身上放置的傷害指示物的數量×10點傷害。 | 選擇2個這隻寶可夢身上附加的【火】能量，將其丟棄。 | 寶可夢【ex】【昏厥】時，對手獲得2張獎賞卡。","このポケモンにのっているダメカンの数×10ダメージ追加。 | このポケモンについているエネルギーを2個選び、トラッシュする。","This attack does 10 more damage for each damage counter on this Pokémon. | Discard 2 {R} Energy from this Pokémon."
"cmo1u7pan1slb5ueenn43a0l5","謎擬Q","0778","attack","I","將最多2張這隻寶可夢身上附加的能量卡丟棄，造成其張數×120點傷害。","自分の山札からたねポケモンを1枚選び、ベンチに出す。そして山札を切る。","Discard up to 2 Energy cards from this Pokémon, and this attack does 120 damage for each card you discarded in this way."
"cmo1u6y6y0i5n5ueecpushsav","閃焰王牌","0815","attack","E","將對手的戰鬥寶可夢【中毒】。","次の自分の番、このポケモンはワザが使えない。",""
"cmobmw48d1qdw2pc7ilevlp2p","天然鳥","0947","ability","G","在自己的回合時可使用1次。從自己的手牌選擇1張「基本【超】能量」卡，附於備戰寶可夢身上。然後，從自己的牌庫抽出2張卡。","自分の番に1回使える。自分の手札から「基本エネルギー」を1枚選び、ベンチポケモンにつける。その後、自分の山札を2枚引く。","Once during your turn, when you play this Pokémon from your hand to evolve 1 of your Pokémon, you may use this Ability. Make your opponent’s Active Pokémon Confused."
"cmo1u7pmw1t6f5ueem7z2gyco","破空焰ex","1020","attack","H","若使用了這個招式，則這隻寶可夢離開戰鬥場前無法使用「烈火爆進」。","このワザを使ったなら、このポケモンは、バトル場をはなれるまで「れっかばくしん」が使えない。","This Pokémon can’t use Blaze Blitz again until it leaves the Active Spot."
"cmo1u7qey1uif5uee4sl158q8","懶人獺","0287","attack","H","將這隻寶可夢恢復「60」HP。在下個自己的回合，這隻寶可夢無法撤退。","このポケモンのHPを「60」回復する。次の自分の番、このポケモンはにげられない。","Search your deck for a Basic Pokémon and put it onto your Bench. Then, shuffle your deck."
"cmo1u8i6236qu5uee6vlz87f8","多龍巴魯托","0887","ability","E","當這隻寶可夢受到招式的傷害時，己方擲1次硬幣。若為正面，則這隻寶可夢不會受到那個傷害。","","If any damage is done to this Pokémon by attacks, flip a coin. If heads, prevent that damage."
"cmo1u8eq130tg5ueeb0354bso","火焰鳥","0146","attack","I","若對手的戰鬥寶可夢為「寶可夢【ex】」，則增加90點傷害。","相手のバトルポケモンが「ポケモンex」なら、90ダメージ追加。","If this Pokémon has any damage counters on it, this attack does 70 more damage. This attack’s damage isn’t affected by Weakness."
"cmo1u7ouy1rue5ueeuvt262xs","粉蝶蛹","0665","attack","J","擲1次硬幣若為正面，則在下個對手的回合，這隻寶可夢不會受到招式的傷害與效果的影響。","コインを1回投げオモテなら、次の相手の番、このポケモンはワザのダメージや効果を受けない。",""
"cmo1u6xm20h715ueelwxty1np","伽勒爾 死神板","0867","ability","E","當這隻寶可夢在戰鬥場上受到對手的「寶可夢【VMAX】」招式的傷害時，將與受到的傷害相同數值的傷害指示物，放置於使用招式的寶可夢身上。","このポケモンが、バトル場で相手の「ポケモンVMAX」からワザのダメージを受けたとき、受けたダメージぶんのダメカンを、ワザを使ったポケモンにのせる。","If this Pokémon is in the Active Spot and is damaged by an attack from your opponent’s Pokémon {VMAX} (even if this Pokémon is Knocked Out), put damage counters on the Attacking Pokémon equal to the damage done to this Pokémon."
"cmo1u8efh30bd5ueefmdehe30","水君","0245","ability","B","若這隻寶可夢在戰鬥場上，則在自己的回合時可使用1次。將對手的戰鬥寶可夢與備戰寶可夢互換。[由對手選擇放置於戰鬥場的寶可夢。]","",""
"cmo1u7pxi1tom5ueebmrwpvh8","由克希","0480","attack","H","在對手的所有寶可夢身上各放置2個傷害指示物。","相手のポケモン全員に、それぞれダメカンを2個のせる。","Put 3 damage counters on your opponent’s Pokémon in any way you like."
"cmo1u7o2t1qhx5ueefj5r4tzu","莉莉艾的皮皮ex","0035","ability","I","只要這隻寶可夢在場上，對手的場上的所有【龍】寶可夢的弱點全部改爲【超】屬性。[弱點以「×2」計算傷害。]","このポケモンがいるかぎり、相手の場のポケモン全員の弱点は、すべてタイプになる。［弱点は「×2」で計算する。］","The Weakness of each of your opponent’s {N} Pokémon in play is now {P}. (Apply Weakness as ×2.)"
"cmo1u7q3i1tyw5ueesf8zqyrr","重泥挽馬","0750","ability","I","這隻寶可夢受到招式的傷害「-30」點。","このポケモンが受けるワザのダメージは「-30」される。","This Pokémon takes 30 less damage from attacks (after applying Weakness and Resistance)."
"cmo1u8je538t45uee20a4pd4u","其他沙奈朵VMAX","0282","attack","D","將這隻寶可夢恢復「50」HP。 | 寶可夢【VMAX】【氣絕】時，對手獲得3張獎賞卡。","",""
"cmo1u7pyp1tqm5uee2vp6dy78","超能妙喵","0678","ability","H","在自己的回合，若從自己的手牌將1張「悠哉尾草棒」丟棄，則可使用1次。選擇1隻對手的備戰寶可夢，與戰鬥寶可夢互換。","自分の番に、自分の手札から「のんびりじゃらし」を1枚トラッシュするなら、1回使える。相手のベンチポケモンを1匹選び、バトルポケモンと入れ替える。","When you play this Pokémon from your hand to evolve 1 of your Pokémon during your turn, you may search your deck for up to 2 Supporter cards, reveal them, and put them into your hand. Then, shuffle your deck."
"cmo1u7pxn1tou5ueel9clvh2m","亞克諾姆","0482","attack","H","增加對手的所有寶可夢身上放置的傷害指示物的數量×10點傷害。","相手のポケモン全員にのっているダメカンの数×10ダメージ追加。","This attack does 10 more damage for each damage counter on all of your opponent’s Pokémon."
"cmo1u6y260hxa5uee9h0kizd4","皮卡丘","0025","attack","E","從自己的棄牌區選擇1張【雷】能量卡，附於這隻寶可夢身上。","自分のトラッシュからエネルギーを1枚選び、このポケモンにつける。","Attach a {L} Energy card from your discard pile to this Pokémon."
"cmo1u7o7w1qqn5ueev5o7qzgs","貓頭夜鷹","0164","ability","H","在自己的回合，從手牌使出這張卡並完成進化時，若自己的場上有「太晶」寶可夢，則可使用1次。從自己的牌庫選擇最多2張訓練家卡，在給對手看過後加入手牌。並且重洗牌庫。","自分の番に、このカードを手札から出して進化させたとき、自分の場に「テラスタル」のポケモンがいるなら、1回使える。自分の山札からトレーナーズを2枚まで選び、相手に見せて、手札に加える。そして山札を切る。","Once during your turn, when you play this Pokémon from your hand to evolve 1 of your Pokémon, if you have any Tera Pokémon in play, you may search your deck for up to 2 Trainer cards, reveal them, and put them into your hand. Then, shuffle your deck."
"cmo1u7w6g24cj5uee5e4vkwfk","皮卡丘","0025","attack","G","在下個對手的回合，受到這個招式的寶可夢使用招式的傷害「-20」點。","次の相手の番、このワザを受けたポケモンが使うワザのダメージは「-20」される。",""
"cmobmw3uy1ps42pc7si7nrdo8","毒骷蛙","0454","attack","I","這隻寶可夢也受到20點傷害。","このポケモンにも20ダメージ。","This Pokémon also does 20 damage to itself."
"cmo1u7woz258s5uee2ruwxjt6","棄世猴","0979","ability","I","若這隻寶可夢身上放置有2個以上的傷害指示物，則這隻寶可夢使用的招式，對對手的戰鬥寶可夢造成的傷害「+120」點。","このポケモンにダメカンが2個以上のっているなら、このポケモンが使うワザの、相手のバトルポケモンへのダメージは「+120」される。","If this Pokémon has 2 or more damage counters on it, attacks used by this Pokémon do 120 more damage to your opponent’s Active Pokémon (before applying Weakness and Resistance)."
"cmo1u6y9k0ia85ueen3t2p7jz","多邊獸Ⅱ","0233","attack","E","擲3次硬幣，造成正面出現的次數×30點傷害。","コインを3回投げ、オモテの数×30ダメージ。",""
"cmo1u6y9r0iak5ueea8d3obot","多麗米亞","0676","attack","E","從自己的牌庫選擇1張寶可夢卡，在給對手看過後加入手牌。並且重洗牌庫。 | 在下個對手的回合，這隻寶可夢受到招式的傷害「-20」點。","自分の山札からポケモンを1枚選び、相手に見せて、手札に加える。そして山札を切る。 | 次の相手の番、このポケモンが受けるワザのダメージは「-20」される。",""
"cmo1u7brw15j65uee599lu68c","下石鳥","0962","attack","I","從自己的牌庫選擇最多3張「寶可夢道具」卡，在給對手看過後加入手牌。並且重洗牌庫。 | 在下個對手的回合，受到這個招式的寶可夢無法撤退。","自分の山札から「ポケモンのどうぐ」を3枚まで選び、相手に見せて、手札に加える。そして山札を切る。 | 次の相手の番、このワザを受けたポケモンは、にげられない。","During your opponent’s next turn, the Defending Pokémon can’t retreat."
"cmo1u7q6y1u4t5ueeoxx4dccw","<瑪俐的>酷豹","0510","attack","I","若對手的戰鬥寶可夢為「寶可夢【ex】」，則增加70點傷害。","相手のバトルポケモンが「ポケモンex」なら、70ダメージ追加。","If your opponent’s Active Pokémon is a Pokémon {ex}, this attack does 70 more damage."
"cmo1u7q1f1tvb5ueeuvu4zk5g","雷吉洛克ex","0377","attack","I","從自己的棄牌區選擇最多2張「基本【鬥】能量」卡，附於這隻寶可夢身上。 | 若對手的戰鬥寶可夢為【2階進化】寶可夢，則增加140點傷害。","自分のトラッシュから「基本エネルギー」を2枚まで選び、このポケモンにつける。 | 相手のバトルポケモンが2進化ポケモンなら、140ダメージ追加。","Attach up to 2 Basic {F} Energy cards from your discard pile to this Pokémon. | If your opponent’s Active Pokémon is a Stage 2 Pokémon, this attack does 140 more damage."
"cmo1u7qe21ugv5ueehsfcnm6u","卡比獸","0143","attack","H","從自己的手牌選擇1張能量卡，附於這隻寶可夢身上。然後，將這隻寶可夢恢復「60」HP。","自分の手札からエネルギーを1枚選び、このポケモンにつける。その後、このポケモンのHPを「60」回復する。",""
"cmo1u6yc70iet5ueeqxwuu56m","卡璞・鰭鰭","0788","attack","E","若希望，將這隻寶可夢與備戰寶可夢互換。 | 選擇1個這隻寶可夢身上附加的能量，放回手牌。","のぞむなら、このポケモンをベンチポケモンと入れ替える。 | このポケモンについているエネルギーを1個選び、手札にもどす。","You may switch this Pokémon with 1 of your Benched Pokémon. | Put an Energy attached to this Pokémon into your hand."
"cmo1u7qew1uib5uee55avbixz","大王燕","0277","attack","I","從自己的牌庫抽出3張卡。","自分の山札を3枚引く。","Draw 3 cards."
"cmo1u8jw239ld5ueenj2ym4aj","美納斯","0350","ability","D","在自己的回合時，可使用1次。將自己的所有寶可夢各恢復「20」HP。","","Once during your turn, you may heal 20 damage from each of your Pokémon."
"cmo1u7q5b1u205uee0gpejujc","<火箭隊的>尼多后","0031","attack","I","若自己的備戰區有名稱中有「尼多王」的寶可夢，則增加120點傷害。","自分のベンチに、名前に「ニドキング」とつくポケモンがいるなら、120ダメージ追加。","If a Pokémon that has ""Nidoking"" in its name is on your Bench, this attack does 120 more damage."
"cmo1u7qh41um45uee2qnfg3hx","嗡蝠","0714","attack","I","從自己的牌庫抽出1張卡。","自分の山札を1枚引く。","Draw a card."
"cmo1u8jqw39dv5uee2raouolb","大尾立","0162","attack","D","從自己的牌庫抽出3張卡。 | 擲1次硬幣若為反面，則這個招式失敗。","","Draw 3 cards. | Flip a coin. If tails, this attack does nothing."
"cmo1u6yjr0irv5uee5pnvrqtm","其他鋁鋼龍VMAX","0884","ability","E","這隻寶可夢不會受到對手的身上附有特殊能量的寶可夢招式的傷害。","このポケモンは、特殊エネルギーがついている相手のポケモンから、ワザのダメージを受けない。",""
"cmo1u6ymj0iwo5ueeyt50ay7n","九尾","0038","ability","E","只要這隻寶可夢在場上，自己的所有身上附有【火】能量的寶可夢【撤退】所需的能量減少2個。","このポケモンがいるかぎり、エネルギーがついている自分のポケモン全員のにげるためのエネルギーは、2個ぶん少なくなる。","The Retreat Cost of each of your Pokémon that has any {R} Energy attached is {C}{C} less."
"cmo1u7nzw1qd05ueehqkhe7sk","<火箭隊的>操陷蛛","0918","ability","I","在自己的回合時可使用1次。從自己的棄牌區選擇1張基本能量卡，附於這隻寶可夢身上。","自分の番に1回使える。自分のトラッシュから基本エネルギーを1枚選び、このポケモンにつける。","Once during your turn, you may attach a Basic Energy card from your discard pile to this Pokémon."
"cmo1u7wy825of5ueee4e9em8e","岩殿居蟹","0558","ability","I","這隻寶可夢的HP是全滿的狀態下，這隻寶可夢受到招式的傷害而【昏厥】時，這隻寶可夢不會【昏厥】，而是以剩餘HP為「10」的狀態留在場上。","このポケモンのHPがまんたんの状態で、このポケモンがワザのダメージを受けてきぜつするとき、きぜつせず、残りHPが「10」の状態で場に残る。","If this Pokémon has full HP and would be Knocked Out by damage from an attack, it is not Knocked Out, and its remaining HP becomes 10."
"cmo1u6yqz0j4e5ueeehznoau1","敏捷蟲","0617","attack","E","在這個回合，若從備戰區將這隻寶可夢放置於戰鬥場，則這個招式只需要1個【草】能量即可使用。","この番、このポケモンがベンチからバトル場に出ていたなら、このワザはエネルギー1個で使える。",""
"cmo1u7wz125pv5ueetfn74p1c","勾帕路翁","0638","attack","I","選擇1個對手的戰鬥寶可夢身上附加的特殊能量，將其丟棄。 | 若這隻寶可夢身上附有「寶可夢道具」卡，則增加40點傷害。","相手のバトルポケモンについている特殊エネルギーを1個選び、トラッシュする。 | このポケモンに「ポケモンのどうぐ」がついているなら、40ダメージ追加。","Discard a Special Energy from your opponent’s Active Pokémon. | If this Pokémon has a Pokémon Tool attached, this attack does 40 more damage."
"cmo1u7wwm25ln5uee3ki6f18l","幾何雪花","0615","attack","I","選擇1隻對手的備戰寶可夢，與戰鬥寶可夢互換。然後，新上場的寶可夢受到20點傷害。","相手のベンチポケモンを1匹選び、バトルポケモンと入れ替える。その後、新しく出てきたポケモンに20ダメージ。","Switch in 1 of your opponent’s Benched Pokémon to the Active Spot. This attack does 20 damage to the new Active Pokémon."
"cmobmwafb20a72pc72ntib3py","科斯莫古","0789","attack","E","擲1次硬幣若為正面，則在下個對手的回合，這隻寶可夢不會受到招式的傷害。","コインを1回投げオモテなら、次の相手の番、このポケモンはワザのダメージを受けない。",""
"cmobmw9ni1z272pc7a5bwmnoz","蒼響V","0888","ability","E","在自己的回合時可使用1次，若使用，則自己的回合結束。從自己的牌庫選擇1張【超】能量卡，附於自己的寶可夢身上。並且重洗牌庫。","自分の番に1回使えて、使ったなら、自分の番は終わる。自分の山札からエネルギーを1枚選び、自分のポケモンにつける。そして山札を切る。",""
"cmobmwah020cw2pc7x806bz1m","音箱蟀V","0402","ability","E","在自己的回合時，可使用1次。從牌庫抽卡直到自己的手牌滿3張為止。若這隻寶可夢在戰鬥場上，則抽卡直到滿4張為止。在這個回合，若已經使出了其他的「激動舞台」，則這個特性無法使用。","自分の番に1回使える。自分の手札が3枚になるように、山札を引く。このポケモンがバトル場にいるなら、4枚になるように引く。この番、すでに別の「エキサイトステージ」を使っていたなら、この特性は使えない。",""
"cmobmwai620es2pc7tziimj5b","飄浮泡泡 太陽的樣子","0351","ability","E","若自己的棄牌區有8張以上的「競技場」卡，則這隻寶可夢使用招式所需的能量全部消除。","自分のトラッシュに「スタジアム」が8枚以上あるなら、このポケモンがワザを使うためのエネルギーは、すべてなくなる。","If you have 8 or more Stadium cards in your discard pile, ignore all Energy in this Pokémon’s attack costs."
"cmo1u7q2n1txf5uee66slunev","始祖大鳥","0567","ability","I","若這隻寶可夢在戰鬥場上，則在自己的回合時可使用1次。選擇1隻對手的進化寶可夢，移除1張「進化卡」使其退化。將移除的卡放回對手的手牌。","このポケモンがバトル場にいるなら、自分の番に1回使える。相手の進化しているポケモンを1匹選び、「進化カード」を1枚はがして退化させる。はがしたカードは、相手の手札にもどす。","Once during your turn, if this Pokémon is in the Active Spot, you may devolve 1 of your opponent’s evolved Pokémon by putting the highest Stage Evolution card on it into your opponent’s hand."
"cmo1u6wux0fwd5uee8rxb71ec","怪力","0068","attack","D","造成自己的棄牌區的【鬥】寶可夢的張數×20點傷害。 | 這隻寶可夢也受到50點傷害。","自分のトラッシュにあるポケモンの枚数×20ダメージ。 | このポケモンにも50ダメージ。",""
"cmo1u8j9s38ma5uee7kfye2f8","獨角蟲","0013","attack","D","從自己的牌庫選擇最多2張【草】寶可夢卡，在給對手看過後加入手牌。並且重洗牌庫。","",""
"cmo1u8ja138mq5ueexdv881t1","大針蜂","0015","attack","D","將對手的戰鬥寶可夢【中毒】。","相手のバトルポケモンをどくにする。",""
"cmo1u7nby1p7l5ueevyf6wvyu","謝米","0492","ability","I","只要這隻寶可夢在場上，自己的所有備戰寶可夢（「擁有規則的寶可夢」除外）不會受到對手的招式的傷害。","このポケモンがいるかぎり、自分のベンチポケモン（「ルールを持つポケモン」をのぞく）全員は、相手のワザのダメージを受けない。","Prevent all damage done to your Benched Pokémon that don’t have a Rule Box by attacks from your opponent’s Pokémon. (Pokémon {ex}, Pokémon {V}, etc. have Rule Boxes.)"
"cmo1u7ppw1tbk5ueeg7q0rp5i","鴨寶寶","0580","attack","I","選擇1個對手的戰鬥寶可夢身上附加的【火】能量，將其丟棄。","相手のバトルポケモンについているエネルギーを1個選び、トラッシュする。","Discard a {R} Energy from your opponent’s Active Pokémon."
"cmo1u8jbi38ov5uee7laenna3","破破舵輪","0781","attack","D","若這隻寶可夢身上附有特殊能量，則增加60點傷害。","","If this Pokémon has any Special Energy attached, this attack does 60 more damage."
"cmo1u7o621qni5ueelwiggab6","超級頭巾混混ex","0560","ability","I","這隻寶可夢在戰鬥場受到對手的寶可夢招式的傷害時，在使用招式的寶可夢身上放置5個傷害指示物。","このポケモンが、バトル場で相手のポケモンからワザのダメージを受けたとき、ワザを使ったポケモンにダメカンを5個のせる。","If this Pokémon is in the Active Spot and is damaged by an attack from your opponent’s Pokémon (even if this Pokémon is Knocked Out), place 5 damage counters on the Attacking Pokémon."
"cmo1u7xcx26eg5ueeiije45bb","心蝙蝠","0528","attack","I","選擇1隻自己的備戰寶可夢，將那隻寶可夢與附加的卡，全部放回手牌。","自分のベンチポケモンを1匹選び、そのポケモンと、ついているすべてのカードを、手札にもどす。","Put 1 of your Benched Pokémon and all attached cards into your hand."
"cmo1u7o391qip5ueeqqxxm6gv","夢妖","0200","attack","I","從自己的牌庫選擇1張從這隻寶可夢進化而來的卡，放置於這隻寶可夢身上完成進化。並且重洗牌庫。","このポケモンから進化するカードを、自分の山札から1枚選び、このポケモンにのせて進化させる。そして山札を切る。",""
"cmo1u7py81tpu5uee0xcez8ur","哥德小姐","0576","ability","I","若這隻寶可夢在戰鬥場上，則在自己的回合時可使用1次。對手將對手自己的手牌全部放回牌庫並重洗。然後，對手從牌庫抽出3張卡。","このポケモンがバトル場にいるなら、自分の番に1回使える。相手は相手自身の手札をすべて山札にもどして切る。その後、相手は山札を3枚引く。","Once during your turn, if this Pokémon is in the Active Spot, you may have your opponent shuffle their hand into their deck and draw 3 cards."
"cmo1u8jce38q75ueehhhr9ou4","巨牙鯊","0319","attack","D","對手的1隻備戰寶可夢也受到20點傷害。[在備戰區不計算弱點・抵抗力。]","","This attack also does 20 damage to 1 of your opponent’s Benched Pokémon. (Don’t apply Weakness and Resistance for Benched Pokémon.)"
"cmobmw70s1utp2pc75ww8tj9c","青木的土龍弟弟","0206","attack","J","擲1次硬幣若為正面，則增加20點傷害。","コインを1回投げオモテなら、20ダメージ追加。","Flip a coin. If heads, this attack does 20 more damage."
"cmo1u6wuz0fwh5ueee1233nf1","戰舞郎","0237","attack","D","將自己的1張手牌丟棄。然後，從自己的牌庫抽出3張卡。 | 在這個回合，若從手牌使出了「彩豆」，則增加80點傷害。","自分の手札を1枚トラッシュする。その後、自分の山札を3枚引く。 | この番、手札から「サイトウ」を出して使っていたなら、80ダメージ追加。","Discard a card from your hand. If you do, draw 3 cards. | If you played Bea from your hand during this turn, this attack does 80 more damage."
"cmo1u8jcy38r75ueeporfhk3y","弱丁魚","0746","attack","D","將自己的手牌全部放回牌庫並重洗。然後，從牌庫抽出8張卡。","","Shuffle your hand into your deck. Then, draw 8 cards."
"cmo1u8jda38rr5ueel781j9u3","好壞星","0747","attack","D","將這隻寶可夢恢復「30」HP。 | 將對手的戰鬥寶可夢【中毒】。","","Heal 30 damage from this Pokémon. | Your opponent’s Active Pokémon is now Poisoned."
"cmo1u6wwg0fz15ueew5qwqj1a","其他堅盾劍怪VMAX","0681","attack","D","增加自己已經獲得的獎賞卡的張數×30點傷害。 | 寶可夢【VMAX】【氣絕】時，對手獲得3張獎賞卡。","自分がすでにとったサイドの枚数×30ダメージ追加。",""
"cmo1u8je738t85ueekec07gyk","月石","0337","attack","D","查看自己或者對手的牌庫上方4張，以任意順序排列，放回牌庫上方。 | 增加對手的戰鬥寶可夢身上附加的能量的數量×20點傷害。","自分または相手の山札を上から4枚見て、好きな順番に入れ替えて、山札の上にもどす。 | 相手のバトルポケモンについているエネルギーの数×20ダメージ追加。","Look at the top 4 cards of either player’s deck and put them back in any order. | This attack does 20 more damage for each Energy attached to your opponent’s Active Pokémon."
"cmo1u8je938tc5uee11rs3vsw","詛咒娃娃","0354","ability","D","在自己的回合，當從手牌使出這張卡並完成進化時，可使用1次。選擇對手的1隻進化的備戰寶可夢，移除1張「進化卡」使其退化。將移除的卡放回對手的手牌。","","When you play this Pokémon from your hand to evolve 1 of your Pokémon during your turn, you may devolve 1 of your opponent’s Benched evolved Pokémon by putting the highest Stage Evolution card on it into your opponent’s hand."
"cmobmwa9t20142pc7ct0gua9k","禿鷹丫頭","0629","attack","E","選擇1個這隻寶可夢身上附加的能量，將其丟棄。","このポケモンについているエネルギーを1個選び、トラッシュする。","Discard an Energy from this Pokémon."
"cmo1u8jed38tg5ueegxfxm21w","哥德小童","0575","attack","D","在不看正面的情況下，從對手的手牌選擇1張，在看過那張卡正面後放回對手的牌庫並重洗。 | 擲2次硬幣，造成正面出現的次數×30點傷害。","","Choose a random card from your opponent’s hand. Your opponent reveals that card and shuffles it into their deck. | Flip 2 coins. This attack does 30 damage for each heads."
"cmo1u8i5b36pm5ueew7s8wnmf","來悲茶","0854","attack","D","在對手的戰鬥寶可夢身上放置2個傷害指示物。","",""
"cmo1u80ub2cej5uee2f3vdhvw","斑斑馬","0522","attack","G","這隻寶可夢也受到20點傷害。","このポケモンにも20ダメージ。","This Pokémon also does 20 damage to itself."
"cmo1u7ow41rwe5ueep3ookfyb","勒克貓","0404","ability","J","若對手的戰鬥寶可夢為「寶可夢【ex】」，則這隻寶可夢就算在自己的最初回合或者剛使出的回合，也可進化。","相手のバトルポケモンが「ポケモンex」なら、このポケモンは、最初の自分の番や、出したばかりの番でも進化できる。","If your opponent’s Active Pokémon is a Pokémon {ex}, this Pokémon can evolve during your first turn or the turn you play it."
"cmo1u7o7u1qqj5ueeajq0wkua","咕咕","0163","attack","H","擲3次硬幣，造成正面出現的次數×10點傷害。","コインを3回投げ、オモテの数×10ダメージ。","Flip 3 coins. This attack does 10 damage for each heads."
"cmo1u6w5m0eo15ueezmln2laj","皮皮","0035","attack","D","將對手的戰鬥寶可夢【睡眠】。","相手のバトルポケモンをねむりにする。","Your opponent’s Active Pokémon is now Asleep."
"cmo1u7y7327up5uee5o98rqkl","密勒頓ex","1008","ability","G","在自己的回合時可使用1次。從自己的牌庫選擇最多2張【雷】屬性的【基礎】寶可夢卡，放置於備戰區。並且重洗牌庫。","自分の番に1回使える。自分の山札からタイプのたねポケモンを2枚まで選び、ベンチに出す。そして山札を切る。","Once during your turn, you may search your deck for up to 2 Basic {L} Pokémon and put them onto your Bench. Then, shuffle your deck."
"cmo1u8jgl38x85ueen55qjne0","扒手貓","0509","attack","D","擲1次硬幣若為正面，則將對手的戰鬥寶可夢【麻痺】。","","Flip a coin. If heads, your opponent’s Active Pokémon is now Paralyzed."
"cmo1u7q5s1u2s5ueepl9hzs3g","鬼斯","0092","attack","H","擲1次硬幣若為正面，則選擇1個對手的戰鬥寶可夢身上附加的能量，將其丟棄。","コインを1回投げオモテなら、相手のバトルポケモンについているエネルギーを1個選び、トラッシュする。",""
"cmo1u6xk60h3t5uee3txe3t7u","裙兒小姐","0549","attack","E","擲1次硬幣若為正面，則將對手的戰鬥寶可夢【睡眠】。若為反面，則將對手的戰鬥寶可夢【混亂】。","コインを1回投げオモテなら、相手のバトルポケモンをねむりにする。ウラなら、相手のバトルポケモンをこんらんにする。",""
"cmo1u7wyo25p75ueezylg4p5z","流氓鱷","0553","attack","I","對手選擇2張對手自己的手牌，將其丟棄。 | 若對手的手牌為3張以下，則增加120點傷害。","相手は相手自身の手札を2枚選び、トラッシュする。 | 相手の手札が3枚以下なら、120ダメージ追加。","Your opponent discards 2 cards from their hand. | If your opponent has 3 or fewer cards in their hand, this attack does 120 more damage."
"cmo1u8jgy38xw5ueen48clyfj","偷兒狐","0827","attack","D","擲1次硬幣若為正面，則在下個對手的回合，受到這個招式的寶可夢無法使用招式。","",""
"cmo1u7o7l1qq35ueen1i147d8","多龍奇","0886","ability","H","在自己的回合時可使用1次。查看自己的牌庫上方2張卡，選擇其中1張，加入手牌。將剩餘卡放回牌庫下方。","自分の番に1回使える。自分の山札を上から2枚見て、どちらか1枚を選び、手札に加える。残りのカードは、山札の下にもどす。","Once during your turn, you may look at the top 2 cards of your deck and put 1 of them into your hand. Put the other card on the bottom of your deck."
"cmo1u6xn90h925ueeoe1mccvv","謝米","0492","attack","E","若希望，從牌庫抽卡直到自己的手牌滿6張為止。 | 將這隻寶可夢與附加的卡，全部放回手牌。","のぞむなら、自分の手札が6枚になるように、山札を引く。 | このポケモンと、ついているすべてのカードを、手札にもどす。",""
"cmo1u7xdi26fg5ueedsp01bjq","石丸子","0524","attack","I","在下個對手的回合，這隻寶可夢不會受到「40」以下的招式的傷害。","次の相手の番、このポケモンは「40」以下のワザのダメージを受けない。","During your opponent’s next turn, prevent all damage done to this Pokémon by attacks if that damage is 40 or less."
"cmo1u8jhv38zh5ueedvg5h68b","土龍弟弟","0206","ability","D","當這隻寶可夢受到對手的寶可夢招式的傷害而【氣絕】時，將對手的牌庫上方2張卡丟棄。","","If this Pokémon is Knocked Out by damage from an attack from your opponent’s Pokémon, discard the top 2 cards of your opponent’s deck."
"cmo1u8jht38zd5uee2p843qj2","稚山雀","0821","attack","D","在造成傷害前，將對手的戰鬥寶可夢身上附加的「寶可夢道具」丟棄。","",""
"cmo1u8jhx38zl5ueecriowb2a","藍鴉","0822","attack","D","擲3次硬幣，造成正面出現的次數×40點傷害。","","Flip 3 coins. This attack does 40 damage for each heads."
"cmo1u8jbk38oz5uee8lnaalwk","甜竹竹","0761","attack","D","從自己的牌庫選擇1張【草】能量卡，附於自己的寶可夢身上。並且重洗牌庫。","","Search your deck for a {G} Energy card and attach it to 1 of your Pokémon. Then, shuffle your deck."
"cmo1u6wtw0ful5ueeqmou2kx5","夜巡靈","0355","attack","D","查看自己或者對手的牌庫上方4張卡，以任意順序排列，放回牌庫上方。","自分または相手の山札を上から4枚見て、好きな順番に入れ替えて、山札の上にもどす。",""
"cmo1u6xz60hsd5uee6df8himi","爆炸頭水牛","0626","attack","E","這隻寶可夢使用的招式，對對手的【草】寶可夢造成的傷害「+60」點。 | 這隻寶可夢也受到30點傷害。","このポケモンにも30ダメージ。","This Pokémon also does 30 damage to itself."
"cmp2dg0mp2t5d116clgpii1cx","長毛巨魔","","attack","H","將對手的戰鬥寶可夢與備戰寶可夢互換（由對手選擇放置於戰鬥場的寶可夢）。然後，新上場的寶可夢受到160點傷害。 | 選擇2個這隻寶可夢身上附加的能量，將其丟棄。","相手のバトルポケモンをベンチポケモンと入れ替える（バトル場に出すポケモンは相手が選ぶ）。その後、新しく出てきたポケモンに160ダメージ。 | このポケモンについているエネルギーを2個選び、トラッシュする。","Discard 2 Energy from this Pokémon."
"cmo1u6wx50g065ueechoqlcqk","吼爆彈","0294","attack","D","造成自己的場上的，持有「輪唱」招式的寶可夢的數量×20點傷害。","自分の場の、ワザ「りんしょう」を持つポケモンの数×20ダメージ。","This attack does 20 damage for each of your Pokémon in play that has the Round attack."
"cmo1u7prd1te05ueelaxqhr2u","輕身鱈","0976","ability","H","這隻寶可夢使用招式所需的【無】能量，減少自己的棄牌區的「海岱」的張數。","自分のトラッシュにある「ハイダイ」の枚数ぶん、このポケモンがワザを使うためのエネルギーは少なくなる。","Attacks used by this Pokémon cost {C} less for each Kofu card in your discard pile."
"cmo1u8jcp38qr5ueelnahgrll","雙倍多多冰","0584","ability","D","若這隻寶可夢在戰鬥場上，則在自己的回合時可使用1次。擲1次硬幣若為正面，則將對手的戰鬥寶可夢【麻痺】。","","Once during your turn, if this Pokémon is in the Active Spot, you may flip a coin. If heads, your opponent’s Active Pokémon is now Paralyzed."
"cmo1u82hm2f4w5ueedzlgifms","噬沙堡爺ex","0770","attack","H","在下個對手的回合，受到這個招式的寶可夢無法撤退。 | 在對手的所有備戰寶可夢身上放置傷害指示物直到各自的剩餘HP變為「100」為止。","次の相手の番、このワザを受けたポケモンは、にげられない。 | 相手のベンチポケモン全員に、それぞれ残りHPが「100」になるように、ダメカンをのせる。","During your opponent’s next turn, the Defending Pokémon can’t retreat."
"cmo1u7xe026gc5ueem85l7heh","代拉基翁","0639","attack","I","在上個對手的回合，若自己的寶可夢因招式的傷害而【昏厥】了，則增加80點傷害。","前の相手の番に、ワザのダメージで、自分のポケモンがきぜつしていたなら、80ダメージ追加。","If any of your Pokémon were Knocked Out by damage from an attack during your opponent’s last turn, this attack does 80 more damage."
"cmo1u8jje39255uees5upi8rj","六尾","0037","attack","D","將對手的戰鬥寶可夢【灼傷】。","","Your opponent’s Active Pokémon is now Burned."
"cmo1u7pld1t3u5uee1eawgbpf","火炎獅","0668","attack","H","在下個自己的回合，這隻寶可夢無法使用招式。","次の自分の番、このポケモンはワザが使えない。","During your next turn, this Pokémon can’t attack."
"cmo1u8jdk38s75ueew4kfyi3n","皮可西","0036","ability","D","在自己的回合時，可使用1次。將自己的身上附有【超】能量的戰鬥寶可夢恢復「20」HP，並將1個特殊狀態恢復。","","Once during your turn, if your Active Pokémon has any {P} Energy attached, you may heal 20 damage from it, and it recovers from a Special Condition."
"cmo1u8jjl392h5uee8mmvjhb4","火焰雞","0257","ability","D","只要這隻寶可夢在場上，改為【火】與【鬥】2種屬性。","","As long as this Pokémon is in play, it is {R} and {F} type."
"cmo1u8jjr392p5uee3pz23ki6","比克提尼","0494","attack","D","從自己的牌庫抽出1張卡。","","Draw a card."
"cmo1u6y0r0huu5uee26onbrv4","其他葉伊布VMAX","0470","attack","E","造成對手的戰鬥寶可夢【撤退】所需的能量的數量×60點傷害。 | 將這隻寶可夢恢復「30」HP。 | 寶可夢【VMAX】【氣絕】時，對手獲得3張獎賞卡。","相手のバトルポケモンのにげるためのエネルギーの数×60ダメージ。 | このポケモンのHPを「30」回復する。",""
"cmo1u6y1h0hw25uee43fvurbx","瑪力露","0183","attack","E","對手的1隻備戰寶可夢受到20點傷害。[在備戰區不計算弱點・抵抗力。] | 造成自己的備戰區的，持有「一同滾動」招式的寶可夢的數量×20點傷害。","相手のベンチポケモン1匹に、20ダメージ。［ベンチは弱点・抵抗力を計算しない。］ | 自分のベンチの、ワザ「みんなでころがる」を持つポケモンの数×20ダメージ。",""
"cmo1u8jk9393l5ueelqkz9g3i","火箭雀","0662","attack","D","將對手的戰鬥寶可夢【灼傷】。","",""
"cmo1u6y8x0i945ueeyoyo7xg8","鬃岩狼人","0745","attack","E","這張卡只可附於「連擊」寶可夢身上，若附於「連擊」寶可夢以外的寶可夢身上，則將其丟棄。  這張卡只要附於寶可夢身上，視為提供1個所有屬性的能量，附有這張卡的寶可夢不會【麻痺】，受到的【麻痺】會恢復。","自分のトラッシュにある「いちげき」のポケモンの枚数×10ダメージ追加。",""
"cmo1u7pyd1tq25ueejbykhnlk","大宇怪","0606","attack","H","造成自己的場上寶可夢的數量×20點傷害。","自分の場のポケモンの数×20ダメージ。",""
"cmo1u6xxl0hph5ueeorcxaso6","天罩蟲","0825","attack","E","查看自己的牌庫上方4張卡，以任意順序排列，放回牌庫上方。","自分の山札を上から4枚見て、好きな順番に入れ替えて、山札の上にもどす。","Look at the top 4 cards of your deck and put them back in any order."
"cmo1u7q4l1u0s5ueezz08hd5s","爬地翅","0988","attack","H","若對手的場上有「未來」寶可夢，則增加120點傷害。 | 選擇2個這隻寶可夢身上附加的能量，將其丟棄。","相手の場に「未来」のポケモンがいるなら、120ダメージ追加。 | このポケモンについているエネルギーを2個選び、トラッシュする。","If your opponent has any Future Pokémon in play, this attack does 120 more damage. | Discard 2 Energy from this Pokémon."
"cmo1u6y280hxe5ueemnz9ulem","雷丘","0026","attack","E","雙方的場上的所有「寶可夢【V】・【GX】」各受到50點傷害。[在備戰區不計算弱點・抵抗力。] | 將這隻寶可夢身上附加的能量全部丟棄。","おたがいの場の「ポケモンV・GX」全員に、それぞれ50ダメージ。［ベンチは弱点・抵抗力を計算しない。］ | このポケモンについているエネルギーを、すべてトラッシュする。",""
"cmo1u6ycv0ifx5uee0530zrtx","鬼斯","0092","attack","E","擲1次硬幣若為正面，則將對手的戰鬥寶可夢【睡眠】。","コインを1回投げオモテなら、相手のバトルポケモンをねむりにする。",""
"cmo1u6y2m0hy25ueeuvymkuxw","花蓓蓓","0669","attack","E","將對手的戰鬥寶可夢【睡眠】。","相手のバトルポケモンをねむりにする。","Your opponent’s Active Pokémon is now Asleep."
"cmo1u8jly39665ueeytybmjwa","捷拉奧拉","0807","attack","D","若對手的戰鬥寶可夢為「寶可夢【V】・【GX】」，則增加80點傷害。","",""
"cmo1u6y3m0hzu5uees0h2y1l3","流氓熊貓","0675","attack","E","將對手的牌庫上方1張卡丟棄。 | 在不看正面的情況下，選擇1張對手的手牌，將其丟棄。","相手の山札を上から1枚トラッシュする。 | 相手の手札からオモテを見ないで1枚選び、トラッシュする。",""
"cmo1u6ygs0imr5uee9xricol2","冷水猴","0515","attack","E","查看對手的手牌。","相手の手札を見る。",""
"cmo1u6yjt0irz5ueegol2aypt","音波龍V","0715","attack","E","對手的所有寶可夢各受到20點傷害。[在備戰區不計算弱點・抵抗力。] | 若自己的手牌的張數與對手的手牌的張數相同，則增加120點傷害。 | 寶可夢【V】【氣絕】時，對手獲得2張獎賞卡。","相手のポケモン全員に、それぞれ20ダメージ。［ベンチは弱点・抵抗力を計算しない。］ | 自分の手札と相手の手札が同じ枚数なら、120ダメージ追加。",""
"cmo1u6vaq0d5z5uee7y41nt6k","青綿鳥","0333","attack","E","擲1次硬幣若為反面，則這個招式失敗。","コインを1回投げウラなら、このワザは失敗。",""
"cmo1u8i4k36oa5ueebifbr4ml","雷鳥龍","0880","attack","D","在下個自己的回合，這隻寶可夢「衝天電流」的傷害「+90」點。 | 在下個自己的回合，這隻寶可夢無法使用招式。","","During your next turn, this Pokémon’s Amping Up attack does 90 more damage (before applying Weakness and Resistance). | During your next turn, this Pokémon can’t attack."
"cmo1u6ynr0iyt5ueeqrnb0c5b","顫弦蠑螈","0849","attack","E","若希望，將對手的戰鬥寶可夢【麻痺】。這個情況下，這隻寶可夢也受到70點傷害。","のぞむなら、相手のバトルポケモンをマヒにする。その場合、このポケモンにも70ダメージ。","You may choose to make your opponent’s Active Pokémon Paralyzed. If you do, this Pokémon also does 70 damage to itself."
"cmo1u8i4i36o65ueet93e0wd0","雷鳥海獸","0881","ability","D","只要這隻寶可夢在場上，每次對手從手牌將能量附於寶可夢身上，在那隻寶可夢身上放置2個傷害指示物。","","Whenever your opponent attaches an Energy card from their hand to 1 of their Pokémon, put 2 damage counters on that Pokémon."
"cmo1u8jmo397a5ueejuy0bqo4","三地鼠","0051","attack","D","擲1次硬幣若為正面，則在下個對手的回合，這隻寶可夢不會受到招式的傷害與效果的影響。","","Flip a coin. If heads, during your opponent’s next turn, prevent all damage from and effects of attacks done to this Pokémon."
"cmo1u6yol0j095uee1bjx5riv","甲殼龍","0372","attack","E","擲1次硬幣若為正面，則在下個對手的回合，這隻寶可夢不會受到招式的傷害與效果的影響。","コインを1回投げオモテなら、次の相手の番、このポケモンはワザのダメージや効果を受けない。",""
"cmo1u6yr80j4u5ueemu47p7gf","風速狗","0059","attack","E","這隻寶可夢也受到30點傷害。","このポケモンにも30ダメージ。","This Pokémon also does 30 damage to itself."
"cmo1u8i5v36qi5ueefcvsbimd","愛管侍V","0876","ability","D","在自己的回合時，可使用1次。將自己的戰鬥寶可夢恢復「20」HP。","",""
"cmo1u6tex09vm5ueerlhzmtun","毒電嬰","0848","attack","E","在下個對手的回合，受到這個招式的寶可夢使用招式的傷害「-30」點。","次の相手の番、このワザを受けたポケモンが使うワザのダメージは「-30」される。",""
"cmo1u8jnb398a5uee9vswf89p","超音波幼蟲","0329","attack","D","對手的所有備戰寶可夢也各受到10點傷害。[在備戰區不計算弱點・抵抗力。]","",""
"cmo1u8jn0397u5ueedq2slqwv","雷吉洛克","0377","attack","D","這個招式的傷害不計算抵抗力。 | 這隻寶可夢也受到30點傷害。","","This attack’s damage isn’t affected by Resistance. | This Pokémon also does 30 damage to itself."
"cmobmwa8v1zzj2pc738c748ew","多龍奇","0886","attack","E","將這隻寶可夢與備戰寶可夢互換。","このポケモンをベンチポケモンと入れ替える。","Switch this Pokémon with 1 of your Benched Pokémon."
"cmobmwa9920072pc762c24g9z","大鋼蛇","0208","attack","E","造成這隻寶可夢身上放置的傷害指示物的數量×20點傷害。 | 自己的所有備戰寶可夢也各受到30點傷害。[在備戰區不計算弱點・抵抗力。]","このポケモンにのっているダメカンの数×20ダメージ。 | 自分のベンチポケモン全員にも、それぞれ30ダメージ。［ベンチは弱点・抵抗力を計算しない。］","This attack does 20 damage for each damage counter on this Pokémon. | This attack also does 30 damage to each of your Benched Pokémon. (Don’t apply Weakness and Resistance for Benched Pokémon.)"
"cmo1u8jnl398q5uee2i7x7028","沙河馬","0449","attack","D","擲2次硬幣，增加正面出現的次數×30點傷害。","","Flip 2 coins. This attack does 30 more damage for each heads."
"cmo1u7xct26e85ueesjbp0q7c","泥巴魚","0618","attack","I","若這隻寶可夢身上附有【鬥】能量卡，則增加20點傷害。","このポケモンにエネルギーがついているなら、20ダメージ追加。","If this Pokémon has any {F} Energy attached, this attack does 20 more damage."
"cmo1u8jns39925ueernr872n7","基格爾德","0718","attack","D","選擇1個這隻寶可夢身上附加的【鬥】能量，將其丟棄。","","Discard a {F} Energy from this Pokémon."
"cmobmwa9g200j2pc74hhrdk5c","伽勒爾 蛇紋熊","0263","attack","E","擲1次硬幣若為正面，則將對手的戰鬥寶可夢【麻痺】。","コインを1回投げオモテなら、相手のバトルポケモンをマヒにする。",""
"cmo1u8jo9399v5ueebvcn9m1o","鬃岩狼人","0745","attack","D","在下個自己的回合，這隻寶可夢無法使用「猛擊在地」。","","During your next turn, this Pokémon can’t use Slashing Strike."
"cmo1u8jgg38x05ueelfcosa2h","伽勒爾 蛇紋熊","0263","attack","D","擲4次硬幣，造成正面出現的次數×10點傷害。","",""
"cmobmwaeu209f2pc7p9gu81xz","蓋歐卡","0382","attack","E","將自己的牌庫上方5張卡丟棄，對手的2隻備戰寶可夢各受到其中的能量卡的張數×50點傷害。[在備戰區不計算弱點・抵抗力。]","自分の山札を上から5枚トラッシュし、その中にあるエネルギーの枚数×50ダメージを、相手のベンチポケモン2匹にそれぞれ与える。［ベンチは弱点・抵抗力を計算しない。］","Discard the top 5 cards of your deck, and then choose 2 of your opponent’s Benched Pokémon. This attack does 50 damage for each Energy card you discarded in this way to each of those Pokémon. (Don’t apply Weakness and Resistance for Benched Pokémon.)"
"cmo1u8joj39ab5ueeef3vpscc","巨炭山V","0839","attack","D","將對手的戰鬥寶可夢【灼傷】。 | 寶可夢【V】【氣絕】時，對手獲得2張獎賞卡。","",""
"cmo1u8jp139b35uee619yhdym","大鋼蛇V","0208","attack","D","增加這隻寶可夢身上放置的傷害指示物的數量×10點傷害。 | 這隻寶可夢也受到30點傷害。 | 寶可夢【V】【氣絕】時，對手獲得2張獎賞卡。","",""
"cmobmwaf2209r2pc72tsg03gm","萊希拉姆","0643","attack","E","對手的所有備戰寶可夢各受到20點傷害。[在備戰區不計算弱點・抵抗力。] | 若自己的備戰區有「捷克羅姆」，則增加80點傷害。","相手のベンチポケモン全員に、それぞれ20ダメージ。［ベンチは弱点・抵抗力を計算しない。］ | 自分のベンチに「ゼクロム」がいるなら、80ダメージ追加。","This attack does 20 damage to each of your opponent’s Benched Pokémon. (Don’t apply Weakness and Resistance for Benched Pokémon.) | If Zekrom is on your Bench, this attack does 80 more damage."
"cmo1u6yj40iqr5ueelyp461uc","大王銅象","0879","attack","E","這隻寶可夢也受到30點傷害。","このポケモンにも30ダメージ。","This Pokémon also does 30 damage to itself."
"cmo1u6yk70iso5ueelwcbvtnd","過動猿","0288","attack","E","將場上的競技場卡丟棄。","場に出ているスタジアムをトラッシュする。","Discard a Stadium in play."
"cmo1u8jh538y85uee5uolgd4t","三首惡龍","0635","ability","D","在自己的回合時，可不限次數使用。從自己的手牌選擇1張【惡】能量卡，附於自己的寶可夢身上。","","As often as you like during your turn, you may attach a {D} Energy card from your hand to 1 of your Pokémon."
"cmo1u8jov39av5ueezwudbgqt","盔甲鳥","0227","attack","D","若這隻寶可夢身上附有「寶可夢道具」，則增加40點傷害。","このポケモンに「ポケモンのどうぐ」がついているなら、40ダメージ追加。","If this Pokémon has a Pokémon Tool attached, this attack does 40 more damage."
"cmo1u8jhk38yx5ueeufwta6yl","其他長毛巨魔VMAX","0861","attack","D","與使用這個招式所需的能量相比，增加身上多附的【惡】能量的數量×50點傷害。可增加的傷害數值為最多2個【惡】能量。 | 寶可夢【VMAX】【氣絕】時，對手獲得3張獎賞卡。","",""
"cmo1u6wsb0frs5ueeqkbgo63p","吼吼鯨","0320","attack","D","增加這隻寶可夢身上附加的【水】能量的數量×20點傷害。","このポケモンについているエネルギーの数×20ダメージ追加。","This attack does 20 more damage for each {W} Energy attached to this Pokémon."
"cmobmwahk20ds2pc7jvpnh3wn","啃果蟲","0840","attack","D","擲1次硬幣若為正面，則在下個對手的回合，這隻寶可夢不會受到招式的傷害。","コインを1回投げオモテなら、次の相手の番、このポケモンはワザのダメージを受けない。","Flip a coin. If heads, during your opponent’s next turn, prevent all damage done to this Pokémon by attacks."
"cmo1u6t8409jw5ueehjsnr6hq","小火龍","0004","attack","D","從自己的牌庫抽出1張卡。","自分の山札を1枚引く。","Draw a card."
"cmo1u7o0s1qeh5uee5cvpwpv1","萊希拉姆ex","0643","attack","I","增加對手已經獲得的獎賞卡的張數×50點傷害。選擇1個這隻寶可夢身上附加的能量，將其丟棄。","相手がすでにとったサイドの枚数×50ダメージ追加。このポケモンについているエネルギーを1個選び、トラッシュする。","This attack does 50 more damage for each Prize card your opponent has taken. Discard an Energy from this Pokémon."
"cmo1u6wtp0fu95uee6qbjxpen","麻麻鰻","0603","attack","D","擲1次硬幣若為正面，則選擇1個對手的場上寶可夢身上附加的能量，將其丟棄。","コインを1回投げオモテなら、相手の場のポケモンについているエネルギーを1個選び、トラッシュする。","Flip a coin. If heads, discard an Energy from 1 of your opponent’s Pokémon."
"cmobmwaim20fh2pc7gdop65u4","伽勒爾 魔牆人偶","0122","attack","E","從自己的牌庫選擇1張物品卡，在給對手看過後加入手牌。並且重洗牌庫。","自分の山札からグッズを1枚選び、相手に見せて、手札に加える。そして山札を切る。",""
"cmo1u8jpx39cj5uee3z8yj96w","瑪機雅娜","0801","attack","D","將自己的手牌全部放回牌庫並重洗。然後，從牌庫抽出6張卡。 | 增加對手的備戰寶可夢的數量×20點傷害。","","Shuffle your hand into your deck. Then, draw 6 cards. | This attack does 20 more damage for each of your opponent’s Benched Pokémon."
"cmo1u8jjc39215uee1nxqu3pm","蓋蓋蟲","0588","attack","D","擲硬幣直到出現反面，造成正面出現的次數×20點傷害。","",""
"cmo1u6wuu0fw95uee4lyynjjz","螺釘地鼠","0529","attack","D","擲1次硬幣若為反面，則這個招式失敗。","コインを1回投げウラなら、このワザは失敗。","Flip a coin. If tails, this attack does nothing."
"cmo1u8jrg39er5uee8n8ou76q","姆克鳥","0397","attack","D","擲1次硬幣若為正面，則增加20點傷害。","","Flip a coin. If heads, this attack does 20 more damage."
"cmo1u8j8b38ju5uees428riy1","其他焚焰蚣VMAX","0851","attack","D","增加這隻寶可夢身上附加的【火】能量的數量×40點傷害。若希望，在造成傷害後，從自己的棄牌區選擇1張【火】能量卡，附於這隻寶可夢身上。 | 寶可夢【VMAX】【氣絕】時，對手獲得3張獎賞卡。","",""
"cmo1u8jl0394q5ueed4ef7ezu","皮卡丘V","0025","attack","D","造成自己的備戰寶可夢的數量×30點傷害。 | 寶可夢【V】【氣絕】時，對手獲得2張獎賞卡。","",""
"cmo1u8jl2394u5ueel3je82tc","雷公","0243","attack","D","對手的1隻備戰寶可夢也受到120點傷害。[在備戰區不計算弱點・抵抗力。]","",""
"cmo1u6tbh09pt5uee1qjoq49b","怖思壺","0855","ability","D","在自己的回合，若從自己的手牌將1張持有「瘋狂派對」招式的寶可夢卡丟棄，則可使用1次。從自己的牌庫抽出2張卡。","自分の番に、自分の手札からワザ「マッドパーティ」を持つポケモンを1枚トラッシュするなら、1回使える。自分の山札を2枚引く。",""
"cmo1u6w700eqh5ueeksotnsdv","巨石丁","0874","attack","D","若身上附有的能量比使用這個招式所需的能量多1個，則增加60點傷害。","このワザを使うためのエネルギーより、1個多くエネルギーがついているなら、60ダメージ追加。","If this Pokémon has at least 1 extra Energy attached (in addition to this attack’s cost), this attack does 60 more damage."
"cmo1u8js839fs5ueezlgqnshi","掘掘兔","0659","attack","D","造成自己的棄牌區的，持有「瘋狂派對」招式的寶可夢的數量×20點傷害。","",""
"cmo1u6xjx0h3d5ueeiao9zr94","鐵殼蛹","0014","attack","E","在下個對手的回合，這隻寶可夢受到招式的傷害「-40」點。","次の相手の番、このポケモンが受けるワザのダメージは「-40」される。",""
"cmo1u6xmt0h895ueesqqmrrzf","其他伽勒爾 呆呆王VMAX","0199","attack","E","將對手的戰鬥寶可夢【中毒】。因這個【中毒】而放置的傷害指示物的數量改為12個。 | 寶可夢【VMAX】【氣絕】時，對手獲得3張獎賞卡。","相手のバトルポケモンをどくにする。このどくでのせるダメカンの数は12個になる。",""
"cmo1u6xmv0h8d5ueewrkycfta","百足蜈蚣","0543","attack","E","將對手的戰鬥寶可夢【中毒】。","相手のバトルポケモンをどくにする。",""
"cmo1u6wsr0fsk5ueesn1ekqwx","其他伽勒爾 達摩狒狒VMAX","0555","attack","D","對手的所有備戰寶可夢也各受到30點傷害。[在備戰區不計算弱點・抵抗力。] | 寶可夢【VMAX】【氣絕】時，對手獲得3張獎賞卡。","相手のベンチポケモン全員にも、それぞれ30ダメージ。［ベンチは弱点・抵抗力を計算しない。］",""
"cmo1u8jml39765ueew6pxz5s4","班基拉斯","0248","attack","D","將場上的競技場卡丟棄。 | 將自己的牌庫上方5張卡丟棄。","","Discard a Stadium in play. | Discard the top 5 cards of your deck."
"cmo1u6xng0h9e5ueesoi6m5wg","哈約克","0507","attack","E","這隻寶可夢也受到20點傷害。","このポケモンにも20ダメージ。","This Pokémon also does 20 damage to itself."
"cmo1u8jaq38nn5ueeuf3rqyvx","尖牙籠","0455","attack","D","若希望，從牌庫抽卡直到自己的手牌滿5張為止。 | 將這隻寶可夢恢復對對手的戰鬥寶可夢造成的傷害相同數值的HP。","","You may draw cards until you have 5 cards in your hand. | Heal from this Pokémon the same amount of damage you did to your opponent’s Active Pokémon."
"cmo1u8jmw397m5ueebd0q5ews","壺壺","0213","attack","D","擲硬幣直到出現反面，將對手的牌庫上方與正面出現的次數相同數量的卡丟棄。","","Flip a coin until you get tails. For each heads, discard the top card of your opponent’s deck."
"cmo1u8jaz38nz5ueekfk4a909","花椰猿","0512","attack","D","在下個自己的回合，這隻寶可夢無法使用招式。","","During your next turn, this Pokémon can’t attack."
"cmo1u8jn839865ueewu3y8f7e","太陽岩","0338","ability","D","若自己的場上有「月石」，則對手的所有寶可夢的抵抗力全部消除。","自分の場に「ルナトーン」がいるなら、相手のポケモン全員の抵抗力は、すべてなくなる。","If you have Lunatone in play, your opponent’s Pokémon in play have no Resistance."
"cmo1u6xx60hoo5ueeoahnifvj","天秤偶","0343","attack","E","這隻寶可夢也受到60點傷害。","このポケモンにも60ダメージ。",""
"cmo1u6y2v0hyi5ueep63c2zso","花葉蒂","0670","attack","E","擲2次硬幣，造成正面出現的次數×50點傷害。","コインを2回投げ、オモテの数×50ダメージ。","Flip 2 coins. This attack does 50 damage for each heads."
"cmo1u8jnu39965uee5ssb7e70","河馬獸","0450","attack","D","擲3次硬幣，造成正面出現的次數×80點傷害。","","Flip 3 coins. This attack does 80 damage for each heads."
"cmo1u6y6t0i5f5ueebm8vmny5","拉普拉斯","0131","attack","E","將對手的戰鬥寶可夢【混亂】。從自己的棄牌區選擇1張【惡】能量卡，附於這隻寶可夢身上。 | 增加自己的場上寶可夢身上附加的【惡】能量的數量×20點傷害。","自分の山札から「メロン」を2枚まで選び、相手に見せて、手札に加える。そして山札を切る。 | 相手のバトルポケモンをねむりにする。",""
"cmo1u8jo4399m5uee5ktdqy7j","岩狗狗","0744","attack","D","從自己的牌庫抽出1張卡。","","Draw a card."
"cmo1u6y7q0i705uee69wg4p6b","其他白馬蕾冠王VMAX","0898","attack","E","從自己的牌庫抽出1張卡。若在後攻玩家的最初回合使用，則再抽出3張卡。 | 擲1次硬幣若為反面，則這個招式失敗。","相手のベンチポケモンの数×30ダメージ追加。 | のぞむなら、このポケモンについているエネルギーを2枚まで選び、トラッシュする。その場合、トラッシュした枚数×120ダメージ追加。",""
"cmo1u6y830i7o5ueeusxqdb8f","引夢貘人","0097","ability","E","只要這隻寶可夢在場上，自己的寶可夢身上附加的能量，不會受到對手的物品或者支援者的效果影響而丟棄與放回手牌或牌庫。","",""
"cmo1u6y8a0i805ueez5jlmhz7","沙奈朵","0282","attack","E","寶可夢道具卡，附於自己的寶可夢使用。1隻寶可夢只可附上1張寶可夢道具卡，並且保持附加狀態。 | 附有這張卡的寶可夢使用的招式，對對手的戰鬥場的【惡】寶可夢造成的傷害「+30」點。 | 在自己的回合時，物品卡可不限張數使用。","このポケモンについているエネルギーの数×30ダメージ追加。","This attack does 30 more damage for each {P} Energy attached to this Pokémon."
"cmo1u7qce1ue25ueege5m4u0n","斧牙龍","0611","ability","H","對手從手牌使出物品卡或者支援者卡時，這隻寶可夢不會受到那個效果的影響。","このポケモンは、相手が手札からグッズまたはサポートを出して使ったとき、その効果を受けない。","Whenever your opponent plays an Item or Supporter card from their hand, prevent all effects of that card done to this Pokémon."
"cmo1u6x4t0gd45ueektjkmbzi","沙螺蟒","0844","attack","D","在下個自己的回合，這隻寶可夢使用的招式，對對手的戰鬥寶可夢造成的傷害「+120」點。","次の自分の番、このポケモンが使うワザの、相手のバトルポケモンへのダメージは「+120」される。","During your next turn, this Pokémon’s attacks do 120 more damage to your opponent’s Active Pokémon (before applying Weakness and Resistance)."
"cmo1u8jpn39c35ueeyws5albi","騎士蝸牛","0589","attack","D","擲3次硬幣。若出現1次正面，則增加20點傷害。若出現2次正面，則增加70點傷害。若全部為正面，則增加140點傷害。","","Flip 3 coins. If 1 of them is heads, this attack does 20 more damage. If 2 of them are heads, this attack does 70 more damage. If all of them are heads, this attack does 140 more damage."
"cmo1u8jdd38rv5ueetig3u3ho","皮皮","0035","attack","D","擲1次硬幣若為正面，則選擇對手的戰鬥寶可夢持有的1個招式，作為這個招式使用。","","Flip a coin. If heads, choose 1 of your opponent’s Active Pokémon’s attacks and use it as this attack."
"cmo1u6xxo0hpl5ueec59zhhci","大岩蛇","0095","attack","E","這隻寶可夢也受到60點傷害。","このポケモンにも60ダメージ。",""
"cmo1u6y8z0i985uee5uuptu46","其他沙螺蟒VMAX","0844","attack","E","選擇自己的場上寶可夢身上附加的任意數量的能量，以任意方式改附於自己的寶可夢身上。 | 寶可夢【VMAX】【氣絕】時，對手獲得3張獎賞卡。","相手のベンチポケモン全員にも、それぞれ20ダメージ。［ベンチは弱点・抵抗力を計算しない。］ | 自分の場のポケモンについているエネルギーを好きなだけ選び、自分のポケモンに好きなようにつけ替える。",""
"cmo1u8jqm39df5ueem67unbr6","鋁鋼龍V","0884","ability","D","這隻寶可夢受到招式的傷害「-30」點。","",""
"cmo1u7xrp274d5uee5134ttlk","燃燒蟲","0636","attack","G","這隻寶可夢也受到10點傷害。","このポケモンにも10ダメージ。","This Pokémon also does 10 damage to itself."
"cmo1u7y5027r55ueees45ux93","彩粉蝶","0666","attack","G","擲1次硬幣若為正面，則從特殊狀態中選擇1種，將對手的戰鬥寶可夢處於那個狀態。","コインを1回投げオモテなら、特殊状態の中から1つ選び、相手のバトルポケモンをその状態にする。","Flip a coin. If heads, choose a Special Condition. Your opponent’s Active Pokémon is now affected by that Special Condition."
"cmo1u8jng398i5ueec311cqir","利歐路","0447","attack","D","擲1次硬幣若為反面，則這個招式失敗。","","Flip a coin. If tails, this attack does nothing."
"cmo1u7nh51pgr5ueecjg0cqhj","太陽岩","0338","attack","I","若自己的備戰區沒有「月石」，則這個招式失敗。這個招式的傷害不計算弱點・抵抗力。","自分のベンチに「ルナトーン」がいないなら、このワザは失敗。このワザのダメージは弱点・抵抗力を計算しない。","If you don’t have Lunatone on your Bench, this attack does nothing. This attack’s damage isn’t affected by Weakness or Resistance."
"cmobmw41c1q2c2pc7eevxklxe","雷公","0243","attack","I","若自己的場上的【雷】能量有4個以上，則增加90點傷害。","自分の場にエネルギーが4個以上あるなら、90ダメージ追加。","If you have at least 4 {L} Energy in play, this attack does 90 more damage."
"cmobmwaar202k2pc7dird5lao","黏美兒","0705","attack","E","擲1次硬幣若為正面，則將對手的戰鬥寶可夢【麻痺】。","コインを1回投げオモテなら、相手のバトルポケモンをマヒにする。","Flip a coin. If heads, your opponent’s Active Pokémon is now Paralyzed."
"cmo1u8jae38n65uee8y9ze874","蜻蜻蜓","0193","attack","D","若希望，將這隻寶可夢與備戰寶可夢互換。","のぞむなら、このポケモンをベンチポケモンと入れ替える。","You may switch this Pokémon with 1 of your Benched Pokémon."
"cmobmw45s1q9m2pc7w3kazls9","霸王花","0045","attack","I","將對手的戰鬥寶可夢【中毒】與【睡眠】。 | 在這個回合，若這隻寶可夢恢復了HP，則增加120點傷害。","相手のバトルポケモンをどくとねむりにする。 | この番に、このポケモンのHPを回復していたなら、120ダメージ追加。","Your opponent’s Active Pokémon is now Asleep and Poisoned. | If this Pokémon was healed during this turn, this attack does 120 more damage."
"cmo1u6xwr0ho05ueegfq1vc44","刺龍王","0230","ability","E","每次當自己的戰鬥寶可夢受到對手的寶可夢招式的傷害而【氣絕】時，可使用1次。選擇【氣絕】的寶可夢身上附加的任意數量的【水】能量，改附於這隻寶可夢身上。","自分のバトルポケモンが、相手のポケモンからワザのダメージを受けてきぜつするたび、1回使える。きぜつしたポケモンについているエネルギーを好きなだけ選び、このポケモンにつけ替える。","When your Active Pokémon is Knocked Out by damage from an attack from your opponent’s Pokémon, you may move any amount of {W} Energy from that Pokémon to this Pokémon."
"cmobmw4841qdg2pc7fkk543nl","木棉球","0546","attack","I","從自己的牌庫抽出1張卡。","自分の山札を1枚引く。",""
"cmobmw49v1qgd2pc7301tbe7d","鋁鋼橋龍","1018","attack","I","在下個對手的回合，這隻寶可夢不會受到【基礎】寶可夢招式的傷害。","次の相手の番、このポケモンはたねポケモンからワザのダメージを受けない。","During your opponent’s next turn, prevent all damage done to this Pokémon by attacks from Basic Pokémon."
"cmo1u7o0b1qdp5ueeg8mmza0k","呆火駝","0322","ability","I","這隻寶可夢在戰鬥場上受到對手的寶可夢招式的傷害時，將使用招式的寶可夢【灼傷】。","このポケモンが、バトル場で相手のポケモンからワザのダメージを受けたとき、ワザを使ったポケモンをやけどにする。","If this Pokémon is in the Active Spot and is damaged by an attack from your opponent’s Pokémon (even if this Pokémon is Knocked Out), the Attacking Pokémon is now Burned."
"cmo1u7o491qke5ueezr90t7so","火箭隊的地鼠","0050","attack","I","擲硬幣直到出現反面，將對手的牌庫上方與正面出現的次數相同數量的卡丟棄。","ウラが出るまでコインを投げ、オモテの数ぶん、相手の山札を上からトラッシュする。",""
"cmo1u7yg328a85uee7sqruzno","怪力","0068","ability","G","這隻寶可夢受到招式的傷害而【昏厥】時，自己擲1次硬幣。若為正面，則這隻寶可夢不會【昏厥】，而是以剩餘HP為「10」的狀態留在場上。","このポケモンが、ワザのダメージを受けてきぜつするとき、自分はコインを1回投げる。オモテなら、このポケモンはきぜつせず、残りHPが「10」の状態で場に残る。","If this Pokémon would be Knocked Out by damage from an attack, flip a coin. If heads, this Pokémon is not Knocked Out, and its remaining HP becomes 10."
"cmp2dgb9s386m116c09an7jzm","奇樹的電海燕","","attack","I","擲1次硬幣若為正面，則增加20點傷害。","コインを1回投げオモテなら、20ダメージ追加。","Flip a coin. If heads, this attack does 20 more damage."
"cmo1u8jlm395q5ueed1ogwyqv","落雷獸","0309","attack","D","從自己的牌庫抽出1張卡。","","Draw a card."
"cmo1u8ko53aw55ueevo8zp00l","安瓢蟲","0166","attack","E","從自己的牌庫抽出2張卡。 | 選擇1個這隻寶可夢身上附加的能量，將其丟棄。","","Draw 2 cards. | Discard an Energy from this Pokémon."
"cmo1u7o4f1qkq5ueexxbw9zjm","恰雷姆","0308","attack","I","若自己的手牌不是7張，則這個招式失敗。","自分の手札が7枚でないなら、このワザは失敗。","If you don’t have exactly 7 cards in your hand, this attack does nothing."
"cmp2dfx6v2ocw116ctxxdegu3","煤炭龜","","attack","G","擲與這隻寶可夢身上附加的【火】能量的數量相同次數的硬幣，造成正面出現的次數×80點傷害。","このポケモンについているエネルギーの数ぶんコインを投げ、オモテの数×80ダメージ。","Flip a coin for each {R} Energy attached to this Pokémon. This attack does 80 damage for each heads."
"cmo1u7o861qr35ueemygxmmc6","赫普的毛毛角羊","0832","ability","I","在自己的回合，從手牌使出這張卡並完成進化時，可使用1次。選擇1隻對手的備戰寶可夢，與戰鬥寶可夢互換。","自分の番に、このカードを手札から出して進化させたとき、1回使える。相手のベンチポケモンを1匹選び、バトルポケモンと入れ替える。","When you play this Pokémon from your hand to evolve 1 of your Pokémon during your turn, you may switch in 1 of your opponent’s Benched Pokémon to the Active Spot."
"cmo1u8jb638ob5uee7sog2per","木木梟","0722","ability","D","在這個回合，若從自己的手牌使出了「養鳥人」，則這隻寶可夢使用招式所需的能量全部消除。","この番、自分の手札から「とりつかい」を出して使っていたなら、このポケモンがワザを使うためのエネルギーは、すべてなくなる。","If you played Bird Keeper from your hand during this turn, ignore all Energy in this Pokémon’s attack costs."
"cmo1u7o881qr75uee6rhzq95a","赫普的古月鳥","0845","attack","I","若對手剩餘獎賞卡的張數不是4張・3張，則這個招式失敗。","相手のサイドの残り枚数が4枚・3枚でないなら、このワザは失敗。","If your opponent doesn’t have exactly 3 or 4 Prize cards remaining, this attack does nothing."
"cmo1u8jjv392x5uee6ecpzz39","火稚雞","0255","attack","D","從自己的牌庫選擇1張【基礎】寶可夢卡，放置於備戰區。並且重洗牌庫。","","Search your deck for a Basic Pokémon and put it onto your Bench. Then, shuffle your deck."
"cmo1u7yjz28gx5ueepf17jg4h","肯泰羅","0128","attack","E","從自己的牌庫選擇1張【基礎】寶可夢卡，放置於備戰區。並且重洗牌庫。 | 增加這隻寶可夢身上放置的傷害指示物的數量×10點傷害。","自分の山札からたねポケモンを1枚選び、ベンチに出す。そして山札を切る。 | このポケモンにのっているダメカンの数×10ダメージ追加。","Search your deck for up to 2 Basic Pokémon and put them onto your Bench. Then, shuffle your deck. | Flip a coin until you get tails. This attack does 30 more damage for each heads."
"cmo1u8jjt392t5ueevsi1940e","力壯雞","0256","attack","D","將對手的戰鬥寶可夢【灼傷】。","","Your opponent’s Active Pokémon is now Burned."
"cmo1u820t2edv5ueel0l6bt7y","霜奶仙","0869","attack","H","從自己的牌庫選擇與這隻寶可夢身上附加的基本能量卡相同屬性的寶可夢卡合計最多5張，在給對手看過後加入手牌。並且重洗牌庫。","自分の山札から、このポケモンについている基本エネルギーと同じタイプのポケモンを合計5枚まで選び、相手に見せて、手札に加える。そして山札を切る。",""
"cmo1u6ycc0if15ueempk76kg0","愛心魚","0370","attack","E","將自己的手牌全部放回牌庫並重洗。然後，從自己的牌庫抽出與對手的手牌張數相同數量的卡。","自分の手札をすべて山札にもどして切る。その後、相手の手札の枚数ぶん、自分の山札を引く。",""
"cmo1u6ycn0ifl5ueetb6vttz6","咩利羊","0179","attack","E","在下個對手的回合，受到這個招式的寶可夢使用招式的傷害「-20」點。","次の相手の番、このワザを受けたポケモンが使うワザのダメージは「-20」される。",""
"cmo1u7o571qm25ueeg4ajsxis","巨炭山","0839","attack","I","對手的1隻寶可夢受到140點傷害。若自己的棄牌區沒有「基本【鬥】能量」卡10張以上，則這個招式失敗。[在備戰區不計算弱點・抵抗力。] | 選擇3個這隻寶可夢身上附加的能量，將其丟棄。","相手のポケモン1匹に、140ダメージ。自分のトラッシュに「基本エネルギー」が10枚以上ないなら、このワザは失敗。［ベンチは弱点・抵抗力を計算しない。］ | このポケモンについているエネルギーを3個選び、トラッシュする。",""
"cmo1u6v5y0cxq5ueeh48ekjft","顫弦蠑螈","0849","ability","E","若自己的所有場上寶可夢皆為「匯流」寶可夢則生效。只要這隻寶可夢在場上，對手的場上的所有「寶可夢【VMAX】」的最大HP各減少「30」。","自分の場のポケモン全員が「フュージョン」のポケモンなら、はたらく。このポケモンがいるかぎり、相手の場の「ポケモンVMAX」全員の最大HPは、それぞれ「30」小さくなる。","If all your Pokémon in play are Fusion Strike Pokémon, your opponent’s Pokémon {VMAX} in play get -30 HP."
"cmo1u8jlh395i5ueegf8e0mua","雷電獸","0310","ability","D","在自己的回合，當從手牌使出這張卡並完成進化時，可使用1次。從自己的牌庫抽出3張卡。","","When you play this Pokémon from your hand to evolve 1 of your Pokémon during your turn, you may draw 3 cards."
"cmo1u7o191qf95uee0gn0r3ub","超級雪妖女ex","0478","attack","I","造成對手的手牌的張數×50點傷害。 | 將對手的戰鬥寶可夢【睡眠】。","相手の手札の枚数×50ダメージ。 | 相手のバトルポケモンをねむりにする。","This attack does 50 damage for each card in your opponent’s hand. | Your opponent’s Active Pokémon is now Asleep."
"cmp2dfxf92ooc116c3802wsxh","獒教父","","ability","G","在自己的回合時可使用1次。將對手的戰鬥寶可夢與備戰寶可夢互換。[由對手選擇放置於戰鬥場的寶可夢。]","自分の番に1回使える。相手のバトルポケモンをベンチポケモンと入れ替える。［バトル場に出すポケモンは相手が選ぶ。］","Once during your turn, you may switch out your opponent’s Active Pokémon to the Bench. (Your opponent chooses the new Active Pokémon.)"
"cmo1u7o061qdh5ueeh7hlxt13","炎帝","0244","attack","I","若自己的場上的【火】能量有4個以上，則增加90點傷害。","自分の場にエネルギーが4個以上あるなら、90ダメージ追加。","If you have at least 4 {R} Energy in play, this attack does 90 more damage."
"cmo1u8koa3awd5ueemer42qx4","芭瓢蟲","0165","attack","E","從自己的牌庫抽出1張卡。","","Draw a card."
"cmo1u7o0e1qdt5ueerd9openr","噴火駝","0323","attack","I","若對手的戰鬥寶可夢沒有【灼傷】，則這個招式失敗。 | 選擇2個這隻寶可夢身上附加的能量，將其丟棄。","相手のバトルポケモンがやけどでないなら、このワザは失敗。 | このポケモンについているエネルギーを2個選び、トラッシュする。","If your opponent’s Active Pokémon isn’t Burned, this attack does nothing. | Discard 2 Energy from this Pokémon."
"cmo1u7yd1284v5ueez7484kcc","拉達","0020","attack","G","增加對手的戰鬥寶可夢身上放置的傷害指示物的數量×30點傷害。","相手のバトルポケモンにのっているダメカンの数×30ダメージ追加。",""
"cmp2dfxqu2p4i116cjb8tv72i","納噬草","","attack","G","將這隻寶可夢恢復「10」HP。","このポケモンのHPを「10」回復する。","Heal 10 damage from this Pokémon."
"cmo1u7o2v1qi15ueea2pff9a3","火箭隊的蛋蛋","0102","attack","I","擲1次硬幣若為正面，則增加20點傷害。","コインを1回投げオモテなら、20ダメージ追加。","Flip a coin. If heads, this attack does 20 more damage."
"cmo1u7yd828575uee7n13x0qk","阿柏蛇","0023","attack","G","擲1次硬幣若為正面，則選擇1個對手的戰鬥寶可夢身上附加的能量，將其丟棄。","コインを1回投げオモテなら、相手のバトルポケモンについているエネルギーを1個選び、トラッシュする。",""
"cmp2dgb62381o116ct9pl9za8","拉魯拉絲","","attack","I","從自己的牌庫抽出1張卡。","自分の山札を1枚引く。","Draw a card."
"cmo1u8k5n3a0v5ueewd05nous","風速狗","0059","ability","D","若這隻寶可夢身上附有「燃燒圍巾」，則這隻寶可夢的最大HP增加「100」。","このポケモンに「燃えるスカーフ」がついているなら、このポケモンの最大HPは「100」大きくなる。","If this Pokémon has a Burning Scarf attached, it gets +100 HP."
"cmo1u8jrv39fc5uee308cjmvm","波克基斯V","0468","attack","D","若對手的戰鬥寶可夢為進化寶可夢，則增加70點傷害。 | 寶可夢【V】【氣絕】時，對手獲得2張獎賞卡。","",""
"cmo1u7o4p1ql65ueewzi0ah89","竹蘭的尖牙陸鯊","0444","ability","I","在自己的回合時可使用1次。從自己的牌庫選擇1張「竹蘭的寶可夢」，在給對手看過後加入手牌。並且重洗牌庫。","自分の番に1回使える。自分の山札から「シロナのポケモン」を1枚選び、相手に見せて、手札に加える。そして山札を切る。","Once during your turn, you may search your deck for a Cynthia’s Pokémon, reveal it, and put it into your hand. Then, shuffle your deck."
"cmo1u7yl728iy5ueeqh0ewsxt","火焰鳥","0146","ability","G","若這隻寶可夢身上附有【火】能量卡，則這隻寶可夢【撤退】所需的能量全部消除。","このポケモンにエネルギーがついているなら、このポケモンのにげるためのエネルギーは、すべてなくなる。","If this Pokémon has any {R} Energy attached, it has no Retreat Cost. | Discard 2 {R} Energy from this Pokémon. This attack does 120 damage to 1 of your opponent’s Benched Pokémon. (Don’t apply Weakness and Resistance for Benched Pokémon.)"
"cmo1u7pez1sss5ueenr9crcn7","斗笠菇","0286","attack","I","擲硬幣直到出現反面，增加正面出現的次數×50點傷害。 | 將這隻寶可夢恢復「30」HP。","ウラが出るまでコインを投げ、オモテの数×50ダメージ追加。 | このポケモンのHPを「30」回復する。","Flip a coin until you get tails. This attack does 50 more damage for each heads. | Heal 30 damage from this Pokémon."
"cmo1u8js239fk5ueeabp23ppm","喇叭啄鳥","0732","ability","D","在自己的回合，當從手牌使出這張卡並完成進化時，可使用1次。查看自己的牌庫上方3張卡，選擇其中任意數量的基本能量卡，以任意方式附於自己的寶可夢身上。將剩餘卡放回牌庫並重洗。","","When you play this Pokémon from your hand to evolve 1 of your Pokémon during your turn, you may look at the top 3 cards of your deck and attach any number of basic Energy cards you find there to your Pokémon in any way you like. Shuffle the other cards back into your deck."
"cmo1u7o791qpj5ueezsk8fbhh","N的萊希拉姆","0643","attack","I","造成這隻寶可夢身上放置的傷害指示物的數量×20點傷害。","このポケモンにのっているダメカンの数×20ダメージ。","This attack does 20 damage for each damage counter on this Pokémon."
"cmo1u7owl1rx75ueeewkf6r56","超能妙喵","0678","attack","J","將對手的戰鬥寶可夢【混亂】。 | 增加對手的戰鬥寶可夢身上附加的能量的數量×30點傷害。","相手のバトルポケモンをこんらんにする。 | 相手のバトルポケモンについているエネルギーの数×30ダメージ追加。","This attack does 30 more damage for each Energy attached to your opponent’s Active Pokémon."
"cmp2dgba9387a116ckdzez2u3","木木梟","","attack","J","從自己的牌庫選擇1張寶可夢卡，在給對手看過後加入手牌。並且重洗牌庫。","自分の山札からポケモンを1枚選び、相手に見せて、手札に加える。そして山札を切る。",""
"cmo1u7v9922qs5uee1zn8chk7","噬沙堡爺","0770","attack","E","若對手的戰鬥寶可夢為【基礎】寶可夢，則將那隻寶可夢【氣絕】。","相手のバトルポケモンがたねポケモンなら、そのポケモンをきぜつさせる。",""
"cmo1u6wtm0fu45ueen8dscdu2","麻麻小魚","0602","ability","D","若這隻寶可夢身上附有能量，則這隻寶可夢【撤退】所需的能量全部消除。","このポケモンにエネルギーがついているなら、このポケモンのにげるためのエネルギーは、すべてなくなる。","If this Pokémon has any Energy attached, it has no Retreat Cost."
"cmo1u8jlu39625ueefssprlio","捷克羅姆","0644","attack","D","這隻寶可夢也受到60點傷害。將對手的戰鬥寶可夢【麻痺】。","","This Pokémon also does 60 damage to itself. Your opponent’s Active Pokémon is now Paralyzed."
"cmo1u75r20v7s5ueeqcdln8t8","月石","0337","ability","B","只要自己的場上有「太陽岩」，將雙方的場上的【火】寶可夢（「寶可夢GX・EX」除外）的特性全部消除。","自分の場に「ソルロック」がいるなら、おたがいの場のポケモン（「ポケモンGX・EX」をのぞく）の特性は、すべてなくなる。",""
"cmo1u8je338t05ueeeg86mjok","哥德寶寶","0574","attack","D","查看對手的牌庫上方5張卡，以任意順序排列，放回牌庫上方。","","Look at the top 5 cards of your opponent’s deck and put them back in any order."
"cmo1u70v80mr15ueeee9o91da","薩戮德","0893","attack","E","擲1次硬幣若為正面，則增加30點傷害。","コインを1回投げオモテなら、30ダメージ追加。","Flip a coin. If heads, this attack does 30 more damage."
"cmo1u6ycx0ig15uee26ls3bmr","捷拉奧拉V","0807","attack","E","在上個自己的回合，若這隻寶可夢以外的「連擊」寶可夢使用了招式，則對手的1隻備戰寶可夢也受到160點傷害。[在備戰區不計算弱點・抵抗力。] | 寶可夢【V】【氣絕】時，對手獲得2張獎賞卡。","前の自分の番、このポケモン以外の「れんげき」のポケモンがワザを使っていたなら、相手のベンチポケモン1匹にも、160ダメージ。［ベンチは弱点・抵抗力を計算しない。］",""
"cmo1u8i1236i95ueepjthmiq0","豪力","0067","attack","D","擲1次硬幣若為正面，則增加70點傷害。","","Flip a coin. If heads, this attack does 70 more damage."
"cmo1u7pix1szl5ueevc20d9y2","烈焰馬","0078","ability","I","在自己的回合時可使用1次。從自己的牌庫抽出1張卡。","自分の番に1回使える。自分の山札を1枚引く。","Once during your turn, you may draw a card."
"cmo1u7un421ou5uee03syx5yt","遠古巨蜓","0469","attack","E","這隻寶可夢也受到30點傷害。","このポケモンにも30ダメージ。","This Pokémon also does 30 damage to itself."
"cmo1u7pdy1sr05uee6of6dnpr","巨蔓藤","0465","ability","H","這隻寶可夢受到招式的傷害「-30」點。","このポケモンが受けるワザのダメージは「-30」される。","This Pokémon takes 30 less damage from attacks (after applying Weakness and Resistance)."
"cmo1u8i2o36l15ueewvqhmm5x","堅果啞鈴","0598","attack","D","造成這隻寶可夢身上附加的【鋼】能量的數量×30點傷害。將這隻寶可夢與備戰寶可夢互換。","",""
"cmo1u7pmf1t5m5ueeakkpuf9r","骨紋巨聲鱷","0911","attack","H","這隻寶可夢不會受到對手的寶可夢使用招式的效果的影響。 | 增加雙方的備戰寶可夢的數量×20點傷害。","おたがいのベンチポケモンの数×20ダメージ追加。","This attack does 20 more damage for each Benched Pokémon (both yours and your opponent’s)."
"cmo1u8ked3afm5ueeb7rj95ri","熱帶龍","0357","attack","E","從自己的棄牌區選擇最多2張【草】能量卡，以任意方式附於備戰寶可夢身上。","","Attach up to 2 {G} Energy cards from your discard pile to your Benched Pokémon in any way you like."
"cmobmw41j1q2o2pc7sus2b1ws","帕奇利茲","0417","attack","I","在下個對手的回合，每次對手從手牌將能量卡附於受到這個招式的寶可夢身上時，在那隻寶可夢身上放置8個傷害指示物。","次の相手の番、このワザを受けたポケモンに、相手が手札からエネルギーをつけるたび、そのポケモンにダメカンを8個のせる。",""
"cmo1u8j6n38h55uee9qujli98","音箱蟀V","0402","ability","E","在自己的回合時，可使用1次。從牌庫抽卡直到自己的手牌滿3張為止。若這隻寶可夢在戰鬥場上，則抽卡直到滿4張為止。在這個回合，若已經使出了其他的「激動舞台」，則這個特性無法使用。","",""
"cmo1u8kah3a8x5ueecqbjyjbm","百變怪V","0132","ability","D","在自己的回合時可使用1次。從自己的棄牌區選擇1張【基礎】寶可夢的「寶可夢【V】」卡，與這隻寶可夢互換（所附加的卡・傷害指示物・特殊狀態・效果等全部保留）。將這隻寶可夢丟棄。","",""
"cmo1u7nch1p8l5ueeniv57pc1","<火箭隊的>超夢ex","0150","ability","I","只有在自己的場上的「火箭隊的寶可夢」數量為4隻以上時，這隻寶可夢才可使用招式。","自分の場の「ロケット団のポケモン」が4匹以上のときにしか、このポケモンはワザが使えない。","This Pokémon can’t attack unless you have 4 or more Team Rocket’s Pokémon in play."
"cmo1u8kep3ag65ueeifd6x206","偽螳草","0753","attack","E","擲硬幣直到出現反面，造成正面出現的次數×20點傷害。","",""
"cmo1u8kf93ah25ueelvnui7qs","比克提尼V","0494","attack","E","若對手的戰鬥寶可夢為「寶可夢【V】」，則增加50點傷害。 | 將這隻寶可夢身上附加的能量全部丟棄。 | 寶可夢【V】【氣絕】時，對手獲得2張獎賞卡。","",""
"cmo1u7pm81t5a5ueel4rrxmz5","焚焰蚣","0851","attack","H","自己的所有備戰寶可夢也各受到30點傷害。[在備戰區不計算弱點・抵抗力。]","自分のベンチポケモン全員にも、それぞれ30ダメージ。［ベンチは弱点・抵抗力を計算しない。］","This attack also does 30 damage to each of your Benched Pokémon. (Don’t apply Weakness and Resistance for Benched Pokémon.)"
"cmo1u7pmc1t5i5uee24g6vasb","炙燙鱷","0910","attack","H","擲1次硬幣若為正面，則增加50點傷害。","コインを1回投げオモテなら、50ダメージ追加。","Flip a coin. If heads, this attack does 50 more damage."
"cmo1u8kf13agq5ueeexafwwq2","熔蟻獸","0631","attack","E","擲2次硬幣，選擇與正面出現的次數相同數量的對手的戰鬥寶可夢身上附加的能量，將其丟棄。","","Flip 2 coins. For each heads, discard an Energy from your opponent’s Active Pokémon."
"cmo1u7o5o1qmu5ueeg8ria8sv","<火箭隊的>狃拉","0215","attack","I","對手的1隻備戰寶可夢，受到那隻寶可夢身上放置的傷害指示物的數量×20點傷害。[在備戰區不計算弱點・抵抗力。]","相手のベンチポケモン1匹に、そのポケモンにのっているダメカンの数×20ダメージ。［ベンチは弱点・抵抗力を計算しない。］","This attack does 20 damage to 1 of your opponent’s Benched Pokémon for each damage counter on that Pokémon. (Don’t apply Weakness and Resistance for Benched Pokémon.)"
"cmo1u7q6i1u415ueedv1v6cwm","大狼犬","0262","attack","H","將對手的戰鬥寶可夢與備戰寶可夢互換。[由對手選擇放置於戰鬥場的寶可夢。]","相手のバトルポケモンをベンチポケモンと入れ替える。［バトル場に出すポケモンは相手が選ぶ。］","Switch out your opponent’s Active Pokémon to the Bench. (Your opponent chooses the new Active Pokémon.)"
"cmo1u7zun2ap05uee2x7476bc","涼脊龍","0996","attack","G","從自己的牌庫抽出1張卡。","自分の山札を1枚引く。","Draw a card."
"cmo1u7pn61t6v5uee1xmluc4n","<小霞的>海星星","0120","attack","I","擲1次硬幣若為正面，則將對手的戰鬥寶可夢【麻痺】。","コインを1回投げオモテなら、相手のバトルポケモンをマヒにする。","Flip a coin. If heads, your opponent’s Active Pokémon is now Paralyzed."
"cmo1u7pu21tip5ueehcwecuin","光電傘蜥","0695","attack","H","這隻寶可夢也受到20點傷害。","このポケモンにも20ダメージ。","This Pokémon also does 20 damage to itself."
"cmo1u7o3l1qja5ueea5dhucfn","夜巡靈","0355","attack","H","從自己的棄牌區選擇最多3張「夜巡靈」，放置於備戰區。","自分のトラッシュから「ヨマワル」を3枚まで選び、ベンチに出す。","Put up to 3 Duskull from your discard pile onto your Bench."
"cmo1u8kge3aiz5ueetneptabg","瑪納霏","0490","ability","E","若這隻寶可夢在戰鬥場上，則在自己的回合時可使用1次。查看自己的牌庫上方6張卡。選擇其中1張寶可夢卡，在給對手看過後加入手牌。將剩餘卡放回牌庫並重洗。","","Once during your turn, if this Pokémon is in the Active Spot, you may look at the top 6 cards of your deck, reveal a Pokémon you find there, and put it into your hand. Shuffle the other cards back into your deck."
"cmo1u7py61tpq5ueewoi5cgtd","哥德小童","0575","attack","I","查看對手的牌庫上方5張卡，以任意順序排列，放回牌庫上方。","相手の山札を上から5枚見て、好きな順番に入れ替えて、山札の上にもどす。","Look at the top 5 cards of your opponent’s deck and put them back in any order."
"cmo1u8idp373x5ueeoynmthgo","勒克貓","0404","attack","E","對手的1隻寶可夢受到30點傷害。[在備戰區不計算弱點・抵抗力。]","","This attack does 30 damage to 1 of your opponent’s Pokémon. (Don’t apply Weakness and Resistance for Benched Pokémon.)"
"cmo1u816o2czi5ueekl790jjr","雪絨蛾","0873","attack","H","在下個對手的回合，受到這個招式的寶可夢無法使用招式。","次の相手の番、このワザを受けたポケモンは、ワザが使えない。","During your opponent’s next turn, the Defending Pokémon can’t attack."
"cmo1u8kh43ak75ueef93mfxsi","來電汪","0835","attack","D","將對手的戰鬥寶可夢與備戰寶可夢互換。[由對手選擇放置於戰鬥場的寶可夢。]","",""
"cmo1u6wrs0fqw5ueei3u3cvdj","其他以歐路普VMAX","0826","ability","D","若這隻寶可夢在戰鬥場上，則在自己的回合時可使用1次。在對手的所有寶可夢身上各放置1個傷害指示物。","このポケモンがバトル場にいるなら、自分の番に1回使える。相手のポケモン全員に、それぞれダメカンを1個のせる。",""
"cmo1u7ppu1tbg5ueef0yxd3lw","霓虹魚","0457","attack","H","若希望，從牌庫抽卡直到自己的手牌滿6張為止。","のぞむなら、自分の手札が6枚になるように、山札を引く。","You may draw cards until you have 6 cards in your hand."
"cmo1u8kfb3ah65ueeavlu7kb3","夜盜火蜥","0757","attack","E","從自己的牌庫選擇1張寶可夢卡，在給對手看過後加入手牌。並且重洗牌庫。","",""
"cmo1u6wwe0fyx5ueevx6yyp5g","堅盾劍怪V","0681","attack","D","這個招式的傷害不計算對手的戰鬥寶可夢身上的附加效果。 | 寶可夢【V】【氣絕】時，對手獲得2張獎賞卡。","このワザのダメージは、相手のバトルポケモンにかかっている効果を計算しない。",""
"cmo1u6xlr0h6l5uee2utjn109","伽勒爾 大蔥鴨","0083","attack","E","這個招式的傷害不計算抵抗力。","このワザのダメージは抵抗力を計算しない。",""
"cmo1u6xxy0hq55uee2ryokmd0","功夫鼬","0619","attack","E","擲2次硬幣，造成正面出現的次數×30點傷害。","コインを2回投げ、オモテの数×30ダメージ。",""
"cmo1u6xy90hqp5uee9rhdv5z0","駒刀小兵","0624","attack","E","在下個自己的回合，這隻寶可夢「劈開」的傷害「+70」點。","次の自分の番、このポケモンの「きりさく」のダメージは「+70」される。",""
"cmo1u821d2eew5ueerdcsffuw","瑪沙那","0307","attack","H","將這隻寶可夢恢復「20」HP。","このポケモンのHPを「20」回復する。",""
"cmo1u8i5x36qm5ueey1tfywr4","多龍梅西亞","0885","attack","E","擲1次硬幣若為正面，則增加10點傷害。","",""
"cmo1u6y470i0v5ueez20snqlb","長毛巨魔","0861","attack","E","若自己的備戰寶可夢的數量為2隻以下，則增加140點傷害。","自分のベンチポケモンの数が2匹以下なら、140ダメージ追加。",""
"cmo1u6y7u0i785ueekdx477lp","冰岩怪","0713","ability","E","若自己的棄牌區有8張以上的「競技場」卡，則這隻寶可夢使用招式所需的能量全部消除。","",""
"cmo1u6yr30j4m5ueefo64xu0i","鐵甲蛹","0011","ability","E","這隻寶可夢受到招式的傷害「-20」點。","このポケモンが受けるワザのダメージは「-20」される。","This Pokémon takes 20 less damage from attacks (after applying Weakness and Resistance)."
"cmobmwaah20242pc78dymc66v","鋼鎧鴉","0823","attack","E","在下個對手的回合，這隻寶可夢受到招式的傷害「-30」點。 | 選擇1個這隻寶可夢身上附加的能量，改附於備戰寶可夢身上。","次の相手の番、このポケモンが受けるワザのダメージは「-30」される。 | このポケモンについているエネルギーを1個選び、ベンチポケモンにつけ替える。","During your opponent’s next turn, this Pokémon takes 30 less damage from attacks (after applying Weakness and Resistance). | Move an Energy from this Pokémon to 1 of your Benched Pokémon."
"cmo1u8if5376d5ueee47dp0n6","駒刀小兵","0624","attack","E","在下個自己的回合，這隻寶可夢「劈開」的傷害「+70」點。","","During your next turn, this Pokémon’s Slash attack does 70 more damage (before applying Weakness and Resistance)."
"cmobmwai320eo2pc7wne4lc7c","其他火焰雞VMAX","0257","attack","E","在下個對手的回合，受到這個招式的寶可夢無法撤退。 | 選擇最多2隻自己的備戰區的「連擊」寶可夢，從自己的棄牌區附給那些寶可夢各1張能量卡。 | 寶可夢【VMAX】【氣絕】時，對手獲得3張獎賞卡。","次の相手の番、このワザを受けたポケモンは、にげられない。 | 自分のベンチの「れんげき」のポケモンを2匹まで選び、自分のトラッシュからエネルギーを1枚ずつつける。",""
"cmo1u7oxy1rzj5uee88jzmxpb","超級盔甲鳥ex","0227","attack","J","將這隻寶可夢身上附加的能量卡全部放回牌庫並重洗，對手的1隻寶可夢受到220點傷害。[在備戰區不計算弱點・抵抗力。]","このポケモンについているエネルギーをすべて山札にもどして切り、相手のポケモン1匹に、220ダメージ。［ベンチは弱点・抵抗力を計算しない。］",""
"cmo1u81mo2dq75uee8er46dzb","搬運小匠","0532","attack","H","擲1次硬幣若為反面，則這個招式失敗。","コインを1回投げウラなら、このワザは失敗。","Flip a coin. If tails, this attack does nothing."
"cmo1u81mv2dqj5ueeedxlrjer","晶光芽","0969","attack","H","選擇1個這隻寶可夢身上附加的能量，將其丟棄。","このポケモンについているエネルギーを1個選び、トラッシュする。","Discard an Energy from this Pokémon."
"cmo1u7pkj1t2e5ueece874p7m","爆香猿","0514","attack","H","擲2次硬幣，造成正面出現的次數×70點傷害。","コインを2回投げ、オモテの数×70ダメージ。",""
"cmo1u8ig9378d5uee3foxdnz6","葉伊布V","0470","ability","E","在自己的回合時可使用1次，若使用，則自己的回合結束。從自己的牌庫選擇1張【草】能量卡，附於自己的寶可夢身上。並且重洗牌庫。","",""
"cmo1u6yif0ipj5ueeig8epgxe","鐵掌力士","0297","ability","E","這隻寶可夢受到招式的傷害而【氣絕】時，擲1次硬幣。若為正面，則這隻寶可夢不會【氣絕】，而是以剩餘HP為「10」的狀態留在場上。","このポケモンが、ワザのダメージを受けてきぜつするとき、自分はコインを1回投げる。オモテなら、このポケモンはきぜつせず、残りHPが「10」の状態で場に残る。","If this Pokémon would be Knocked Out by damage from an attack, flip a coin. If heads, this Pokémon is not Knocked Out, and its remaining HP becomes 10."
"cmo1u7xtc27795uee8f5y9782","咚咚鼠ex","0702","attack","G","只要這隻寶可夢在備戰區，不會受到招式的傷害。 | 選擇1隻自己的備戰寶可夢，將所選的寶可夢身上放置的傷害指示物，全部改放於對手的戰鬥寶可夢身上。 | 選擇1個這隻寶可夢身上附加的能量，將其丟棄。 | 寶可夢【ex】【昏厥】時，對手獲得2張獎賞卡。","自分のベンチポケモンを1匹選び、選んだポケモンにのっているダメカンをすべて、相手のバトルポケモンにのせ替える。 | このポケモンについているエネルギーを1個選び、トラッシュする。",""
"cmo1u8igv379e5ueeslhgt8r0","火伊布V","0136","attack","E","從自己的牌庫選擇1張【火】能量卡，附於這隻寶可夢身上。並且重洗牌庫。 | 將對手的戰鬥寶可夢【灼傷】。 | 寶可夢【V】【氣絕】時，對手獲得2張獎賞卡。","",""
"cmo1u6yml0iws5ueec0tvagcr","爆香猴","0513","attack","E","擲1次硬幣若為反面，則這個招式失敗。","コインを1回投げウラなら、このワザは失敗。",""
"cmo1u7y0m27jr5ueenbae1vwb","沙螺蟒","0844","attack","G","選擇2個這隻寶可夢身上附加的能量，將其丟棄。然後，將對手的戰鬥寶可夢與附加的卡，全部放回對手的牌庫並重洗。","このポケモンについているエネルギーを2個選び、トラッシュする。その後、相手のバトルポケモンと、ついているすべてのカードを、相手の山札にもどして切る。",""
"cmobmw3v21psc2pc78hrs15nq","巨石丁","0874","attack","I","對手的1隻備戰寶可夢也受到20點傷害。[在備戰區不計算弱點・抵抗力。] | 在下個自己的回合，這隻寶可夢無法使用招式。","相手のベンチポケモン1匹にも、20ダメージ。［ベンチは弱点・抵抗力を計算しない。］ | 次の自分の番、このポケモンはワザが使えない。","This attack also does 20 damage to 1 of your opponent’s Benched Pokémon. (Don’t apply Weakness and Resistance for Benched Pokémon.) | During your next turn, this Pokémon can’t use attacks."
"cmo1u7wno256k5uee12cwu6y0","暴雪王","0460","attack","I","若這隻寶可夢身上附有2個以上【草】能量，則增加120點傷害。","このポケモンにエネルギーが2個以上ついているなら、120ダメージ追加。","If this Pokémon has 2 or more {G} Energy attached, this attack does 120 more damage."
"cmo1u8ih2379q5ueewpv9argq","熔岩蝸牛","0219","attack","E","擲3次硬幣，選擇與反面出現的次數相同數量的這隻寶可夢身上附加的能量，將其丟棄。","","Flip 3 coins. For each tails, discard an Energy from this Pokémon."
"cmo1u7y1l27lg5uee253uumz1","貓鼬斬","0335","attack","G","選擇1隻對手的備戰寶可夢，與戰鬥寶可夢互換。然後，新上場的寶可夢受到30點傷害。","相手のベンチポケモンを1匹選び、バトルポケモンと入れ替える。その後、新しく出てきたポケモンに30ダメージ。",""
"cmo1u7z2k29cz5uee5oyknqtu","班基拉斯","0248","attack","G","增加對手的備戰寶可夢的數量×30點傷害。 | 將自己的牌庫上方4張卡丟棄。","相手のベンチポケモンの数×30ダメージ追加。 | 自分の山札を上から4枚トラッシュする。","This attack does 30 more damage for each of your opponent’s Benched Pokémon. | Discard the top 4 cards of your deck."
"cmo1u7wop258c5ueezwefvs3c","<火箭隊的>天罩蟲","0825","attack","I","查看對手的牌庫上方5張卡，以任意順序排列，放回牌庫上方。","相手の山札を上から5枚見て、好きな順番に入れ替えて、山札の上にもどす。",""
"cmo1u8ihw37b65ueeh53j8bj6","雷丘","0026","attack","E","雙方的場上的所有「寶可夢【V】・【GX】」各受到50點傷害。[在備戰區不計算弱點・抵抗力。] | 將這隻寶可夢身上附加的能量全部丟棄。","","This attack does 50 damage to each Pokémon {V} and Pokémon-{GX} (both yours and your opponent’s). (Don’t apply Weakness and Resistance for Benched Pokémon.) | Discard all Energy from this Pokémon."
"cmo1u6ypf0j1p5ueexaq3cop8","驚角鹿","0234","attack","E","造成對手的戰鬥寶可夢身上附加的能量的數量×30點傷害。","相手のバトルポケモンについているエネルギーの数×30ダメージ。","This attack does 30 damage for each Energy attached to your opponent’s Active Pokémon."
"cmo1u8i9l36wv5ueekwgmcg0r","雷電雲","0642","attack","E","若希望，從自己的手牌選擇1張【雷】能量卡，附於備戰寶可夢身上。 | 這隻寶可夢也受到30點傷害。","","You may attach a {L} Energy card from your hand to 1 of your Benched Pokémon. | This Pokémon also does 30 damage to itself."
"cmo1u6yds0ihi5ueei1i7ttdm","蟾蜍王","0537","attack","E","在下個對手的回合，受到這個招式的寶可夢使用招式所需的能量與【撤退】所需的能量，各增加1個【無】能量。","次の相手の番、このワザを受けたポケモンは、ワザを使うためのエネルギーとにげるためのエネルギーが、それぞれエネルギー1個ぶん多くなる。",""
"cmo1u7wpg259l5ueeq6xri2pt","恰雷姆","0308","attack","I","若這隻寶可夢與對手的戰鬥寶可夢身上附加的能量數量相同，則增加120點傷害。","このポケモンと相手のバトルポケモンについているエネルギーの数が同じなら、120ダメージ追加。","If this Pokémon and your opponent’s Active Pokémon have the same amount of Energy attached, this attack does 120 more damage."
"cmo1u7yl028im5ueemd6kx19t","卡比獸","0143","ability","G","在自己的回合時可使用1次。從自己的棄牌區選擇最多2張「吃剩的東西」，在給對手看過後加入手牌。","自分の番に1回使える。自分のトラッシュから「たべのこし」を2枚まで選び、相手に見せて、手札に加える。","Once during your turn, you may put up to 2 Leftovers cards from your discard pile into your hand."
"cmo1u8iiy37cy5ueeq9mz2l96","愛管侍","0876","attack","E","從自己的牌庫選擇最多2張【基礎】寶可夢卡，放置於備戰區。並且重洗牌庫。","","Search your deck for up to 2 Basic Pokémon and put them onto your Bench. Then, shuffle your deck."
"cmo1u7z6d29jk5ueecw5l5f3v","怖納噬草","0947","attack","G","將這隻寶可夢恢復「30」HP。 | 在下個對手的回合，受到這個招式的寶可夢使用招式所需的能量增加2個【無】能量。","このポケモンのHPを「30」回復する。 | 次の相手の番、このワザを受けたポケモンは、ワザを使うためのエネルギーが、エネルギー2個ぶん多くなる。","Heal 30 damage from this Pokémon. | During your opponent’s next turn, attacks that the Defending Pokémon uses cost {C}{C} more."
"cmo1u7q201twb5ueez47qulfn","毒骷蛙","0454","attack","H","若對手的戰鬥寶可夢為進化寶可夢，則增加90點傷害。","相手のバトルポケモンが進化ポケモンなら、90ダメージ追加。","If your opponent’s Active Pokémon is an Evolution Pokémon, this attack does 90 more damage."
"cmo1u6yel0iiy5uee8bp2xhni","勾帕路翁","0638","attack","E","在下個自己的回合，這隻寶可夢無法使用招式。","次の自分の番、このポケモンはワザが使えない。",""
"cmo1u7z1g29b35ueevdem1a5l","巨鍛匠ex","0959","attack","G","造成自己的手牌的張數×30點傷害。 | 這個招式的傷害不計算對手的戰鬥寶可夢身上的附加效果。 | 寶可夢【ex】【昏厥】時，對手獲得2張獎賞卡。","自分の手札の枚数×30ダメージ。 | このワザのダメージは、相手のバトルポケモンにかかっている効果を計算しない。",""
"cmobmwabf203o2pc7oq7jbf37","稚山雀","0821","attack","E","擲3次硬幣，造成正面出現的次數×10點傷害。","コインを3回投げ、オモテの数×10ダメージ。",""
"cmo1u6yff0ike5uee8y7qnixq","烈箭鷹","0663","attack","E","在下個對手的回合，受到這個招式的寶可夢無法撤退。 | 若這隻寶可夢身上附有【火】能量，則增加80點傷害。","次の相手の番、このワザを受けたポケモンは、にげられない。 | このポケモンにエネルギーがついているなら、80ダメージ追加。","During your opponent’s next turn, the Defending Pokémon can’t retreat. | If this Pokémon has any {R} Energy attached, this attack does 80 more damage."
"cmo1u8kub3b6j5ueellicpxvg","好勝蟹","0739","attack","E","擲2次硬幣，造成正面出現的次數×40點傷害。","","Flip 2 coins. This attack does 40 damage for each heads."
"cmo1u7w8l24gf5ueec5dhntac","爆香猴","0513","attack","G","從自己的牌庫選擇1張【基礎】寶可夢卡，放置於備戰區。並且重洗牌庫。 | 將對手的戰鬥寶可夢【灼傷】。","自分の山札からたねポケモンを1枚選び、ベンチに出す。そして山札を切る。 | 相手のバトルポケモンをやけどにする。",""
"cmo1u6yeb0iii5ueebg1ex1pv","雙彈瓦斯","0110","attack","E","將對手的戰鬥寶可夢【混亂】。從自己的棄牌區選擇1張【惡】能量卡，附於這隻寶可夢身上。 | 增加自己的場上寶可夢身上附加的【惡】能量的數量×20點傷害。","相手のバトルポケモンをこんらんにする。自分のトラッシュからエネルギーを1枚選び、このポケモンにつける。 | 自分の場のポケモンについているエネルギーの数×20ダメージ追加。","Your opponent’s Active Pokémon is now Confused. Attach a {D} Energy card from your discard pile to this Pokémon. | This attack does 20 more damage for each {D} Energy attached to all of your Pokémon."
"cmo1u8ijj37dy5uee52go1il8","搗蛋小妖","0859","attack","E","擲1次硬幣若為正面，則增加30點傷害。","",""
"cmobmwahf20dk2pc7dy8uzdvx","以歐路普V","0826","attack","D","若希望，將這隻寶可夢與備戰寶可夢互換。 | 增加對手的戰鬥寶可夢身上附加的能量的數量×30點傷害。 | 寶可夢【V】【氣絕】時，對手獲得2張獎賞卡。","のぞむなら、このポケモンをベンチポケモンと入れ替える。 | 相手のバトルポケモンについているエネルギーの数×30ダメージ追加。",""
"cmo1u7ze029wr5ueezsy4xq3r","海豚俠","0964","attack","G","對手的1隻備戰寶可夢也受到30點傷害。[在備戰區不計算弱點・抵抗力。] | 在這個回合，若沒有從備戰區將這隻寶可夢放置於戰鬥場，則這個招式失敗。","相手のベンチポケモン1匹にも、30ダメージ。［ベンチは弱点・抵抗力を計算しない。］ | この番、このポケモンがベンチからバトル場に出ていないなら、このワザは失敗。","This attack also does 30 damage to 1 of your opponent’s Benched Pokémon. (Don’t apply Weakness and Resistance for Benched Pokémon.) | If this Pokémon didn’t move from the Bench to the Active Spot this turn, this attack does nothing."
"cmo1u6yhe0inr5ueeeqi71i2s","冰砌鵝","0875","attack","E","在下個對手的回合，這隻寶可夢不會受到【基礎】寶可夢招式的傷害。","次の相手の番、このポケモンはたねポケモンからワザのダメージを受けない。","During your opponent’s next turn, prevent all damage done to this Pokémon by attacks from Basic Pokémon."
"cmo1u7qdl1ug35ueeij9p0z1t","<火箭隊的>貓老大ex","0053","attack","I","將對手的牌庫上方10張卡翻到正面。若希望，選擇1個其中的寶可夢持有的招式，作為這個招式使用。將翻到正面的卡放回牌庫並重洗。 | 將對手的戰鬥寶可夢【混亂】。","相手の山札を上から10枚オモテにする。のぞむなら、その中にあるポケモンが持つワザを1つ選び、このワザとして使う。オモテにしたカードは山札にもどして切る。 | 相手のバトルポケモンをこんらんにする。","Reveal the top 10 cards of your opponent’s deck. You may choose an attack from a Pokémon you find there and use it as this attack. Shuffle the revealed cards into your opponent’s deck. | Your opponent’s Active Pokémon is now Confused."
"cmo1u81c62d905ueejjkndym7","狡猾天狗","0275","attack","H","選擇3隻對手的備戰寶可夢。然後，將對手的沒有選擇的所有備戰寶可夢與附加的卡，全部放回對手的牌庫並重洗。 | 選擇1個這隻寶可夢身上附加的能量，放回手牌。","相手のベンチポケモンを3匹選ぶ。その後、選んでいない相手のベンチポケモン全員と、ついているすべてのカードを、相手の山札にもどして切る。 | このポケモンについているエネルギーを1個選び、手札にもどす。","Put an Energy attached to this Pokémon into your hand."
"cmo1u8ijl37e25uee7lryvj4d","詐唬魔","0860","attack","E","擲1次硬幣若為正面，則選擇1個對手的戰鬥寶可夢身上附加的能量，將其丟棄。","","Flip a coin. If heads, discard an Energy from your opponent’s Active Pokémon."
"cmo1u6yh90inj5ueevoc1ymn1","象徵鳥","0561","attack","E","在造成傷害前，將對手的戰鬥寶可夢身上附加的「寶可夢道具」丟棄。 | 選擇1個這隻寶可夢身上附加的能量，改附於備戰寶可夢身上。","ダメージを与える前に、相手のバトルポケモンについている「ポケモンのどうぐ」をトラッシュする。 | このポケモンについているエネルギーを1個選び、ベンチポケモンにつけ替える。","Before doing damage, discard all Pokémon Tools from your opponent’s Active Pokémon. | Move an Energy from this Pokémon to 1 of your Benched Pokémon."
"cmo1u7xyv27gr5ueey5hbo4ny","三海地鼠","0961","attack","G","擲3次硬幣，將對手的牌庫上方與正面出現的次數×3張相同數量的卡丟棄。","コインを3回投げ、オモテの数×3枚ぶん、相手の山札を上からトラッシュする。","Flip 3 coins. For each heads, discard the top 3 cards of your opponent’s deck."
"cmo1u7q3y1tzo5ueesjfjleq9","八爪武師","0853","attack","H","若這隻寶可夢身上放置有傷害指示物，則這個招式只需要1個【鬥】能量即可使用。","このワザは、このポケモンにダメカンがのっているなら、エネルギー1個で使える。","If this Pokémon has any damage counters on it, this attack can be used for {F}."
"cmo1u80pq2c6t5ueevies1y5b","破破袋","0568","attack","G","將對手的戰鬥寶可夢【中毒】。","相手のバトルポケモンをどくにする。","Your opponent’s Active Pokémon is now Poisoned."
"cmo1u6vs80e0p5ueeywou31pq","多龍巴魯托","0887","ability","D","當這隻寶可夢受到招式的傷害時，己方擲1次硬幣。若為正面，則這隻寶可夢不會受到那個傷害。","このポケモンがワザのダメージを受けるとき、自分はコインを1回投げる。オモテなら、このポケモンはそのダメージを受けない。",""
"cmo1u8kw13b9f5ueewr8erzmf","龍捲雲V","0641","attack","E","若場上有競技場卡，則增加20點傷害。 | 選擇1個這隻寶可夢身上附加的能量，將其丟棄。 | 寶可夢【V】【氣絕】時，對手獲得2張獎賞卡。","",""
"cmo1u6vs10e0d5ueegmd01oa5","伽勒爾 蔥遊兵","0865","attack","D","若使用了這個招式，則這隻寶可夢離開戰鬥場前無法使用「流星突擊」。","このワザを使ったなら、このポケモンは、バトル場をはなれるまで「スターアサルト」が使えない。","This Pokémon can’t use Meteor Assault again until it leaves the Active Spot."
"cmo1u8l6i3brj5uee0kvt6k4o","輕身鱈ex","0976","attack","H","若希望，將自己的手牌全部丟棄。有丟棄的情況下，增加120點傷害。","","You may discard your hand. If you discarded any cards in this way, this attack does 120 more damage."
"cmo1u81kt2dnb5ueey9lhycu8","雪妖女","0478","ability","H","只要這隻寶可夢在場上，每次寶可夢檢查時，在雙方的擁有特性的所有寶可夢（「雪妖女」除外）身上各放置1個傷害指示物。","このポケモンがいるかぎり、ポケモンチェックのたび、おたがいの特性を持つポケモン（「ユキメノコ」をのぞく）全員に、それぞれダメカンを1個のせる。","During Pokémon Checkup, put 1 damage counter on each Pokémon that has an Ability (both yours and your opponent’s), except any Froslass."
"cmo1u6y8f0i885ueel55gt4hq","千針魚","0211","ability","E","當這隻寶可夢在戰鬥場上受到對手的寶可夢招式的傷害而【氣絕】時，在使用招式的寶可夢身上放置6個傷害指示物。","このポケモンが、バトル場で相手のポケモンからワザのダメージを受けてきぜつしたとき、ワザを使ったポケモンにダメカンを6個のせる。",""
"cmo1u7qgj1ul45ueehx0jgcv0","爆炸頭水牛ex","0626","ability","I","這隻寶可夢受到招式的傷害「-30」點。","このポケモンが受けるワザのダメージは「-30」される。","This Pokémon takes 30 less damage from attacks (after applying Weakness and Resistance)."
"cmo1u859m2jw35ueecw2jgkj0","卡比獸ex","0143","attack","H","擲3次硬幣，造成正面出現的次數×120點傷害。","コインを3回投げ、オモテの数×120ダメージ。","Flip 3 coins. This attack does 120 damage for each heads."
"cmo1u7qhb1umg5uee89utbkbh","穿著熊","0760","attack","H","從自己的牌庫選擇1張基本能量卡，附於這隻寶可夢身上。並且重洗牌庫。","自分の山札から基本エネルギーを1枚選び、このポケモンにつける。そして山札を切る。","Search your deck for a Basic Energy card and attach it to this Pokémon. Then, shuffle your deck."
"cmo1u6tes09ve5ueeh66hu9qh","強顎雞母蟲","0736","attack","E","從自己的棄牌區選擇1張【雷】能量卡，附於這隻寶可夢身上。 | 擲1次硬幣若為反面，則這個招式失敗。","自分のトラッシュからエネルギーを1枚選び、このポケモンにつける。 | コインを1回投げウラなら、このワザは失敗。","Attach a {L} Energy card from your discard pile to this Pokémon. | Flip a coin. If tails, this attack does nothing."
"cmo1u70x70mum5ueeuv0cnm18","暴噬龜","0834","attack","E","擲1次硬幣若為正面，則增加50點傷害。","コインを1回投げオモテなら、50ダメージ追加。",""
"cmo1u6yjg0irb5ueetfaq9vg3","帝牙盧卡","0483","attack","E","在下個對手的回合，受到這個招式的「寶可夢【V】」無法使用招式。","次の相手の番、このワザを受けた「ポケモンV」は、ワザが使えない。","If the Defending Pokémon is a Pokémon {V}, it can’t attack during your opponent’s next turn."
"cmo1u7yen287o5ueef4duusm8","霸王花","0045","ability","G","在自己的回合，從手牌使出這張卡並完成進化時，可使用1次。查看自己的牌庫上方8張卡，從其中選擇任意數量的基本能量卡，以任意方式附於自己的寶可夢身上。將剩餘卡放回牌庫並重洗。","自分の番に、このカードを手札から出して進化させたとき、1回使える。自分の山札を上から8枚見て、その中から基本エネルギーを好きなだけ選び、自分のポケモンに好きなようにつける。残りのカードは山札にもどして切る。","When you play this Pokémon from your hand to evolve 1 of your Pokémon during your turn, you may look at the top 8 cards of your deck and attach any number of Basic Energy cards you find there to your Pokémon in any way you like. Shuffle the other cards back into your deck."
"cmo1u7q301ty05ueeb2qwmnok","土地雲","0645","attack","I","從自己的棄牌區選擇1張「基本【鬥】能量」卡，附於這隻寶可夢身上。 | 自己的所有備戰寶可夢也各受到10點傷害。[在備戰區不計算弱點・抵抗力。]","自分のトラッシュから「基本エネルギー」を1枚選び、このポケモンにつける。 | 自分のベンチポケモン全員にも、それぞれ10ダメージ。［ベンチは弱点・抵抗力を計算しない。］","Attach a Basic {F} Energy card from your discard pile to this Pokémon. | This attack also does 10 damage to each of your Benched Pokémon. (Don’t apply Weakness and Resistance for Benched Pokémon.)"
"cmo1u7y1x27m05ueex5akfws5","愛吃豚","0915","attack","G","擲1次硬幣若為反面，則這個招式失敗。","コインを1回投げウラなら、このワザは失敗。","Flip a coin. If tails, this attack does nothing."
"cmo1u70yx0mxm5ueef38u987b","班基拉斯V","0248","attack","E","寶可夢【V】【氣絕】時，對手獲得2張獎賞卡。","",""
"cmo1u7puh1tjd5ueeix670dne","捷拉奧拉","0807","attack","H","增加對手的備戰寶可夢的數量×20點傷害。","相手のベンチポケモンの数×20ダメージ追加。",""
"cmo1u8l313blm5ueeucy3cy85","新葉喵","0906","attack","G","將這隻寶可夢恢復「10」HP。","",""
"cmo1u6ym20ivw5ueetslopuiz","花椰猿","0512","attack","E","若希望，從牌庫抽卡直到自己的手牌滿6張為止。","のぞむなら、自分の手札が6枚になるように、山札を引く。","You may draw cards until you have 6 cards in your hand."
"cmo1u8l3h3bme5ueek6o3hja7","吃吼霸","0977","attack","G","擲2次硬幣，若全部為正面，則增加100點傷害。","","Flip 2 coins. If both of them are heads, this attack does 100 more damage."
"cmo1u7wa624j45ueesnm16grs","鑰圈兒","0707","ability","G","只要這隻寶可夢在戰鬥場上，雙方場上的【基礎】寶可夢的特性（「惡作劇之鎖」除外）全部消除。","このポケモンがバトル場にいるかぎり、おたがいの場のたねポケモンの特性（「いたずらロック」をのぞく）は、すべてなくなる。","As long as this Pokémon is in the Active Spot, Basic Pokémon in play (both yours and your opponent’s) have no Abilities, except for Mischievous Lock."
"cmo1u7w5u24bi5uee10axuwrr","毒電嬰","0848","attack","G","這隻寶可夢也受到10點傷害。","このポケモンにも10ダメージ。","This Pokémon also does 10 damage to itself."
"cmo1u6ym90iw85ueel2z0e5b7","朽木妖V","0709","attack","E","在不看正面的情況下，選擇1張對手的手牌，將其丟棄。 | 寶可夢【V】【氣絕】時，對手獲得2張獎賞卡。","このポケモンのHPを「30」回復する。 | 相手の手札からオモテを見ないで1枚選び、トラッシュする。",""
"cmo1u8l4t3boq5ueemdzyonx6","卡蒂狗","0058","attack","G","從自己的牌庫選擇最多2張「基本【火】能量」卡，附於這隻寶可夢身上。並且重洗牌庫。","自分の山札から「基本エネルギー」を2枚まで選び、このポケモンにつける。そして山札を切る。","Search your deck for up to 2 Basic {R} Energy cards and attach them to this Pokémon. Then, shuffle your deck."
"cmo1u7y0027ir5ueeto7vbvvr","瑪沙那","0307","attack","G","這個招式的傷害不計算抵抗力。","このワザのダメージは抵抗力を計算しない。",""
"cmo1u6ym70iw45uee4u77217p","其他朽木妖VMAX","0709","attack","E","寶可夢【VMAX】【氣絕】時，對手獲得3張獎賞卡。","相手のトラッシュにあるサポートの枚数×40ダメージ。",""
"cmp2dfx942ofx116cjvjvtcu8","米立龍","","attack","G","從自己的牌庫選擇最多2張「基本【水】能量」卡，附於自己的1隻【基礎】寶可夢身上。並且重洗牌庫。 | 將這隻寶可夢與附加的卡，全部放回手牌。","自分の山札から「基本エネルギー」を2枚まで選び、自分のたねポケモン1匹につける。そして山札を切る。 | このポケモンと、ついているすべてのカードを、手札にもどす。","Search your deck for up to 2 Basic {W} Energy cards and attach them to 1 of your Basic Pokémon. Then, shuffle your deck. | Put this Pokémon and all attached cards into your hand."
"cmo1u8bsb2vki5ueemd5y2n5u","比克提尼","0494","attack","E","若希望，從自己的牌庫任意選擇最多2張卡加入手牌。並且重洗牌庫。","のぞむなら、自分の山札から好きなカードを2枚まで選び、手札に加える。そして山札を切る。","You may search your deck for up to 2 cards and put them into your hand. Then, shuffle your deck."
"cmo1u7wci24n55ueef4kijbhb","蜻蜻蜓","0193","attack","H","查看對手的手牌。","相手の手札を見る。","Your opponent reveals their hand."
"cmp2dgcb439kk116cu32n1smd","旋轉洛托姆","","ability","H","只有在自己的最初回合可使用1次。從自己的牌庫選擇最多3張HP為「100」以下的【無】寶可夢卡，在給對手看過後加入手牌。並且重洗牌庫。在這個回合，若已經使出了其他的「風扇呼喚」，則這個特性無法使用。","","Once during your first turn, you may search your deck for up to 3 {C} Pokémon with 100 HP or less, reveal them, and put them into your hand. Then, shuffle your deck. You can’t use more than 1 Fan Call Ability during your turn."
"cmo1u8edx308o5ueehbjdoonc","比克提尼","0494","attack","B","造成自己的場上的【基礎】寶可夢的數量×20點傷害。","",""
"cmp2dfxsk2p6m116ck0gj9fpr","鯉魚王","","attack","G","擲2次硬幣，若全部為正面，則增加20點傷害。","コインを2回投げ、すべてオモテなら、20ダメージ追加。","Flip 2 coins. If both of them are heads, this attack does 20 more damage."
"cmo1u81rm2dyl5uee2lts3ce3","電電蟲","0595","attack","H","擲1次硬幣若為正面，則在下個對手的回合，這隻寶可夢不會受到招式的傷害與效果的影響。","コインを1回投げオモテなら、次の相手の番、このポケモンはワザのダメージや効果を受けない。","Flip a coin. If heads, during your opponent’s next turn, prevent all damage from and effects of attacks done to this Pokémon."
"cmo1u8efq30bt5ueeni9ipvrl","太陽珊瑚","0222","attack","B","對手的1隻寶可夢受到這隻寶可夢身上所附加的【水】能量的數量×20點傷害。[在備戰區不計算弱點・抵抗力。]","","Discard any amount of {W} Energy from this Pokémon. Then, for each Energy card you discarded in this way, choose 1 of your opponent’s Pokémon and do 30 damage to it. (You can choose the same Pokémon more than once.) This damage isn’t affected by Weakness or Resistance."
"cmo1u7yfo289g5ueebk16wiqb","蚊香君","0061","attack","G","擲1次硬幣若為正面，則增加60點傷害。","コインを1回投げオモテなら、60ダメージ追加。","Flip a coin. If heads, this attack does 60 more damage."
"cmo1u7yjj28g55ueeqlwxwxid","寶石海星","0121","ability","G","在自己的回合時可使用1次。在對手的1隻寶可夢身上放置2個傷害指示物。然後，將這隻寶可夢與附加的卡全部丟棄。","自分の番に1回使える。相手のポケモン1匹に、ダメカンを2個のせる。その後、このポケモンと、ついているすべてのカードを、トラッシュする。","Once during your turn, you may put 2 damage counters on 1 of your opponent’s Pokémon. If you placed any damage counters in this way, discard this Pokémon and all attached cards."
"cmo1u8egn30dd5ueek9tldvob","泥巴魚","0618","attack","B","造成這隻寶可夢身上所放置的傷害指示物的數量×10點傷害。 | 將這隻寶可夢身上所附加的1個【雷】能量丟到棄牌區。","",""
"cmo1u83lo2h105ueesc8tcthh","<阿響的>火岩鼠","0156","ability","I","在自己的回合時可使用1次。從自己的牌庫選擇1張「阿響的冒險」，在給對手看過後加入手牌。並且重洗牌庫。","自分の番に1回使える。自分の山札から「ヒビキの冒険」を1枚選び、相手に見せて、手札に加える。そして山札を切る。","Once during your turn, you may search your deck for an Ethan’s Adventure card, reveal it, and put it into your hand. Then, shuffle your deck."
"cmo1u7nzu1qcw5ueeffguqwto","<火箭隊的>團珠蛛","0917","attack","I","這隻寶可夢也受到10點傷害。","このポケモンにも10ダメージ。","This Pokémon also does 10 damage to itself."
"cmo1u8eij30gm5ueevymdk5df","阿羅拉 喵喵","0052","attack","B","若在後攻玩家的最初回合使用，則增加60點傷害。","",""
"cmo1u7woj25805uee1q12gifw","<火箭隊的>果然翁","0202","attack","I","選擇1隻自己的備戰區的「火箭隊的寶可夢」，將所選的寶可夢身上放置的傷害指示物，全部改放於對手的戰鬥寶可夢身上。","自分のベンチの「ロケット団のポケモン」を1匹選び、選んだポケモンにのっているダメカンをすべて、相手のバトルポケモンにのせ替える。","Move all damage counters from 1 of your Benched Team Rocket’s Pokémon to your opponent’s Active Pokémon."
"cmo1u7yik28eh5ueebr8ef9xg","飛腿郎","0106","attack","G","對手的所有寶可夢各受到10點傷害。將這隻寶可夢與備戰寶可夢互換。[在備戰區不計算弱點・抵抗力。]","相手のポケモン全員に、それぞれ10ダメージ。このポケモンをベンチポケモンと入れ替える。［ベンチは弱点・抵抗力を計算しない。］",""
"cmo1u7o111qex5ueeruc7qijv","哥達鴨","0055","ability","I","只要這隻寶可夢在場上，雙方所有寶可夢的將自己【昏厥】的效果的特性，全部消除。","このポケモンがいるかぎり、おたがいのポケモン全員は、そのポケモン自身をきぜつさせる効果の特性が、すべてなくなる。","Pokémon in play (both yours and your opponent’s) lose any Ability that requires the Pokémon using it to Knock Out itself."
"cmo1u8eix30ha5ueeik1b1n50","臭鼬噗","0434","attack","B","將雙方的戰鬥寶可夢【混亂】。","",""
"cmo1u81nr2ds35ueexlh4v7it","席多藍恩","0485","ability","H","這隻寶可夢在戰鬥場上受到對手的寶可夢招式的傷害時，將使用招式的寶可夢【灼傷】。","このポケモンが、バトル場で相手のポケモンからワザのダメージを受けたとき、ワザを使ったポケモンをやけどにする。",""
"cmo1u8ell30lv5uee3yfuzycb","懶人獺","0287","attack","B","擲1次硬幣若為反面，則這個招式失敗。 | 將這隻寶可夢的HP全部恢復。在下個自己的回合，這隻寶可夢無法使用招式。","",""
"cmo1u7y5e27rt5ueebo8pdix9","陸地水母","0949","attack","G","若希望，選擇1個對手的戰鬥寶可夢身上附加的能量，改附於對手的備戰寶可夢身上。 | 擲3次硬幣，造成正面出現的次數×80點傷害。","のぞむなら、相手のバトルポケモンについているエネルギーを1個選び、相手のベンチポケモンにつけ替える。 | コインを3回投げ、オモテの数×80ダメージ。",""
"cmo1u7y1c27l05uee40qhei8h","仆斬將軍","0983","ability","G","只要這隻寶可夢在場上，自己的【基礎】寶可夢使用的招式，對對手的戰鬥寶可夢造成的傷害「+30」點。","このポケモンがいるかぎり、自分のたねポケモンが使うワザの、相手のバトルポケモンへのダメージは「+30」される。","Your Basic Pokémon’s attacks do 30 more damage to your opponent’s Active Pokémon (before applying Weakness and Resistance)."
"cmo1u7y8027wa5ueevlwbtutn","棄世猴","0979","attack","G","造成對手已經獲得的獎賞卡的張數×70點傷害。 | 這隻寶可夢也受到50點傷害。","相手がすでにとったサイドの枚数×70ダメージ。 | このポケモンにも50ダメージ。",""
"cmobmw3sx1por2pc75avuzckt","妙蛙種子","0001","attack","I","在下個對手的回合，受到這個招式的寶可夢無法撤退。","次の相手の番、このワザを受けたポケモンは、にげられない。","During your opponent’s next turn, the Defending Pokémon can’t retreat."
"cmo1u7y7d27v55ueeu2o7khmn","詛咒娃娃ex","0354","attack","G","在下個對手的回合，對手無法從手牌使出物品卡。 | 查看對手的手牌，造成其中訓練家卡的張數×60點傷害。 | 寶可夢【ex】【昏厥】時，對手獲得2張獎賞卡。","次の相手の番、相手は手札からグッズを出して使えない。 | 相手の手札を見て、その中にあるトレーナーズの枚数×60ダメージ。",""
"cmo1u7yf5288k5ueee38to1n6","貓老大","0053","ability","G","在自己的回合時可使用1次。從自己的牌庫選擇1張「坂木的領導力」，在給對手看過後加入手牌。並且重洗牌庫。","自分の番に1回使える。自分の山札から「サカキのカリスマ」を1枚選び、相手に見せて、手札に加える。そして山札を切る。",""
"cmo1u7yi628dt5uee66ui9i1v","霹靂電球","0100","attack","G","擲1次硬幣若為正面，則增加20點傷害。","コインを1回投げオモテなら、20ダメージ追加。",""
"cmo1u7yib28e15uee6gi5h2ee","蛋蛋","0102","attack","G","擲硬幣直到出現反面，造成正面出現的次數×30點傷害。","ウラが出るまでコインを投げ、オモテの数×30ダメージ。",""
"cmo1u6ymw0ixc5ueefx65zoez","其他暴鯉龍VMAX","0130","attack","E","寶可夢【VMAX】【氣絕】時，對手獲得3張獎賞卡。","相手のバトルポケモンについているエネルギーを1個選び、トラッシュする。",""
"cmp2dgb7o383t116che9b7a85","超級噴火龍Xex","","attack","I","將自己的場上寶可夢身上附加的任意數量的【火】能量卡丟棄，造成其張數×90點傷害。","自分の場のポケモンについているエネルギーを好きなだけトラッシュし、その枚数×90ダメージ。","Discard any amount of {R} Energy from among your Pokémon, and this attack does 90 damage for each card you discarded in this way."
"cmo1u7yj128f95ueewayavft8","吉利蛋","0113","ability","G","在自己的回合，從自己的反面朝上的獎賞卡中獲得這張卡時，若自己的備戰區有空位，則可在加入手牌前使用。將這隻寶可夢放置於自己的備戰區。然後，擲1次硬幣若為正面，則再獲得1張獎賞卡。","自分の番に、ウラになっている自分のサイドからこのカードをとったとき、自分のベンチに空きがあるなら、手札に加える前に使える。このポケモンを自分のベンチに出す。その後、コインを1回投げオモテなら、さらにサイドを1枚とる。",""
"cmo1u6yn10ixk5uee9gmi657k","伽勒爾 火紅不倒翁","0554","attack","E","擲1次硬幣若為反面，則這隻寶可夢也受到10點傷害。","コインを1回投げウラなら、このポケモンにも10ダメージ。",""
"cmo1u7yki28ht5uee27yl5j17","火伊布","0136","attack","G","擲1次硬幣若為正面，則選擇1個對手的戰鬥寶可夢身上附加的能量，將其丟棄。 | 若對手的戰鬥寶可夢為「寶可夢【ex】・【V】」，則增加90點傷害。","コインを1回投げオモテなら、相手のバトルポケモンについているエネルギーを1個選び、トラッシュする。 | 相手のバトルポケモンが「ポケモンex・V」なら、90ダメージ追加。","Flip a coin. If heads, discard an Energy from your opponent’s Active Pokémon. | If your opponent’s Active Pokémon is a Pokémon {ex} or Pokémon {V}, this attack does 90 more damage."
"cmo1u6w6k0epp5ueekxg5t3ml","伽勒爾 哭哭面具","0562","attack","D","這隻寶可夢也受到30點傷害。","このポケモンにも30ダメージ。",""
"cmp2dgbac387e116ckck96y7c","投羽梟","","attack","J","將這隻寶可夢身上附加的能量卡全部丟棄，對手的1隻寶可夢受到90點傷害。[在備戰區不計算弱點・抵抗力。]","このポケモンについているエネルギーをすべてトラッシュし、相手のポケモン1匹に、90ダメージ。［ベンチは弱点・抵抗力を計算しない。］",""
"cmo1u6w0v0efv5ueet0hypo93","八爪武師","0853","attack","D","受到這個招式的寶可夢，使用招式所需的能量增加2個【無】能量，且無法撤退。這個效果在這隻「八爪武師」離開戰鬥場前一直持續，且不會重複。 | 這個招式的傷害不計算抵抗力。","このワザを受けたポケモンは、ワザを使うためのエネルギーがエネルギー2個ぶん多くなり、にげられない。この効果は、この「オトスパス」がバトル場をはなれるまで続き、重ならない。 | このワザのダメージは抵抗力を計算しない。","Until this Grapploct leaves the Active Spot, the Defending Pokémon’s attacks cost {C}{C} more, and the Defending Pokémon can’t retreat. This effect can’t be applied more than once. | This attack’s damage isn’t affected by Resistance."
"cmo1u6xjt0h355uee2z81m5z3","火焰雞V","0257","attack","E","選擇2個這隻寶可夢身上附加的能量，將其丟棄。 | 寶可夢【V】【氣絕】時，對手獲得2張獎賞卡。","このポケモンについているエネルギーを2個選び、トラッシュする。",""
"cmp2dg10x2tpk116ctfkelkl8","帕底亞 肯泰羅","","attack","H","在下個對手的回合，受到這個招式的【基礎】寶可夢，無法使用招式。","次の相手の番、このワザを受けたたねポケモンは、ワザが使えない。","If the Defending Pokémon is a Basic Pokémon, it can’t attack during your opponent’s next turn."
"cmp2dgbby389j116c0cpfrpss","叉字蝠","","ability","J","若這隻寶可夢在戰鬥場上，則在自己的回合時可使用1次。從自己的牌庫任意選擇1張卡。重洗剩餘牌庫，將所選的卡放回牌庫上方。","",""
"cmo1u6xkt0h4x5uee3izc05nl","心蝙蝠","0528","attack","E","若自己的手牌的張數與對手的手牌的張數相同，則增加80點傷害。","自分の手札と相手の手札が同じ枚数なら、80ダメージ追加。","If you have the same number of cards in your hand as your opponent, this attack does 80 more damage."
"cmo1u6ybw0ie95uee0y6r2tc1","哥達鴨","0055","attack","E","將對手的戰鬥寶可夢【混亂】。","相手のバトルポケモンをこんらんにする。","Your opponent’s Active Pokémon is now Confused."
"cmo1u6x5j0gec5uee86gqfhjt","瓦斯彈","0109","attack","D","從自己的牌庫選擇1張從這隻寶可夢進化而來的卡，放置於這隻寶可夢身上完成進化。並且重洗牌庫。","このポケモンから進化するカードを、自分の山札から1枚選び、このポケモンにのせて進化させる。そして山札を切る。","Search your deck for a card that evolves from this Pokémon and put it onto this Pokémon to evolve it. Then, shuffle your deck."
"cmo1u6yo10iz95ueem0sitf66","穿山王","0028","attack","E","從自己的棄牌區任意選擇1張卡，在給對手看過後加入手牌。","自分のトラッシュから好きなカードを1枚選び、相手に見せて、手札に加える。",""
"cmo1u6yct0ift5ueempa79z3v","電龍","0181","attack","E","擲1次硬幣若為正面，則將對手的戰鬥寶可夢【麻痺】。 | 查看對手的手牌，若其中有能量卡，則增加90點傷害。","コインを1回投げオモテなら、相手のバトルポケモンをマヒにする。 | 相手の手札を見て、その中にエネルギーがあるなら、90ダメージ追加。",""
"cmo1u7ylb28j65ueejz46w9xr","哈克龍","0148","attack","G","在下個自己的回合，這隻寶可夢無法使用招式。","次の自分の番、このポケモンはワザが使えない。","During your next turn, this Pokémon can’t attack."
"cmo1u6yf00ijm5ueefzet46xg","火箭雀","0662","attack","E","擲1次硬幣若為正面，則增加20點傷害。","コインを1回投げオモテなら、20ダメージ追加。",""
"cmo1u7xzr27ib5ueen44gy5j5","麻花犬","0927","ability","G","這隻寶可夢不會受到對手的【火】寶可夢招式的傷害，不會【灼傷】。","このポケモンは、相手のポケモンからワザのダメージを受けず、やけどにならない。","This Pokémon can’t be Burned. Prevent all damage done to this Pokémon by attacks from your opponent’s {R} Pokémon."
"cmo1u6ylu0ivg5ueevg5pozc9","毽子草","0187","attack","E","必須將自己的1張手牌丟棄才可從手牌將這張卡附於寶可夢身上。   只要這張卡附於寶可夢身上，視為提供1個所有屬性的能量。","ウラが出るまでコインを投げ、オモテの数×20ダメージ。",""
"cmo1u7q541u1o5ueeuht0e8tc","阿柏怪","0024","attack","H","將對手的戰鬥寶可夢【中毒】與【灼傷】與【混亂】。","相手のバトルポケモンをどくとやけどとこんらんにする。",""
"cmo1u6yo70izl5ueeepg23nx2","穿著熊","0760","attack","E","將對手的戰鬥寶可夢【混亂】。","相手のバトルポケモンをこんらんにする。","Your opponent’s Active Pokémon is now Confused."
"cmo1u81cr2da05uee16w9oyk8","蟲滾泥","0953","attack","H","這隻寶可夢也受到10點傷害。","このポケモンにも10ダメージ。","This Pokémon also does 10 damage to itself."
"cmo1u8h1734se5ueef889cucm","捷拉奧拉","0807","attack","H","增加對手的備戰寶可夢的數量×20點傷害。","","This attack does 20 more damage for each of your opponent’s Benched Pokémon."
"cmo1u7q9i1u925ueexksg4o0b","金屬怪","0375","ability","H","在自己的回合時可使用1次。查看自己的牌庫上方4張卡，從其中選擇任意數量的「基本【鋼】能量」卡，以任意方式附於自己的寶可夢身上。將剩餘卡全部翻回反面並重洗，放回牌庫下方。","自分の番に1回使える。自分の山札を上から4枚見て、その中から「基本エネルギー」を好きなだけ選び、自分のポケモンに好きなようにつける。残りのカードはすべてウラにして切り、山札の下にもどす。","Once during your turn, you may look at the top 4 cards of your deck and attach any number of Basic {M} Energy cards you find there to your Pokémon in any way you like. Shuffle the other cards and put them on the bottom of your deck."
"cmp2dgk4y3jqu116c0pubthz1","鐵武者ex","","ability","G","在自己的回合，從備戰區將這隻寶可夢放置於戰鬥場時，可使用1次。在對手的1隻寶可夢身上放置2個傷害指示物。","自分の番に、このポケモンがベンチからバトル場に出たとき、1回使える。相手のポケモン1匹に、ダメカンを2個のせる。","Once during your turn, when this Pokémon moves from your Bench to the Active Spot, you may put 2 damage counters on 1 of your opponent’s Pokémon."
"cmobmx4rz3cva2pc7bslnsucc","蟲甲聖ex","0954","attack","H","從自己的牌庫下方抽出3張卡。 | 增加對手的戰鬥寶可夢身上附加的能量的數量×90點傷害。","自分の山札を下から3枚引く。 | 相手のバトルポケモンについているエネルギーの数×90ダメージ追加。","Draw 3 cards from the bottom of your deck. | This attack does 90 more damage for each Energy attached to your opponent’s Active Pokémon."
"cmo1u7psl1tg45uee69bdyp7a","雷伊布ex","0135","attack","H","若希望，將最多2張自己的備戰寶可夢身上附加的基本能量卡丟棄，增加其張數×90點傷害。 | 在下個自己的回合，這隻寶可夢無法使用招式。","のぞむなら、自分のベンチポケモンについている基本エネルギーを2枚までトラッシュし、その枚数×90ダメージ追加。 | 次の自分の番、このポケモンはワザが使えない。","You may discard up to 2 Basic Energy from your Benched Pokémon. This attack does 90 more damage for each card you discarded in this way. | During your next turn, this Pokémon can’t attack."
"cmo1u8eds308g5ueeniu6x600","萊希拉姆GX","0643","attack","B","從自己的牌庫抽出最多2張【火】能量卡，附於這隻寶可夢身上。並且重洗牌庫。 | 將對手的戰鬥寶可夢【灼傷】。 | 若希望，可從自己的手牌抽出最多5張【火】能量卡，以任意方式附於自己的寶可夢身上。［對戰中，己方只可使用1次GX招式。］ | 寶可夢GX【氣絕】時，對手獲得2張獎賞卡。","",""
"cmo1u7z0e299a5uee7sq5zkr4","小貓怪","0403","attack","G","擲1次硬幣若為反面，則這個招式失敗。","コインを1回投げウラなら、このワザは失敗。",""
"cmo1u8eg230cd5uee84asgopk","小磁怪","0081","attack","B","從自己的牌庫抽出最多3張【雷】能量卡，在給對手看過後加入手牌。並且重洗牌庫。","",""
"cmo1u7pp61tab5ueespvoq84k","雪童子","0361","attack","H","在不看正面的情況下，從對手的手牌選擇1張，查看那張卡的正面後放回對手的牌庫並重洗。","相手の手札からオモテを見ないで1枚選び、そのカードのオモテを見て、相手の山札にもどして切る。","Choose a random card from your opponent’s hand. Your opponent reveals that card and shuffles it into their deck."
"cmo1u8eg930cp5ueetg0mgzhc","閃電鳥","0145","attack","B","在這個回合，若從備戰區將這隻寶可夢放置於戰鬥場，則增加70點傷害。這個招式的傷害不計算弱點。","",""
"cmo1u7zh02a1v5ueez18y7jvb","巨鉗螳螂","0212","attack","G","增加對手的場上擁有特性的寶可夢的數量×50點傷害。","相手の場の特性を持つポケモンの数×50ダメージ追加。","This attack does 50 more damage for each of your opponent’s Pokémon in play that has an Ability."
"cmo1u8eh530e95ueeyjh3iifw","太陽岩","0338","ability","B","只要這隻寶可夢在場上，自己的場上的「月石」的最大HP改為「130」。","",""
"cmo1u81un2e3q5ueebxghvmg8","酋雷姆","0646","ability","H","若對手的棄牌區有‌名稱中有「‌阿克羅瑪」的卡，則這隻寶可夢使用「‌三重冰霜」所需的能量，改為1個【無】能量。","相手のトラッシュに、名前に「アクロマ」とつくカードがあるなら、このポケモンが「トライフロスト」を使うためのエネルギーは、エネルギー1個になる。","If your opponent has any cards in their discard pile that have ""Colress"" in the name, this Pokémon can use the Trifrost attack for {C}."
"cmp2dfyr02qhv116cyp5t7dh3","飄香豚","","attack","G","擲3次硬幣，從自己的棄牌區任意選擇最多與正面出現的次數相同數量的卡，在給對手看過後加入手牌。 | 將對手的戰鬥寶可夢【混亂】。","コインを3回投げ、オモテの数ぶんまで、自分のトラッシュから好きなカードを選び、相手に見せて、手札に加える。 | 相手のバトルポケモンをこんらんにする。","Flip 3 coins. Put a number of cards up to the number of heads from your discard pile into your hand. | Your opponent’s Active Pokémon is now Confused."
"cmobmw3wi1pup2pc7q8zas9cr","大奶罐","0241","attack","I","擲2次硬幣，若全部為正面，則將自己的1隻寶可夢的HP全部恢復。","コインを2回投げ、すべてオモテなら、自分のポケモン1匹のHPを、すべて回復する。","Flip 2 coins. If both of them are heads, heal all damage from 1 of your Pokémon."
"cmobmw3wk1put2pc7558wj073","貓鼬少","0734","attack","I","從自己的牌庫抽出1張卡。","自分の山札を1枚引く。","Draw a card."
"cmo1u8ehc30el5ueeybkpa95d","超能妙喵","0678","attack","B","將這隻寶可夢與備戰寶可夢互換。 | 增加對手的戰鬥寶可夢身上所附加的能量的數量×30點傷害。","",""
"cmo1u7wyc25on5ueea9fasixa","百足蜈蚣","0543","attack","I","將對手的戰鬥寶可夢【中毒】。","相手のバトルポケモンをどくにする。","Your opponent’s Active Pokémon is now Poisoned."
"cmo1u7o3n1qje5ueezk5e58ve","彷徨夜靈","0356","ability","H","在自己的回合時可使用1次，若使用，則將這隻寶可夢【昏厥】。在對手的1隻寶可夢身上放置5個傷害指示物。","自分の番に1回使えて、使ったなら、このポケモンをきぜつさせる。相手のポケモン1匹に、ダメカンを5個のせる。","Once during your turn, you may put 5 damage counters on 1 of your opponent’s Pokémon. If you use this Ability, this Pokémon is Knocked Out."
"cmo1u8eie30ge5ueeki88ujas","基格爾德GX","0718","attack","B","從自己的棄牌區抽出2張【鬥】能量卡，附於這隻寶可夢身上。 | 在下個對手的回合，這隻寶可夢不會受到「寶可夢GX・EX」招式的傷害。［對戰中，己方只可使用1次GX招式。］ | 寶可夢GX【氣絕】時，對手獲得2張獎賞卡。","",""
"cmo1u8lae3by45ueex3nbswby","飄飄球","0425","attack","I","擲1次硬幣若為正面，則選擇1隻對手的備戰寶可夢，與戰鬥寶可夢互換。","","Flip a coin. If heads, switch in 1 of your opponent’s Benched Pokémon to the Active Spot."
"cmo1u8eis30h25ueekpvj3ukk","瑪狃拉","0461","attack","B","將對手的戰鬥寶可夢【睡眠】。 | 造成對手的場上的擁有特性的寶可夢的數量×50點傷害。","",""
"cmo1u7zxd2ato5ueeg9fvfdu0","飄飄雛","0955","attack","G","擲1次硬幣若為正面，則將對手的戰鬥寶可夢【麻痺】。","コインを1回投げオモテなら、相手のバトルポケモンをマヒにする。","Flip a coin. If heads, your opponent’s Active Pokémon is now Paralyzed."
"cmo1u7pg61sut5uee3cc72qw2","蓋蓋蟲","0588","attack","I","將對手的戰鬥寶可夢與備戰寶可夢互換。[由對手選擇放置於戰鬥場的寶可夢。]","相手のバトルポケモンをベンチポケモンと入れ替える。［バトル場に出すポケモンは相手が選ぶ。］","Switch out your opponent’s Active Pokémon to the Bench. (Your opponent chooses the new Active Pokémon.)"
"cmo1u7plz1t4u5uee9h51h82l","炎兔兒","0813","attack","H","擲1次硬幣若為正面，則增加10點傷害。","コインを1回投げオモテなら、10ダメージ追加。","Flip a coin. If heads, this attack does 10 more damage."
"cmo1u8ej830hu5ueebqxke7zu","阿羅拉 地鼠","0050","attack","B","從自己的牌庫抽出1張【基礎】寶可夢放置於備戰區。並且重洗牌庫。","",""
"cmo1u8eja30hy5ueef10c7sp0","阿羅拉 三地鼠","0051","attack","B","這個招式的傷害不計算弱點・抵抗力。","",""
"cmo1u81zn2ec75ueefpgvexf2","電擊魔獸","0466","attack","H","在下個自己的回合，自己的所有寶可夢無法使用招式。（包含新上場的寶可夢。）","次の自分の番、自分のポケモン全員は、ワザが使えない。（新しく場に出したポケモンもふくむ。）","During your next turn, your Pokémon can’t attack. (This includes new Pokémon that come into play.)"
"cmobmw3t11poz2pc7wimonlm0","超級妙蛙花ex","0003","ability","I","在自己的回合時，可不限次數使用。選擇1個自己的場上寶可夢身上附加的「基本【草】能量」，改附於自己的其他寶可夢身上。","自分の番に何回でも使える。自分の場のポケモンについている「基本エネルギー」を1個選び、自分の別のポケモンにつけ替える。","As often as you like during your turn, you may use this Ability. Move a Basic {G} Energy from 1 of your Pokémon to another of your Pokémon."
"cmo1u8ek930jm5ueev6osz07e","阿羅拉 九尾GX","0038","ability","B","在自己的回合，當從手牌使出這張卡並完成進化時，可使用1次。從自己的牌庫抽出最多2張物品卡，在給對手看過後加入手牌。並且重洗牌庫。","",""
"cmo1u6ysv0j7a5ueechemgq4v","大力鱷","0160","ability","E","在自己的回合，當從手牌使出這張卡並完成進化時，一定要使用1次。擲1次硬幣若為正面，則將對手的牌庫上方5張卡丟棄。若為反面，則將自己的牌庫上方5張卡丟棄。","自分の番に、このカードを手札から出して進化させたとき、必ず1回使う。コインを1回投げオモテなら、相手の山札を上から5枚トラッシュする。ウラなら、自分の山札を上から5枚トラッシュする。","When you play this Pokémon from your hand to evolve 1 of your Pokémon during your turn, you must flip a coin. If heads, discard the top 5 cards of your opponent’s deck. If tails, discard the top 5 cards of your deck."
"cmo1u6ysy0j7e5ueewctte9f3","獵斑魚","0367","ability","E","只要這隻寶可夢在場上，對手的「一擊」寶可夢使用招式所需的能量增加1個【無】能量。","このポケモンがいるかぎり、相手の「いちげき」のポケモンは、ワザを使うためのエネルギーが、エネルギー1個ぶん多くなる。",""
"cmo1u8ek730ji5uee4tsnfi7n","花蓓蓓","0669","attack","B","從自己的棄牌區抽出寶可夢和基本能量卡合計3張，在給對手看過後放回牌庫並重洗。","",""
"cmo1u8ekx30kq5uee05tsp44r","哲爾尼亞斯GX","0716","attack","B","對手的1隻備戰寶可夢也受到20點傷害。[在備戰區不計算弱點・抵抗力。] | 將自己的所有寶可夢身上所放置的傷害指示物，全部改放於對手的戰鬥寶可夢身上。［對戰中，己方只可使用1次GX招式。］ | 寶可夢GX【氣絕】時，對手獲得2張獎賞卡。","",""
"cmo1u7o0z1qet5uee3fc79lzd","可達鴨","0054","ability","I","只要這隻寶可夢在場上，雙方所有寶可夢的將自己【昏厥】的效果的特性，全部消除。","このポケモンがいるかぎり、おたがいのポケモン全員は、そのポケモン自身をきぜつさせる効果の特性が、すべてなくなる。","Pokémon in play (both yours and your opponent’s) lose any Ability that requires the Pokémon using it to Knock Out itself."
"cmo1u8ekv30km5uee0k9u65xq","睡睡菇","0755","attack","B","將對手的戰鬥寶可夢【混亂】。","",""
"cmobmw41t1q342pc7rsng1a3f","勇基拉","0064","ability","I","在自己的回合，從手牌使出這張卡並完成進化時，可使用1次。從自己的牌庫抽出2張卡。","自分の番に、このカードを手札から出して進化させたとき、1回使える。自分の山札を2枚引く。","Once during your turn, when you play this Pokémon from your hand to evolve 1 of your Pokémon, you may use this Ability. Draw 2 cards."
"cmo1u7qg51ukg5uee2obfjzpz","咕咕鴿","0520","attack","I","擲1次硬幣若為反面，則這個招式失敗。若為正面，則在下個對手的回合，這隻寶可夢不會受到招式的傷害與效果的影響。","コインを1回投げウラなら、このワザは失敗。オモテなら、次の相手の番、このポケモンはワザのダメージや効果を受けない。","Flip a coin. If tails, this attack does nothing. If heads, during your opponent’s next turn, prevent all damage from and effects of attacks done to this Pokémon."
"cmo1u6ysf0j6m5ueeort6a0u1","拳海參","0771","ability","E","若手牌有這張卡，則在自己的回合時可使用1次。將這張卡放回牌庫下方。然後，從自己的牌庫抽出1張卡。在這個回合，若已經使出了其他的「拳海參上投」，則這個特性無法使用。","このカードが手札にあるなら、自分の番に1回使える。このカードを山札の下にもどす。その後、自分の山札を1枚引く。この番、すでに別の「ナマコブシなげ」を使っていたなら、この特性は使えない。","Once during your turn, if this Pokémon is in your hand, you may reveal it and put it on the bottom of your deck. If you do, draw a card. You can’t use more than 1 Pitch a Pyukumuku Ability each turn."
"cmobmw3v01ps82pc7yor0992h","瑪夏多","0802","attack","I","若對手的寶可夢因這個招式的傷害而【昏厥】了，則在下個對手的回合，這隻寶可夢不會受到招式的傷害與效果的影響。","このワザのダメージで、相手のポケモンがきぜつしたなら、次の相手の番、このポケモンはワザのダメージや効果を受けない。",""
"cmo1u6yta0j7u5ueeymr2g43s","光電傘蜥","0695","attack","E","對手的1隻備戰寶可夢也受到20點傷害。[在備戰區不計算弱點・抵抗力。]","相手のベンチポケモン1匹にも、20ダメージ。［ベンチは弱点・抵抗力を計算しない。］","This attack also does 20 damage to 1 of your opponent’s Benched Pokémon. (Don’t apply Weakness and Resistance for Benched Pokémon.)"
"cmo1u7z3429dz5ueeuur1uyl1","小箭雀","0661","attack","G","這隻寶可夢也受到10點傷害。","このポケモンにも10ダメージ。",""
"cmobmw42t1q4p2pc7nc3lj8li","超級袋獸ex","0115","ability","I","若這隻寶可夢在戰鬥場上，則在自己的回合時可使用1次。從自己的牌庫抽出2張卡。在使用了其他的「使者衝刺」的回合，這個特性無法使用。","このポケモンがバトル場にいるなら、自分の番に1回使える。自分の山札を2枚引く。この特性は別の「おつかいダッシュ」を使った番は使えない。","Once during your turn, if this Pokémon is in the Active Spot, you may use this Ability. Draw 2 cards. You can’t use more than 1 Run Errand Ability each turn."
"cmobmw41o1q2w2pc79gp8m2as","光電傘蜥","0695","attack","I","將對手的戰鬥寶可夢【混亂】。","相手のバトルポケモンをこんらんにする。","Your opponent’s Active Pokémon is now Confused."
"cmp2dgb89384l116cnbye9wq1","沙漠蜻蜓","","ability","I","在自己的回合，從手牌使出這張卡並完成進化時，與這隻寶可夢在戰鬥場上受到對手的招式的傷害而【昏厥】時，各可使用1次。將對手的牌庫上方2張卡丟棄。","","Once during your turn, when you play this Pokémon from your hand to evolve 1 of your Pokémon, you may use this Ability. You may also use this Ability if this Pokémon is in the Active Spot and is Knocked Out by damage from an attack from your opponent’s Pokémon. Discard the top 2 cards of your opponent’s deck."
"cmo1u7ye8286z5ueenxf3esvu","胖丁","0039","attack","G","從自己的牌庫選擇1張支援者卡，在給對手看過後加入手牌。並且重洗牌庫。 | 擲2次硬幣，造成正面出現的次數×20點傷害。","自分の山札からサポートを1枚選び、相手に見せて、手札に加える。そして山札を切る。 | コインを2回投げ、オモテの数×20ダメージ。","Search your deck for a Supporter card, reveal it, and put it into your hand. Then, shuffle your deck. | Flip 2 coins. This attack does 20 damage for each heads."
"cmobmw41r1q302pc76h8u0asj","凱西","0063","attack","I","將這隻寶可夢與備戰寶可夢互換。","このポケモンをベンチポケモンと入れ替える。",""
"cmp2dgb86384h116cvojw68ja","蒼炎刃鬼","","attack","I","從自己的手牌選擇4張「基本【火】能量」卡，將其丟棄。若無法丟棄4張卡，則這個招式失敗。","自分の手札から「基本エネルギー」を4枚選び、トラッシュする。4枚トラッシュできないなら、このワザは失敗。","Discard 4 Basic {R} Energy cards from your hand. If you can’t discard 4 cards in this way, this attack does nothing."
"cmobmwa8b1zyn2pc7b2eo12vc","布魯皇","0210","ability","E","在自己的回合，當從手牌使出這張卡並完成進化時，可使用1次。從自己的棄牌區選擇最多2張「寶可夢道具」卡，在給對手看過後加入手牌。","自分の番に、このカードを手札から出して進化させたとき、1回使える。自分のトラッシュから「ポケモンのどうぐ」を2枚まで選び、相手に見せて、手札に加える。","When you play this Pokémon from your hand to evolve 1 of your Pokémon during your turn, you may put up to 2 Pokémon Tool cards from your discard pile into your hand."
"cmo1u7xco26e05ueep4elxrpe","電電蟲","0595","attack","I","擲1次硬幣若為反面，則這個招式失敗。","コインを1回投げウラなら、このワザは失敗。","Flip a coin. If tails, this attack does nothing."
"cmo1u8lcx3c2l5ueevf5z2om6","小火龍","0004","attack","G","將場上的競技場卡丟棄。","場に出ているスタジアムをトラッシュする。","Discard a Stadium in play."
"cmo1u7z9f29ot5ueefiohfnxn","大嘴鷗","0279","ability","G","在自己的回合，從手牌使出這張卡並完成進化時，可使用1次。選擇自己的牌庫或者棄牌區任一方。從其中選擇1張支援者卡，在給對手看過後加入手牌。若看過牌庫，則重洗牌庫。","自分の番に、このカードを手札から出して進化させたとき、1回使える。自分の山札またはトラッシュのどちらかを選ぶ。その中からサポートを1枚選び、相手に見せて、手札に加える。山札を見たなら、山札を切る。","When you play this Pokémon from your hand to evolve 1 of your Pokémon during your turn, you may choose 1: put a Supporter card from your discard pile into your hand; or search your deck for a Supporter card, reveal it, put it into your hand, and then shuffle your deck."
"cmp2dgbap387v116cfprm1q2n","皮皮","","attack","J","選擇1隻對手的備戰寶可夢，與戰鬥寶可夢互換。","相手のベンチポケモンを1匹選び、バトルポケモンと入れ替える。",""
"cmo1u8esx30yh5ueeurs67l3g","伊布","0133","attack","H","從自己的牌庫選擇1張【基礎】寶可夢卡，放置於備戰區。並且重洗牌庫。","自分の山札からたねポケモンを1枚選び、ベンチに出す。そして山札を切る。","Search your deck for a Basic Pokémon and put it onto your Bench. Then, shuffle your deck."
"cmo1u8ldj3c3l5uee854xw93g","卡咪龜","0008","attack","G","從自己的棄牌區選擇最多3張「基本【水】能量」卡，在給對手看過後加入手牌。","",""
"cmobmw47g1qcf2pc7ae4h4ad2","波皇子","0394","attack","I","對手的1隻備戰寶可夢受到70點傷害。[在備戰區不計算弱點・抵抗力。]","相手のベンチポケモン1匹に、70ダメージ。［ベンチは弱点・抵抗力を計算しない。］",""
"cmobmw47l1qcn2pc7frttox59","來電汪","0835","attack","I","擲1次硬幣若為正面，則增加20點傷害。","コインを1回投げオモテなら、20ダメージ追加。","Flip a coin. If heads, this attack does 20 more damage."
"cmo1u8eta30z55ueetd2g6aum","呆呆獸","0079","ability","J","這隻寶可夢不會【混亂】。","このポケモンはこんらんにならない。",""
"cmo1u7zed29xb5ueek2pry5q9","雷電雲","0642","ability","G","只要這隻寶可夢在戰鬥場上，自己的所有備戰寶可夢不會受到對手的招式的傷害。","このポケモンがバトル場にいるかぎり、自分のベンチポケモン全員は、相手のワザのダメージを受けない。","As long as this Pokémon is in the Active Spot, prevent all damage done to your Benched Pokémon by attacks from your opponent’s Pokémon."
"cmobmw47o1qcr2pc7dcoj1gh1","逐電犬","0836","attack","I","擲1次硬幣若為正面，則增加70點傷害。","コインを1回投げオモテなら、70ダメージ追加。","Flip a coin. If heads, this attack does 70 more damage."
"cmp2dgbcd38a3116ciorxupjz","凱路迪歐","","attack","J","對手的1隻備戰寶可夢也受到20點傷害。[在備戰區不計算弱點・抵抗力。] | 選擇1個這隻寶可夢身上附加的能量，改附於備戰寶可夢身上。","","This Pokémon also does 50 damage to itself. Your opponent’s Active Pokémon is now Paralyzed."
"cmobmw48s1qek2pc7ubcmgg2c","沙漠蜻蜓","0330","ability","I","在自己的回合，從手牌使出這張卡並完成進化時，與這隻寶可夢在戰鬥場上受到對手的招式的傷害而【昏厥】時，各可使用1次。將對手的牌庫上方2張卡丟棄。","自分の番に、このカードを手札から出して進化させたときと、このポケモンがバトル場で相手のワザのダメージを受けてきぜつしたとき、それぞれ1回使える。相手の山札を上から2枚トラッシュする。",""
"cmobmwa9720032pc73nh325c9","大岩蛇","0095","attack","E","在下個對手的回合，這隻寶可夢受到招式的傷害「-30」點。","次の相手の番、このポケモンが受けるワザのダメージは「-30」される。","During your opponent’s next turn, this Pokémon takes 30 less damage from attacks (after applying Weakness and Resistance)."
"cmobmwa9l200r2pc74g1ezaut","伽勒爾 堵攔熊","0862","attack","E","選擇對手的戰鬥寶可夢持有的1個招式。在下個對手的回合，受到這個招式的寶可夢無法使用被選擇的招式。 | 若對手的戰鬥寶可夢身上放置有傷害指示物，則增加90點傷害。","相手のバトルポケモンが持っているワザを1つ選ぶ。次の相手の番、このワザを受けたポケモンは、選ばれたワザが使えない。 | 相手のバトルポケモンにダメカンがのっているなら、90ダメージ追加。","Choose 1 of your opponent’s Active Pokémon’s attacks. During your opponent’s next turn, that Pokémon can’t use that attack. | If your opponent’s Active Pokémon already has any damage counters on it, this attack does 90 more damage."
"cmobmw4aa1qh12pc7xnozry6f","蛇紋熊","0263","attack","I","擲1次硬幣若為反面，則這個招式失敗。","コインを1回投げウラなら、このワザは失敗。","Flip a coin. If tails, this attack does nothing."
"cmp2dgbd338b0116csa1eq90y","電龍","","ability","J","若自己的手牌與對手的手牌張數相同，則這隻寶可夢使用的招式，對對手的戰鬥寶可夢造成的傷害「+80」點。","自分の手札と相手の手札が同じ枚数なら、このポケモンが使うワザの、相手のバトルポケモンへのダメージは「+80」される。",""
"cmobmw4af1qh92pc7lcmvvvhb","捲捲耳","0427","attack","I","將這隻寶可夢與備戰寶可夢互換。","このポケモンをベンチポケモンと入れ替える。","Switch this Pokémon with 1 of your Benched Pokémon."
"cmo1u7yi828dx5uee3ew50nj6","頑皮雷彈","0101","attack","G","在造成傷害前，將自己的場上寶可夢身上附加的任意數量的「寶可夢道具」卡丟棄，增加其張數×40點傷害。","ダメージを与える前に、自分の場のポケモンについている「ポケモンのどうぐ」を好きなだけトラッシュし、その枚数×40ダメージ追加。","Before doing damage, you may discard any number of Pokémon Tools from your Pokémon. This attack does 40 more damage for each card you discarded in this way."
"cmobmw3tr1pq72pc7mgozu6b3","波爾凱尼恩","0721","attack","I","將對手的戰鬥寶可夢【灼傷】。 | 選擇2個這隻寶可夢身上附加的【火】能量，放回手牌。","相手のバトルポケモンをやけどにする。 | このポケモンについているエネルギーを2個選び、手札にもどす。","Your opponent’s Active Pokémon is now Burned. | Put 2 {R} Energy attached to this Pokémon into your hand."
"cmobmw3tu1pqb2pc7ntndjyvl","炎兔兒","0813","attack","I","擲1次硬幣若為反面，則這個招式失敗。","コインを1回投げウラなら、このワザは失敗。","Flip a coin. If tails, this attack does nothing."
"cmo1u7pq81tc45uee6s22la8k","幾何雪花","0615","attack","I","從自己的牌庫選擇1張寶可夢卡，在給對手看過後加入手牌。並且重洗牌庫。 | 擲1次硬幣若為正面，則將對手的戰鬥寶可夢【麻痺】。","自分の山札からポケモンを1枚選び、相手に見せて、手札に加える。そして山札を切る。 | コインを1回投げオモテなら、相手のバトルポケモンをマヒにする。","Switch in 1 of your opponent’s Benched Pokémon to the Active Spot. This attack does 20 damage to the new Active Pokémon."
"cmobmw3vr1pth2pc72b5cz1os","滋汁鼴","0944","attack","I","將對手的戰鬥寶可夢【中毒】。","相手のバトルポケモンをどくにする。","Your opponent’s Active Pokémon is now Poisoned."
"cmobmw3w81pu92pc782qnwkfb","巨鍛匠","0959","attack","I","減少對手的戰鬥寶可夢身上附加的能量的數量×60點傷害。","相手のバトルポケモンについているエネルギーの数×60ダメージぶん、このワザのダメージは小さくなる。","This attack does 60 less damage for each Energy attached to your opponent’s Active Pokémon."
"cmobmw3wg1pul2pc7h1u5px2o","大嘴雀","0022","attack","I","擲5次硬幣，造成正面出現的次數×30點傷害。","コインを5回投げ、オモテの数×30ダメージ。","Flip 5 coins. This attack does 30 damage for each heads."
"cmo1u7nyz1qbg5ueezbmjsvpa","蜻蜻蜓","0193","attack","I","將對手的戰鬥寶可夢與備戰寶可夢互換。[由對手選擇放置於戰鬥場的寶可夢。]","相手のバトルポケモンをベンチポケモンと入れ替える。［バトル場に出すポケモンは相手が選ぶ。］","Switch out your opponent’s Active Pokémon to the Bench. (Your opponent chooses the new Active Pokémon.)"
"cmo1u7wwy25m75ueev5h369zu","麻麻鰻魚王","0604","attack","I","擲1次硬幣若為正面，則將對手的戰鬥寶可夢【麻痺】。 | 擲4次硬幣，造成正面出現的次數×100點傷害。","コインを1回投げオモテなら、相手のバトルポケモンをマヒにする。 | コインを4回投げ、オモテの数×100ダメージ。","Flip a coin. If heads, your opponent’s Active Pokémon is now Paralyzed. | Flip 4 coins. This attack does 100 damage for each heads."
"cmo1u7o1w1qgd5uee6hgexxlz","三合一磁怪","0082","ability","H","在自己的回合時可使用1次，若使用，則將這隻寶可夢【昏厥】。從自己的棄牌區選擇最多3張基本能量卡，以任意方式附於自己的【雷】寶可夢身上。","自分の番に1回使えて、使ったなら、このポケモンをきぜつさせる。自分のトラッシュから基本エネルギーを3枚まで選び、自分のポケモンに好きなようにつける。","Once during your turn, you may attach up to 3 Basic Energy cards from your discard pile to your {L} Pokémon in any way you like. If you use this Ability, this Pokémon is Knocked Out."
"cmo1u7o261qgt5ueea6kcpqsg","泥巴魚","0618","attack","I","在下個對手的回合，受到這個招式的寶可夢無法撤退。在下個自己的回合，受到這個招式的寶可夢受到招式的傷害「+100」點。","次の相手の番、このワザを受けたポケモンは、にげられない。次の自分の番、このワザを受けたポケモンが受けるワザのダメージは「+100」される。","During your opponent’s next turn, the Defending Pokémon can’t retreat. During your next turn, the Defending Pokémon takes 100 more damage from attacks (after applying Weakness and Resistance)."
"cmo1u7o2h1qhd5ueet8vxnhsd","捷拉奧拉","0807","attack","I","將這隻寶可夢身上附加的能量卡全部丟棄，對手的備戰區的1隻「寶可夢【ex】」受到210點傷害。[在備戰區不計算弱點・抵抗力。]","このポケモンについているエネルギーをすべてトラッシュし、相手のベンチの「ポケモンex」1匹に、210ダメージ。［ベンチは弱点・抵抗力を計算しない。］","Discard all Energy from this Pokémon, and this attack does 210 damage to 1 of your opponent’s Benched Pokémon {ex}. (Don’t apply Weakness and Resistance for Benched Pokémon.)"
"cmo1u7qga1uko5uee7tv2av51","差不多娃娃","0531","attack","I","若希望，從牌庫抽卡直到自己的手牌滿6張為止。","のぞむなら、自分の手札が6枚になるように、山札を引く。","You may draw cards until you have 6 cards in your hand."
"cmo1u80ti2cd65ueevi2587zw","爆香猿","0514","ability","G","若自己的場上有「花椰猿」「爆香猿」「冷水猿」，則這隻寶可夢使用招式所需的【無】能量全部消除。","自分の場に「ヤナッキー」「バオッキー」「ヒヤッキー」がいるなら、このポケモンがワザを使うためのエネルギーは、すべてなくなる。","If you have Simisage, Simisear, and Simipour in play, ignore all {C} Energy in the costs of attacks used by this Pokémon."
"cmobmw40r1q1f2pc7d281rl9o","變澀蜥","0817","attack","I","擲2次硬幣，造成正面出現的次數×30點傷害。","コインを2回投げ、オモテの数×30ダメージ。","Flip 2 coins. This attack does 30 damage for each heads."
"cmobmw4191q282pc7xknxhr3j","自爆磁怪","0462","attack","I","在這個回合，若這隻寶可夢從「三合一磁怪」進化，則增加120點傷害。 | 在下個自己的回合，這隻寶可夢無法使用「閃光伏特」。","この番に、このポケモンが「レアコイル」から進化していたなら、120ダメージ追加。 | 次の自分の番、このポケモンは「フラッシュボルト」が使えない。","If this Pokémon evolved from Magneton during this turn, this attack does 120 more damage. | During your next turn, this Pokémon can’t use Flashing Bolt."
"cmobmw41m1q2s2pc7lvr3u7hf","傘電蜥","0694","attack","I","擲2次硬幣，造成正面出現的次數×10點傷害。","コインを2回投げ、オモテの数×10ダメージ。","Flip 2 coins. This attack does 10 damage for each heads."
"cmo1u7pp11ta35ueedz8c557u","醜醜魚","0349","attack","H","將這隻寶可夢與備戰寶可夢互換。","このポケモンをベンチポケモンと入れ替える。",""
"cmobmw42i1q482pc7r85ng50c","墓仔狗","0971","attack","I","這隻寶可夢也受到10點傷害。","このポケモンにも10ダメージ。","This Pokémon also does 10 damage to itself."
"cmobmw42n1q4g2pc7yfyoltaw","超級拉帝亞斯ex","0380","attack","I","若希望，將這隻寶可夢與備戰寶可夢互換。 | 將這隻寶可夢身上附加的能量卡全部丟棄。","のぞむなら、このポケモンをベンチポケモンと入れ替える。 | このポケモンについているエネルギーを、すべてトラッシュする。","You may switch this Pokémon with 1 of your Benched Pokémon. | Discard all Energy from this Pokémon."
"cmobmw42q1q4k2pc75hexjsz0","拉帝歐斯","0381","ability","I","在自己的回合，從備戰區將自己的「超級拉帝亞斯【ex】」放置於戰鬥場時，可使用1次。選擇自己的備戰寶可夢身上附加的任意數量的能量卡，改附於戰鬥寶可夢身上。","自分の番に、自分の「メガラティアスex」がベンチからバトル場に出たとき、1回使える。自分のベンチポケモンについているエネルギーを好きなだけ選び、バトルポケモンにつけ替える。","Once during your turn, when your Mega Latias {ex} moves from your Bench to the Active Spot, you may use this Ability. Move any amount of Energy from your Benched Pokémon to your Active Pokémon."
"cmobmw4301q512pc7lciyg8r9","長耳兔","0428","attack","I","對手的1隻備戰寶可夢受到50點傷害。[在備戰區不計算弱點・抵抗力。]","相手のベンチポケモン1匹に、50ダメージ。［ベンチは弱点・抵抗力を計算しない。］","This attack does 50 damage to 1 of your opponent’s Benched Pokémon. (Don’t apply Weakness and Resistance for Benched Pokémon.)"
"cmo1u7o4d1qkm5ueefjggf2wx","瑪沙那","0307","attack","I","從自己的牌庫抽出1張卡。","自分の山札を1枚引く。",""
"cmobmw4341q592pc7uztn9h7c","穿著熊","0760","attack","I","擲2次硬幣，若全部為正面，則增加100點傷害。","コインを2回投げ、すべてオモテなら、100ダメージ追加。","Flip 2 coins. If both of them are heads, this attack does 100 more damage."
"cmo1u81252crt5ueebi2enj9y","古鼎鹿","1003","attack","H","若場上有競技場卡，則對手的所有備戰寶可夢也各受到30點傷害，並將那張競技場卡丟棄。[在備戰區不計算弱點・抵抗力。]","場にスタジアムが出ているなら、相手のベンチポケモン全員にも、それぞれ30ダメージを与え、そのスタジアムをトラッシュする。［ベンチは弱点・抵抗力を計算しない。］","If a Stadium is in play, this attack also does 30 damage to each of your opponent’s Benched Pokémon, and discard that Stadium. (Don’t apply Weakness and Resistance for Benched Pokémon.)"
"cmo1u7pus1tjx5ueek8h0bp3r","電肚蛙","0939","attack","H","擲1次硬幣若為正面，則將對手的戰鬥寶可夢【麻痺】。","コインを1回投げオモテなら、相手のバトルポケモンをマヒにする。","Flip a coin. If heads, your opponent’s Active Pokémon is now Paralyzed."
"cmo1u81jc2dl65ueewz2x9nt7","來悲粗茶","1013","attack","H","將4個傷害指示物以任意方式放置於對手的寶可夢身上。 | 將最多3張自己的場上寶可夢身上附加的【草】能量卡丟棄，造成其張數×70點傷害。","ダメカン4個を、相手のポケモンに好きなようにのせる。 | 自分の場のポケモンについているエネルギーを3枚までトラッシュし、その枚数×70ダメージ。","Discard up to 3 {G} Energy cards from your Pokémon. This attack does 70 damage for each card you discarded in this way."
"cmo1u7pq11tbs5ueezphnfhc6","迷你冰","0582","attack","I","擲1次硬幣若為正面，則增加20點傷害。","コインを1回投げオモテなら、20ダメージ追加。","Flip a coin. If heads, this attack does 20 more damage."
"cmo1u8j9l38ly5ueejjb78lv5","妙蛙花V","0003","attack","D","將對手的戰鬥寶可夢【中毒】與【睡眠】。 | 在下個自己的回合，這隻寶可夢無法使用「日光颱風」。 | 寶可夢【V】【氣絕】時，對手獲得2張獎賞卡。","",""
"cmobmw45z1q9y2pc793by2ebx","蓮帽小童","0271","attack","I","將這隻寶可夢恢復「30」HP。","このポケモンのHPを「30」回復する。","Heal 30 damage from this Pokémon."
"cmobmw4671qab2pc757wav978","豆蟋蟀","0919","attack","I","擲3次硬幣，造成正面出現的次數×10點傷害。","コインを3回投げ、オモテの数×10ダメージ。","Flip 3 coins. This attack does 10 damage for each heads."
"cmo1u7xe526gk5uee1adsbv18","酷豹","0510","attack","I","在不看正面的情況下，從對手的手牌選擇1張，將其丟棄。","相手の手札からオモテを見ないで1枚選び、トラッシュする。","Discard a random card from your opponent’s hand."
"cmo1u8j9u38me5uee3kkq7vm2","鐵殼蛹","0014","attack","D","將這隻寶可夢恢復「30」HP。","","Heal 30 damage from this Pokémon."
"cmobmw4691qaf2pc7v0ntbg12","烈腿蝗","0920","attack","I","將這隻寶可夢與附加的卡全部放回牌庫並重洗。","このポケモンと、ついているすべてのカードを、山札にもどして切る。","Shuffle this Pokémon and all attached cards into your deck."
"cmobmw46s1qbb2pc7o8u5hxr3","花舞鳥ex","0741","ability","I","若自己的場上有【火】屬性的「超級進化寶可夢【ex】」，則在自己的回合時，可不限次數使用。從自己的手牌選擇1張「基本【火】能量」卡，附於備戰區的【火】寶可夢身上。","自分の場にタイプの「メガシンカex」がいるなら、自分の番に何回でも使える。自分の手札から「基本エネルギー」を1枚選び、ベンチのポケモンにつける。","As often as you like during your turn, if you have any {R} Mega Evolution Pokémon {ex} in play, you may use this Ability. Attach a Basic {R} Energy card from your hand to 1 of your Benched {R} Pokémon."
"cmo1u7o5e1qme5ueey4sjmil8","火箭隊的大嘴蝠","0042","ability","I","在自己的回合，從手牌使出這張卡並完成進化時，可使用1次。在對手的1隻寶可夢身上放置2個傷害指示物。","自分の番に、このカードを手札から出して進化させたとき、1回使える。相手のポケモン1匹に、ダメカンを2個のせる。","When you play this Pokémon from your hand to evolve 1 of your Pokémon during your turn, you may put 2 damage counters on 1 of your opponent’s Pokémon."
"cmobmw47b1qc72pc79j5mfyza","水君","0245","attack","I","若自己的場上的【水】能量有4個以上，則增加90點傷害。","自分の場にエネルギーが4個以上あるなら、90ダメージ追加。","If you have at least 4 {W} Energy in play, this attack does 90 more damage."
"cmobmw47j1qcj2pc7839iun8j","洛托姆ex","0479","ability","I","只要這隻寶可夢在場上，名稱中有「洛托姆」的自己的所有寶可夢，各自身上最多可附有2張「寶可夢道具」卡。（這個特性消除時，將身上多附的「寶可夢道具」卡丟棄。）","このポケモンがいるかぎり、名前に「ロトム」とつく自分のポケモン全員は、それぞれ「ポケモンのどうぐ」を2枚までつけられる。（この特性がなくなったとき、多くついている「ポケモンのどうぐ」をトラッシュする。）","Each of your Pokémon that has ""Rotom"" in its name may have up to 2 Pokémon Tool cards attached. If this Ability goes away, discard Pokémon Tools from those Pokémon until only 1 remains on each."
"cmobmw47q1qcv2pc7ta6qv2ht","布撥","0921","attack","I","在下個對手的回合，受到這個招式的寶可夢使用招式的傷害「-30」點。","次の相手の番、このワザを受けたポケモンが使うワザのダメージは「-30」される。","During your opponent’s next turn, attacks used by the Defending Pokémon do 30 less damage (before applying Weakness and Resistance)."
"cmobmw47w1qd42pc7d511lntt","巴布土撥","0923","attack","I","若希望，這隻寶可夢也受到60點傷害，將對手的戰鬥寶可夢【麻痺】。","のぞむなら、このポケモンにも60ダメージを与え、相手のバトルポケモンをマヒにする。","You may have this Pokémon also do 60 damage to itself and make your opponent’s Active Pokémon Paralyzed."
"cmo1u7o5v1qn65uee4ph6p9r1","伽勒爾 堵攔熊","0862","attack","I","造成對手的戰鬥寶可夢身上放置的傷害指示物的數量×70點傷害。 | 選擇1個這隻寶可夢身上附加的能量，將其丟棄。","相手のバトルポケモンにのっているダメカンの数×70ダメージ。 | このポケモンについているエネルギーを1個選び、トラッシュする。","This attack does 70 damage for each damage counter on your opponent’s Active Pokémon. | Discard an Energy from this Pokémon."
"cmobmw4811qdc2pc7jyn437de","夢妖魔ex","0429","ability","I","只要這隻寶可夢在戰鬥場上，在對手的回合，每次對手的戰鬥寶可夢回到備戰區時，將新上場的寶可夢【混亂】。","このポケモンがバトル場にいるかぎり、相手の番に、相手のバトルポケモンがベンチにもどるたび、新しく出てきたポケモンをこんらんにする。","As long as this Pokémon is in the Active Spot, whenever your opponent’s Active Pokémon moves to the Bench during their turn, their new Active Pokémon is now Confused."
"cmobmw4891qdo2pc75h901ksz","蒼響","0888","attack","I","若對手剩餘獎賞卡的張數為3張以下，則增加90點傷害。","相手のサイドの残り枚数が3枚以下なら、90ダメージ追加。",""
"cmo1u7o691qnu5ueemn087i0b","流氓熊貓","0675","attack","I","若自己的備戰區的「頑皮熊貓」身上放置有傷害指示物，則增加120點傷害。","自分のベンチの「ヤンチャム」にダメカンがのっているなら、120ダメージ追加。","If any of your Benched Pancham have any damage counters on them, this attack does 120 more damage."
"cmobmw48z1qew2pc7cfvlwkjw","利牙魚","0318","attack","I","這隻寶可夢也受到10點傷害。","このポケモンにも10ダメージ。",""
"cmo1u7o7z1qqr5ueeaq530lnr","旋轉洛托姆","0479","ability","H","只有在自己的最初回合可使用1次。從自己的牌庫選擇最多3張HP為「100」以下的【無】寶可夢卡，在給對手看過後加入手牌。並且重洗牌庫。在這個回合，若已經使出了其他的「風扇呼喚」，則這個特性無法使用。","最初の自分の番にだけ1回使える。自分の山札から、HPが「100」以下のポケモンを3枚まで選び、相手に見せて、手札に加える。そして山札を切る。この番、すでに別の「ファンコール」を使っていたなら、この特性は使えない。",""
"cmobmw4a71qgx2pc71pdikhmz","圖圖犬","0235","attack","I","擲3次硬幣，從自己的棄牌區選擇最多與正面出現的次數相同數量的基本能量卡，以任意方式附於備戰寶可夢身上。","コインを3回投げ、オモテの数ぶんまで、自分のトラッシュから基本エネルギーを選び、ベンチポケモンに好きなようにつける。","Flip 3 coins. Attach an amount of Basic Energy up to the number of heads from your discard pile to your Benched Pokémon in any way you like."
"cmobmw4ac1qh52pc7klj3mlcv","直衝熊","0264","ability","I","若這隻寶可夢在備戰區，且自己的場上有「超級進化寶可夢【ex】」，則在自己的回合時可使用1次。將這隻寶可夢與戰鬥寶可夢互換。","このポケモンがベンチにいて、自分の場に「メガシンカex」がいるなら、自分の番に1回使える。このポケモンをバトルポケモンと入れ替える。","Once during your turn, if this Pokémon is on your Bench, and if you have any Mega Evolution Pokémon {ex} in play, you may use this Ability. Switch this Pokémon with your Active Pokémon."
"cmo1u8jbu38pf5ueeguvxqn17","水君","0245","attack","D","選擇2個這隻寶可夢身上附加的【水】能量，放回手牌。","","Put 2 {W} Energy attached to this Pokémon into your hand."
"cmo1u7o6g1qo65ueeng3tibwt","駒刀小兵","0624","attack","I","將對手的戰鬥寶可夢與備戰寶可夢互換。[由對手選擇放置於戰鬥場的寶可夢。]","相手のバトルポケモンをベンチポケモンと入れ替える。［バトル場に出すポケモンは相手が選ぶ。］","Switch out your opponent’s Active Pokémon to the Bench. (Your opponent chooses the new Active Pokémon.)"
"cmo1u8jc338pr5ueeda6qjpvm","醜醜魚","0349","attack","D","將這隻寶可夢恢復「20」HP。","",""
"cmo1u8jcg38qb5uee9sged97l","美納斯","0350","ability","D","在自己的回合時，可使用1次。將自己的所有寶可夢各恢復「20」HP。","",""
"cmo1u7nz81qbw5ueefuqg5mz3","狩獵鳳蝶","0267","attack","I","擲1次硬幣若為正面，則將對手的戰鬥寶可夢【麻痺】。 | 查看對手的手牌，造成其中能量卡的張數×80點傷害。","コインを1回投げオモテなら、相手のバトルポケモンをマヒにする。 | 相手の手札を見て、その中にあるエネルギーの枚数×80ダメージ。","Flip a coin. If heads, your opponent’s Active Pokémon is now Paralyzed. | Your opponent reveals their hand, and this attack does 80 damage for each Energy card you find there."
"cmo1u82ir2f6t5ueemugxf45i","塗標客","0945","attack","H","從對手的棄牌區選擇最多3張能量卡，以任意方式附於對手的寶可夢身上。 | 造成對手的所有寶可夢身上附加的能量的數量×40點傷害。","相手のトラッシュからエネルギーを3枚まで選び、相手のポケモンに好きなようにつける。 | 相手のポケモン全員についているエネルギーの数×40ダメージ。","This attack does 40 damage for each Energy attached to all of your opponent’s Pokémon."
"cmo1u81em2dd95uee8606ag4p","佛烈托斯","0205","attack","H","擲3次硬幣，造成正面出現的次數×30點傷害。 | 這隻寶可夢也受到40點傷害。","コインを3回投げ、オモテの数×30ダメージ。 | このポケモンにも40ダメージ。","Flip 3 coins. This attack does 30 damage for each heads. | This Pokémon also does 40 damage to itself."
"cmo1u8jd838rn5ueeg5c64qzq","暴噬龜V","0834","ability","D","這隻寶可夢受到招式的傷害「-30」點。","",""
"cmo1u8jd638rj5ueeggagrnpu","其他暴噬龜VMAX","0834","ability","D","這隻寶可夢受到招式的傷害「-30」點。","",""
"cmo1u8jdf38rz5uee7u45491d","夢幻V","0151","attack","D","造成雙方的戰鬥寶可夢身上附加的能量的數量×30點傷害。 | 寶可夢【V】【氣絕】時，對手獲得2張獎賞卡。","",""
"cmo1u7xeu26hs5uee8sew4zfk","堅果啞鈴","0598","attack","I","對手的1隻寶可夢，受到這隻寶可夢身上附加的能量的數量×20點傷害。[在備戰區不計算弱點・抵抗力。]","相手のポケモン1匹に、このポケモンについているエネルギーの数×20ダメージ。［ベンチは弱点・抵抗力を計算しない。］","This attack does 20 damage to 1 of your opponent’s Pokémon for each Energy attached to this Pokémon. (Don’t apply Weakness and Resistance for Benched Pokémon.)"
"cmo1u7o1e1qfh5ueegjzvfs4d","N的多多冰","0583","attack","I","在下個對手的回合，受到這個招式的寶可夢無法使用招式。","次の相手の番、このワザを受けたポケモンは、ワザが使えない。","During your opponent’s next turn, the Defending Pokémon can’t use attacks."
"cmo1u7o1l1qft5ueeddnbizal","雪絨蛾","0873","ability","I","若這隻寶可夢在戰鬥場上，則在自己的回合時可使用1次。雙方玩家各從牌庫抽出1張卡。","このポケモンがバトル場にいるなら、自分の番に1回使える。おたがいのプレイヤーは、それぞれ山札を1枚引く。","Once during your turn, if this Pokémon is in the Active Spot, you may use this Ability. Each player draws a card."
"cmo1u8jdz38sv5uee27qmletq","怨影娃娃","0353","attack","D","在對手的戰鬥寶可夢身上放置1個傷害指示物。","",""
"cmo1u8jdx38sr5ueeuj2gaznm","哥德小姐","0576","attack","D","將對手的戰鬥寶可夢【混亂】。 | 在不看正面的情況下，從對手的手牌選擇2張，在看過那些卡正面後放回對手的牌庫並重洗。","","Your opponent’s Active Pokémon is now Confused. | Choose 2 random cards from your opponent’s hand. Your opponent reveals those cards and shuffles them into their deck."
"cmo1u7o421qk25ueehszbpwdv","<火箭隊的>謎擬Ｑ","0778","attack","I","選擇1個對手的戰鬥場的「太晶」寶可夢持有的招式，作為這個招式使用。","相手のバトル場の「テラスタル」のポケモンが持つワザを1つ選び、このワザとして使う。","Choose 1 of your opponent’s Active Tera Pokémon’s attacks and use it as this attack."
"cmo1u8i5936pi5ueei8hoggwl","咚咚鼠","0702","attack","D","造成自己的棄牌區的，持有「瘋狂派對」招式的寶可夢的數量×20點傷害。","",""
"cmo1u7o3u1qjq5uee8q2tg527","洛托姆","0479","attack","I","從自己的牌庫選擇任意數量的名稱中有「洛托姆」的寶可夢卡，放置於備戰區。並且重洗牌庫。 | 造成自己的所有寶可夢身上附加的「寶可夢道具」的數量×30點傷害。","自分の山札から、名前に「ロトム」とつくポケモンを好きなだけ選び、ベンチに出す。そして山札を切る。 | 自分のポケモン全員についている「ポケモンのどうぐ」の数×30ダメージ。",""
"cmo1u8jep38u05uee21im9xl1","哲爾尼亞斯","0716","attack","D","從自己的棄牌區任意選擇1張卡，在給對手看過後加入手牌。 | 將這隻寶可夢恢復「30」HP。","","Put a card from your discard pile into your hand. | Heal 30 damage from this Pokémon."
"cmo1u7o741qpb5ueenw4t0dov","超級快龍ex","0149","ability","I","在自己的回合時可使用1次。將自己的戰鬥寶可夢與備戰寶可夢互換。","自分の番に1回使える。自分のバトルポケモンをベンチポケモンと入れ替える。","Once during your turn, you may use this Ability. Switch your Active Pokémon with 1 of your Benched Pokémon."
"cmo1u8jet38u85uee3a7eo4g4","蒂安希","0719","ability","D","只要這隻寶可夢在戰鬥場上，自己的所有寶可夢受到對手的寶可夢招式的傷害「-30」點。","","As long as this Pokémon is in the Active Spot, your Pokémon take 30 less damage from attacks from your opponent’s Pokémon (after applying Weakness and Resistance)."
"cmo1u7o4b1qki5ueekzrur3qc","火箭隊的三地鼠","0051","ability","I","只要這隻寶可夢在場上，在對手的回合，每次對手的戰鬥寶可夢回到備戰區時，在那隻寶可夢身上放置2個傷害指示物。","このポケモンがいるかぎり、相手の番に、相手のバトルポケモンがベンチにもどるたび、そのポケモンにダメカンを2個のせる。","Whenever your opponent’s Active Pokémon moves to the Bench during their turn, place 2 damage counters on that Pokémon."
"cmo1u82jk2f855ueecs88gzgv","變隱龍","0352","ability","H","這隻寶可夢受到招式的傷害時，自己擲1次硬幣。若為正面，則這隻寶可夢不會受到那個傷害。","このポケモンがワザのダメージを受けるとき、自分はコインを1回投げる。オモテなら、このポケモンはそのダメージを受けない。","If any damage is done to this Pokémon by attacks, flip a coin. If heads, prevent that damage. | This attack does 30 damage to 1 of your opponent’s Pokémon. (Don’t apply Weakness and Resistance for Benched Pokémon.)"
"cmo1u7nyx1qbc5ueeuommhdiz","<阿響的>凱羅斯","0127","attack","I","在上個對手的回合，若自己的「阿響的寶可夢」因招式的傷害而【昏厥】了，則增加100點傷害。","前の相手の番に、ワザのダメージで、自分の「ヒビキのポケモン」がきぜつしていたなら、100ダメージ追加。","If any of your Ethan’s Pokémon were Knocked Out by damage from an attack during your opponent’s last turn, this attack does 100 more damage."
"cmo1u7o5c1qma5ueelxng5bw5","火箭隊的超音蝠","0041","attack","I","將對手的戰鬥寶可夢【中毒】。","相手のバトルポケモンをどくにする。","Your opponent’s Active Pokémon is now Poisoned."
"cmo1u83g82grn5ueebjzsnu68","N的齒輪兒","0599","attack","I","擲2次硬幣，造成正面出現的次數×10點傷害。","コインを2回投げ、オモテの数×10ダメージ。","Flip 2 coins. This attack does 10 damage for each heads."
"cmp2dgb8m3852116ckmf21ssy","含羞苞","","attack","H","在下個對手的回合，對手無法從手牌使出物品卡。","次の相手の番、相手は手札からグッズを出して使えない。","During your opponent’s next turn, they can’t play any Item cards from their hand."
"cmo1u6y7g0i6k5ueexd4icwyg","冰寶","0712","attack","E","每次從自己的手牌將能量附於這隻寶可夢身上時，都將這隻寶可夢的特殊狀態全部恢復。 | 增加這隻寶可夢身上附加的能量的數量×30點傷害。若希望，在造成傷害後，從棄牌區選擇最多3張能量卡，附於這隻寶可夢身上。 | 寶可夢【V】【氣絕】時，對手獲得2張獎賞卡。","",""
"cmobmw40g1q0z2pc7lbuwbdvp","超級暴雪王ex","0460","attack","I","將自己的牌庫上方6張卡丟棄，造成其中「基本【水】能量」卡的張數×100點傷害。 | 在下個對手的回合，這隻寶可夢受到招式的傷害「-30」點。","自分の山札を上から6枚トラッシュし、その中にある「基本エネルギー」の枚数×100ダメージ。 | 次の相手の番、このポケモンが受けるワザのダメージは「-30」される。","Discard the top 6 cards of your deck, and this attack does 100 damage for each Basic {W} Energy card that you discarded in this way. | During your opponent’s next turn, this Pokémon takes 30 less damage from attacks (after applying Weakness and Resistance)."
"cmo1u7p6m1sea5ueeqsoixlq7","步哨鼠","0505","attack","J","擲3次硬幣。若出現正面，則查看對手的手牌，從其中選擇與正面出現的次數相同數量的卡，放回對手的牌庫並重洗。","コインを3回投げる。オモテが出たなら、相手の手札を見て、その中からカードをオモテの数ぶん選び、相手の山札にもどして切る。",""
"cmobmw4ah1qhd2pc7kzni3ujk","超級長耳兔ex","0428","attack","I","在這個回合，若從備戰區將這隻寶可夢放置於戰鬥場，則增加170點傷害。 | 這個招式的傷害不計算對手的戰鬥寶可夢身上的附加效果。","この番に、このポケモンがベンチからバトル場に出ていたなら、170ダメージ追加。 | このワザのダメージは、相手のバトルポケモンにかかっている効果を計算しない。","If this Pokémon moved from your Bench to the Active Spot this turn, this attack does 170 more damage. | This attack’s damage isn’t affected by any effects on your opponent’s Active Pokémon."
"cmo1u7o5y1qna5ueesqbtk46g","<竹蘭的>花岩怪","0442","attack","I","造成自己的備戰區的所有「竹蘭的寶可夢」身上放置的傷害指示物的數量×10點傷害。這個招式的傷害不計算弱點。","自分のベンチの「シロナのポケモン」全員にのっているダメカンの数×10ダメージ。このワザのダメージは弱点を計算しない。","This attack does 10 damage for each damage counter on all of your Benched Cynthia’s Pokémon. This attack’s damage isn’t affected by Weakness."
"cmp4ow6if0wuaaqxqshknq6nw","呱呱泡蛙","","attack","J","從自己的牌庫抽出1張卡。","自分の山札を1枚引く。",""
"cmo1u7p691sdl5ueetm4z81wl","超級毒藻龍ex","0691","attack","J","將對手的所有寶可夢身上附加的「寶可夢道具」卡與「特殊能量」卡全部丟棄。 | 將對手的戰鬥寶可夢【中毒】。因這個【中毒】而放置的傷害指示物的數量改為16個。","相手のポケモン全員についている「ポケモンのどうぐ」と「特殊エネルギー」を、すべてトラッシュする。 | 相手のバトルポケモンをどくにする。このどくでのせるダメカンの数は16個になる。",""
"cmo1u7o601qne5uee1n1nrw3j","滑滑小子","0559","attack","I","在不看正面的情況下，從對手的手牌選擇1張，將其丟棄。","相手の手札からオモテを見ないで1枚選び、トラッシュする。","Discard a random card from your opponent’s hand."
"cmp47cbh70wv41150ybuppg0u","超級花葉蒂ex","","attack","J","將雙方的所有寶可夢各恢復「30」HP。 | 從自己的牌庫選擇最多4張「基本【超】能量」卡，以任意方式附於備戰寶可夢身上。並且重洗牌庫。","おたがいのポケモン全員のHPを、それぞれ「30」回復する。 | 自分の山札から「基本エネルギー」を4枚まで選び、ベンチポケモンに好きなようにつける。そして山札を切る。",""
"cmo1u7no41psp5ueek575nulm","超級沙奈朵ex","0282","attack","I","從牌庫附給自己的所有備戰寶可夢各1張「基本【超】能量」卡。並且重洗牌庫。 | 造成自己的所有寶可夢身上附加的【超】能量的數量×50點傷害。","自分のベンチポケモン全員に、山札から「基本エネルギー」を1枚ずつつける。そして山札を切る。 | 自分のポケモン全員についているエネルギーの数×50ダメージ。","For each of your Benched Pokémon, search your deck for a Basic {P} Energy card and attach it to that Pokémon. Then, shuffle your deck. | This attack does 50 damage for each {P} Energy attached to all of your Pokémon."
"cmo1u7ovx1rw25ueev7lqdtjl","冰雪巨龍","0699","ability","J","只要這隻寶可夢在場上，自己的所有身上附有【水】能量卡的寶可夢，受到對手的寶可夢招式的傷害「-50」點。這個特性的效果不會重複。","このポケモンがいるかぎり、エネルギーがついている自分のポケモン全員が、相手のポケモンから受けるワザのダメージは「-50」される。この特性の効果は重ならない。","All of your Pokémon that have any {W} Energy attached take 50 less damage from attacks from your opponent’s Pokémon (after applying Weakness and Resistance). The effect of Tundra Wall doesn’t stack."
"cmo1u7o041qdd5ueed0huv6hw","<阿響的>熔岩蝸牛","0219","ability","I","若這隻寶可夢身上沒有附加能量卡，則這隻寶可夢【撤退】所需的能量全部消除。","このポケモンにエネルギーがついていないなら、このポケモンのにげるためのエネルギーは、すべてなくなる。","If this Pokémon has no Energy attached, it has no Retreat Cost."
"cmo1u7ovc1rv25uee9sxce51d","烈箭鷹","0663","ability","J","在自己的回合時可使用1次。擲1次硬幣若為正面，則在不看正面的情況下，從對手的手牌選擇1張，將其丟棄。","自分の番に1回使える。コインを1回投げオモテなら、相手の手札からオモテを見ないで1枚選び、トラッシュする。","Once during your turn, you may use this Ability. Flip a coin. If heads, discard a random card from your opponent’s hand."
"cmo1u6ybu0ie55ueegfhkr7kg","啪咚猴","0811","attack","E","在不看正面的情況下，選擇1張對手的手牌，將其丟棄。","相手の手札からオモテを見ないで1枚選び、トラッシュする。",""
"cmo1u7o6q1qon5ueevy2ef2jn","瑪機雅娜","0801","ability","I","只要這隻寶可夢在戰鬥場上，每次從自己的手牌將能量卡附於寶可夢身上時，將那隻寶可夢恢復「90」HP。","このポケモンがバトル場にいるかぎり、自分の手札からエネルギーをポケモンにつけるたび、そのポケモンのHPを「90」回復する。","As long as this Pokémon is in the Active Spot, whenever you attach an Energy card from your hand to 1 of your Pokémon, heal 90 damage from that Pokémon."
"cmo1u7ovs1rvu5ueek37z1cr6","超級寶石海星ex","0121","attack","J","對手的1隻備戰寶可夢也受到50點傷害。[在備戰區不計算弱點・抵抗力。] | 這個招式的傷害不計算弱點・抵抗力與對手的戰鬥寶可夢身上的附加效果。","相手のベンチポケモン1匹にも、50ダメージ。［ベンチは弱点・抵抗力を計算しない。］ | このワザのダメージは、弱点・抵抗力と、相手のバトルポケモンにかかっている効果を計算しない。","This attack also does 50 damage to 1 of your opponent’s Benched Pokémon. (Don’t apply Weakness and Resistance for Benched Pokémon.) | This attack’s damage isn’t affected by Weakness or Resistance, or by any effects on your opponent’s Active Pokémon."
"cmo1u7otx1rsq5ueeb2fcxuqf","<瑪俐的>長毛巨魔ex","0861","ability","I","在自己的回合，從手牌使出這張卡並完成進化時，可使用1次。從自己的牌庫選擇最多5張「基本【惡】能量」卡，以任意方式附於自己的「瑪俐的寶可夢」身上。並且重洗牌庫。","自分の番に、このカードを手札から出して進化させたとき、1回使える。自分の山札から「基本エネルギー」を5枚まで選び、自分の「マリィのポケモン」に好きなようにつける。そして山札を切る。","When you play this Pokémon from your hand to evolve 1 of your Pokémon during your turn, you may search your deck for up to 5 Basic {D} Energy cards and attach them to your Marnie’s Pokémon in any way you like. Then, shuffle your deck."
"cmo1u7o6x1qoz5ueesah7xq5e","赫普的蒼響ex","0888","attack","I","對手的1隻備戰寶可夢也受到30點傷害。[在備戰區不計算弱點・抵抗力。] | 在下個自己的回合，這隻寶可夢無法使用「無畏斬」。","相手のベンチポケモン1匹にも、30ダメージ。［ベンチは弱点・抵抗力を計算しない。］ | 次の自分の番、このポケモンは「ブレイブスラッシュ」が使えない。","This attack also does 30 damage to 1 of your opponent’s Benched Pokémon. (Don’t apply Weakness and Resistance for Benched Pokémon.) | During your next turn, this Pokémon can’t use Brave Slash."
"cmo1u7oyb1s075uee1m603okn","拉達","0020","attack","J","在造成傷害前，將對手的戰鬥寶可夢身上附加的「寶可夢道具」卡丟棄。 | 造成自己備戰區的所有「小拉達」身上放置的傷害指示物的數量×40點傷害。","ダメージを与える前に、相手のバトルポケモンについている「ポケモンのどうぐ」をトラッシュする。 | 自分のベンチの「コラッタ」全員にのっているダメカンの数×40ダメージ。","Before doing damage, discard all Pokémon Tools from your opponent’s Active Pokémon. | This attack does 40 damage for each damage counter on all of your Benched Rattata."
"cmo1u8l603bqq5uee48keb83g","謎擬Ｑ","0778","ability","G","這隻寶可夢不會受到對手的「寶可夢【ex】・【V】」招式的傷害。","このポケモンは、相手の「ポケモンex・V」からワザのダメージを受けない。","Prevent all damage done to this Pokémon by attacks from your opponent’s Pokémon {ex} and Pokémon {V}. | Put 7 damage counters on your opponent’s Active Pokémon."
"cmo1u7o721qp75ueeii42w7zw","哈克龍","0148","ability","I","若這隻寶可夢身上附有能量卡，則在自己的回合時可使用1次。從自己的牌庫選擇1張進化寶可夢卡，在給對手看過後加入手牌。並且重洗牌庫。","このポケモンにエネルギーがついているなら、自分の番に1回使える。自分の山札から進化ポケモンを1枚選び、相手に見せて、手札に加える。そして山札を切る。","Once during your turn, if this Pokémon has any Energy attached, you may use this Ability. Search your deck for an Evolution Pokémon, reveal it, and put it into your hand. Then, shuffle your deck."
"cmo1u828e2epd5uee5owj6xl5","磨牙彩皮魚","0779","ability","H","這隻寶可夢在戰鬥場受到對手的寶可夢招式的傷害時，在使用招式的寶可夢身上放置3個傷害指示物。","このポケモンが、バトル場で相手のポケモンからワザのダメージを受けたとき、ワザを使ったポケモンにダメカンを3個のせる。","If this Pokémon is in the Active Spot and is damaged by an attack from your opponent’s Pokémon (even if this Pokémon is Knocked Out), put 3 damage counters on the Attacking Pokémon."
"cmo1u7nza1qc05ueegod8nggd","盾甲繭","0268","attack","I","將這隻寶可夢與備戰寶可夢互換。","このポケモンをベンチポケモンと入れ替える。",""
"cmobmw9r21z7x2pc7e3neh6kr","土龍弟弟","0206","ability","E","只要這隻寶可夢在場上，雙方的場上的所有【無】寶可夢的弱點全部消除。","このポケモンがいるかぎり、おたがいの場のポケモン全員の弱点は、すべてなくなる。","{C} Pokémon in play (both yours and your opponent’s) have no Weakness."
"cmo1u7nzp1qco5uee32oe67jz","石居蟹","0557","attack","I","從自己的牌庫選擇1張從這隻寶可夢進化而來的卡，放置於這隻寶可夢身上完成進化。並且重洗牌庫。","このポケモンから進化するカードを、自分の山札から1枚選び、このポケモンにのせて進化させる。そして山札を切る。","Search your deck for a card that evolves from this Pokémon and put it onto this Pokémon to evolve it. Then, shuffle your deck."
"cmo1u7pjx1t1a5ueev0liwg04","烈焰猴","0392","ability","H","在自己的回合時可使用1次。從自己的手牌選擇「基本【火】能量」卡與「基本【鬥】能量」卡最多各1張，以任意方式附於自己的寶可夢身上。","自分の番に1回使える。自分の手札から「基本エネルギー」と「基本エネルギー」をそれぞれ1枚まで選び、自分のポケモンに好きなようにつける。","Once during your turn, you may attach a Basic {R} Energy card, a Basic {F} Energy card, or 1 of each from your hand to your Pokémon in any way you like."
"cmo1u7o7c1qpn5ueehdtnkho8","N的捷克羅姆","0644","attack","I","這個招式的傷害不計算對手的戰鬥寶可夢身上的附加效果。 | 在下個自己的回合，這隻寶可夢無法使用招式。","このワザのダメージは、相手のバトルポケモンにかかっている効果を計算しない。 | 次の自分の番、このポケモンはワザが使えない。","This attack’s damage isn’t affected by any effects on your opponent’s Active Pokémon. | During your next turn, this Pokémon can’t use attacks."
"cmo1u823u2eio5ueezrnetyiv","毛毛角羊","0832","ability","H","這隻寶可夢受到招式的傷害「-30」點。","このポケモンが受けるワザのダメージは「-30」される。","This Pokémon takes 30 less damage from attacks (after applying Weakness and Resistance)."
"cmo1u83lc2h0g5uee99m78zbq","蜜集大蛇","1019","attack","I","從自己的手牌將6張「基本【草】能量」卡丟棄，將對手的戰鬥寶可夢【昏厥】。若無法丟棄6張，則這個招式失敗。","自分の手札から「基本エネルギー」を6枚トラッシュし、相手のバトルポケモンをきぜつさせる。6枚トラッシュできないなら、このワザは失敗。","Discard 6 Basic {G} Energy cards from your hand, and Knock Out your opponent’s Active Pokémon. If you can’t discard 6 cards in this way, this attack does nothing."
"cmo1u8i7b36sz5ueee3xotoyi","叉字蝠V","0169","ability","D","在自己的回合，當從手牌將這張卡放置於備戰區時，可使用1次。從牌庫抽卡直到自己的手牌滿6張為止。在這個回合，若已經使出了其他的「暗夜能源」，則這個特性無法使用。","",""
"cmo1u8jg638wk5ueer6ck57jo","伽勒爾 堵攔熊","0862","ability","D","在自己的回合時，可使用1次。對手將對手自己的手牌丟棄直到剩4張為止。","","Once during your turn, you may have your opponent discard cards from their hand until they have 4 cards in their hand."
"cmo1u7ptb1thd5ueewrffhxmb","斑斑馬","0522","attack","E","從自己的牌庫抽出1張卡。","自分の山札を1枚引く。","During your opponent’s next turn, the Defending Pokémon’s attacks do 20 less damage (before applying Weakness and Resistance)."
"cmo1u7o8a1qrb5ueej56tw47t","太樂巴戈斯","1024","attack","I","從自己的牌庫選擇最多3張各不同屬性的基本能量卡，以任意方式附於自己的「太晶」寶可夢身上。並且重洗牌庫。","自分の山札から、それぞれちがうタイプの基本エネルギーを3枚まで選び、自分の「テラスタル」のポケモンに好きなようにつける。そして山札を切る。","Attach a Basic Energy card from your hand to this Pokémon. | Move a Basic Energy from this Pokémon to 1 of your Benched Pokémon."
"cmo1u821z2efw5ueeb6aeebfp","吞食獸","0317","attack","H","若這隻寶可夢身上附加的能量的數量，比對手的戰鬥寶可夢身上附加的能量的數量多，則增加160點傷害。 | 將對手的戰鬥寶可夢【中毒】。","このポケモンについているエネルギーの数が、相手のバトルポケモンについているエネルギーの数より多いなら、160ダメージ追加。 | 相手のバトルポケモンをどくにする。","If this Pokémon has more Energy attached than your opponent’s Active Pokémon, this attack does 160 more damage. | Your opponent’s Active Pokémon is now Poisoned."
"cmobmw73q1uyi2pc7jnnkl7rr","青木的樹枕尾熊","0775","ability","F","若這隻寶可夢在備戰區，則在自己的回合時可使用1次。從自己的手牌選擇1張能量卡，附於戰鬥場的「青木的寶可夢」身上。","このポケモンがベンチにいるなら、自分の番に1回使える。自分の手札からエネルギーを1枚選び、バトル場の「アオキのポケモン」につける。",""
"cmo1u8jh338y45ueech5l3ikl","烏賊王","0687","attack","D","將對手的戰鬥寶可夢【混亂】。 | 擲2次硬幣，增加正面出現的次數×40點傷害。","","Your opponent’s Active Pokémon is now Confused. | Flip 2 coins. This attack does 40 more damage for each heads."
"cmo1u7y8r27xm5ueeq1nlniza","愛管侍","0876","attack","I","從自己的牌庫選擇1張自己的1隻場上寶可夢進化而來的卡，放置於那隻寶可夢身上完成進化。並且重洗牌庫。 | 將對手的戰鬥寶可夢【睡眠】。","自分の場のポケモン1匹から進化するカードを、自分の山札から1枚選び、そのポケモンにのせて進化させる。そして山札を切る。 | 相手のバトルポケモンをねむりにする。","If you go first, you can use this attack during your first turn. Search your deck for a card and put it into your hand. Then, shuffle your deck."
"cmo1u7pqd1tcc5uee36bw0c2c","闇黑酋雷姆ex","0646","attack","H","若對手的戰鬥寶可夢為【龍】寶可夢，則將那隻寶可夢【麻痺】。 | 這隻寶可夢也受到30點傷害。","相手のバトルポケモンがポケモンなら、そのポケモンをマヒにする。 | このポケモンにも30ダメージ。","If your opponent’s Active Pokémon is a {N} Pokémon, it is now Paralyzed. | This Pokémon also does 30 damage to itself."
"cmo1u7wo025745uee8whal4v1","浩大鯨ex","0975","ability","I","對手從手牌使出物品卡或者支援者卡時，這隻寶可夢不會受到那個效果的影響。","このポケモンは、相手が手札からグッズまたはサポートを出して使ったとき、その効果を受けない。","Whenever your opponent plays an Item or Supporter card from their hand, prevent all effects of that card done to this Pokémon."
"cmo1u6t6g09gz5uee4e4vfhzj","胡帕","0720","attack","D","在這個回合，若沒有從備戰區將這隻寶可夢放置於戰鬥場，則這個招式失敗。這個招式的傷害不計算弱點。","この番、このポケモンがベンチからバトル場に出ていないなら、このワザは失敗。このワザのダメージは弱点を計算しない。","If this Pokémon didn’t move from the Bench to the Active Spot this turn, this attack does nothing. This attack’s damage isn’t affected by Weakness."
"cmo1u7z2129c35ueew3txenzu","投擲猴","0766","attack","G","選擇1個這隻寶可夢身上附加的能量，改附於備戰寶可夢身上。","このポケモンについているエネルギーを1個選び、ベンチポケモンにつけ替える。",""
"cmo1u8jhh38yt5ueei9aockwh","其他無極汰那VMAX","0890","ability","D","若自己的所有場上寶可夢皆為【惡】屬性則生效。可放置於自己的備戰區的【惡】寶可夢數量改為8隻，其他屬性無法放置於場上。（當這個特性不生效後，將備戰區的寶可夢丟棄直到變為5隻為止。）","",""
"cmo1u7pex1sso5uee3312ynu9","斗笠菇","0286","attack","H","在下個自己的回合，這隻寶可夢無法使用招式。","次の自分の番、このポケモンはワザが使えない。","During your next turn, this Pokémon can’t attack."
"cmo1u7q5h1u2c5ueemzapo1xn","<火箭隊的>尼多王ex","0034","attack","I","將對手的戰鬥寶可夢【中毒】。因這個【中毒】而放置的傷害指示物的數量改為8個。","相手のバトルポケモンをどくにする。このどくでのせるダメカンの数は8個になる。","Your opponent’s Active Pokémon is now Poisoned. During Pokémon Checkup, put 8 damage counters on that Pokémon instead of 1."
"cmo1u7wmw25585ueev2milnok","<火箭隊的>火焰鳥ex","0146","attack","I","在下個對手的回合，這隻寶可夢受到招式的傷害「-50」點。 | 選擇1張這隻寶可夢身上附加的「火箭隊能量」，將其丟棄。這個情況下，將對手的戰鬥寶可夢與附加的卡全部丟棄。","次の相手の番、このポケモンが受けるワザのダメージは「-50」される。 | このポケモンについている「ロケット団エネルギー」を1枚選び、トラッシュする。その場合、相手のバトルポケモンと、ついているすべてのカードを、トラッシュする。","During your opponent’s next turn, this Pokémon takes 50 less damage from attacks (after applying Weakness and Resistance). | Discard a Team Rocket’s Energy from this Pokémon. If you do, discard your opponent’s Active Pokémon and all attached cards."
"cmo1u7pv41tkh5ueescjze7q2","大電海燕","0941","attack","H","將這隻寶可夢身上附加的所有能量卡，以任意方式改附於備戰寶可夢身上。","このポケモンについているエネルギーをすべて、ベンチポケモンに好きなようにつけ替える。","Move all Energy from this Pokémon to your Benched Pokémon in any way you like."
"cmo1u7yzy298i5ueez3r2qpyf","火箭雀","0662","attack","G","這隻寶可夢也受到10點傷害。","このポケモンにも10ダメージ。",""
"cmo1u8jho38z55uee41fahmif","洛奇亞","0249","attack","D","若對手的手牌為5張以下，則這個招式失敗。","","If your opponent has 5 or fewer cards in their hand, this attack does nothing."
"cmo1u7y4x27r15uee1nu8r9ry","粉蝶蛹","0665","ability","G","這隻寶可夢就算在自己的最初回合或者剛使出的回合，也可進化。","このポケモンは、最初の自分の番や、出したばかりの番でも進化できる。",""
"cmo1u7y5v27sl5ueexjiln3x4","黑魯加","0229","attack","G","選擇1個這隻寶可夢身上附加的能量，將其丟棄。","このポケモンについているエネルギーを1個選び、トラッシュする。","Discard an Energy from this Pokémon."
"cmo1u7pl41t3e5ueeac8b9fdb","火神蛾","0637","ability","I","在自己的回合，若從自己的手牌將1張「基本【火】能量」卡丟棄，則可使用1次。將對手的戰鬥寶可夢【灼傷】。","自分の番に、自分の手札から「基本エネルギー」を1枚トラッシュするなら、1回使える。相手のバトルポケモンをやけどにする。","You must discard a Basic {R} Energy card from your hand in order to use this Ability. Once during your turn, you may make your opponent’s Active Pokémon Burned."
"cmo1u7ww825kz5uee4xvugxkm","蟾蜍王","0537","attack","I","造成自己的場上的，持有「輪唱」招式的寶可夢的數量×70點傷害。","自分の場の、ワザ「りんしょう」を持つポケモンの数×70ダメージ。","This attack does 70 damage for each of your Pokémon in play that has the Round attack."
"cmo1u7wwk25lj5ueeb9lszdkw","凍原熊","0614","attack","I","擲硬幣直到出現反面，造成正面出現的次數×50點傷害。 | 在下個對手的回合，受到這個招式的寶可夢無法使用招式。","ウラが出るまでコインを投げ、オモテの数×50ダメージ。 | 次の相手の番、このワザを受けたポケモンは、ワザが使えない。","Flip a coin until you get tails. This attack does 50 damage for each heads. | During your opponent’s next turn, the Defending Pokémon can’t use attacks."
"cmo1u7wv425j25ueehg8yfgd8","裙兒小姐","0549","attack","I","擲1次硬幣若為正面，則將對手的戰鬥寶可夢【中毒】與【麻痺】。若為反面，則將對手的戰鬥寶可夢【混亂】。","コインを1回投げオモテなら、相手のバトルポケモンをどくとマヒにする。ウラなら、相手のバトルポケモンをこんらんにする。","Flip a coin. If heads, your opponent’s Active Pokémon is now Paralyzed and Poisoned. If tails, your opponent’s Active Pokémon is now Confused."
"cmo1u7o361qil5ueeickdyp0c","波克基斯","0468","ability","H","只要這隻寶可夢在場上，每次當對手的戰鬥寶可夢【昏厥】時，自己擲1次硬幣。若為正面，則多獲得1張獎賞卡。無論有多少隻擁有這個特性的寶可夢，這個效果也不會重複。","このポケモンがいるかぎり、相手のバトルポケモンがきぜつするたび、自分はコインを1回投げる。オモテなら、サイドを1枚多くとる。この効果は、この特性を持つポケモンが何匹いても、重ならない。","When your opponent’s Active Pokémon is Knocked Out, flip a coin. If heads, take 1 more Prize card. The effect of Wonder Kiss doesn’t stack."
"cmo1u8jjj392d5ueezs6cr9j6","其他噴火龍VMAX","0006","attack","D","選擇2個這隻寶可夢身上附加的能量，將其丟棄。 | 寶可夢【VMAX】【氣絕】時，對手獲得3張獎賞卡。","",""
"cmo1u7peq1ssc5ueepx18iyqu","時拉比","0251","attack","D","從自己的牌庫抽出1張卡。","自分の山札を1枚引く。","Search your deck for up to 3 {G} Energy cards and attach them to your Benched Pokémon in any way you like. Then, shuffle your deck."
"cmo1u7nzi1qcc5ueegs1aeci9","<竹蘭的>羅絲雷朵","0407","ability","I","只要這隻寶可夢在場上，自己的「竹蘭的寶可夢」使用的招式，對對手的戰鬥寶可夢造成的傷害「+30」點。","このポケモンがいるかぎり、自分の「シロナのポケモン」が使うワザの、相手のバトルポケモンへのダメージは「+30」される。","Attacks used by your Cynthia’s Pokémon do 30 more damage to your opponent’s Active Pokémon (before applying Weakness and Resistance)."
"cmo1u7wyf25or5ueexhntpoqh","車輪毬","0544","attack","I","若對手的戰鬥寶可夢【中毒】，則增加60點傷害。","相手のバトルポケモンがどくなら、60ダメージ追加。","If your opponent’s Active Pokémon is Poisoned, this attack does 60 more damage."
"cmo1u82fh2f185ueea67fp1nr","帕底亞 肯泰羅","0128","attack","H","若希望，選擇2個對手的戰鬥場的【2階進化】寶可夢身上附加的能量，放回對手的手牌。","のぞむなら、相手のバトル場の2進化ポケモンについているエネルギーを2個選び、相手の手札にもどす。","You may put 2 Energy attached to your opponent’s Active Stage 2 Pokémon into their hand."
"cmo1u7wx725mn5ueeaarkx6h8","夢夢蝕","0518","attack","I","從自己的牌庫選擇任意數量的「真菰」，在給對手看過後加入手牌。並且重洗牌庫。 | 將對手的戰鬥寶可夢【睡眠】。","自分の山札から「マコモ」を好きなだけ選び、相手に見せて、手札に加える。そして山札を切る。 | 相手のバトルポケモンをねむりにする。","You may search your deck for any number of Fennel cards, reveal them, and put them into your hand. Then, shuffle your deck. | Your opponent’s Active Pokémon is now Asleep."
"cmo1u82gs2f3g5uee028uk9nf","密勒頓","1008","attack","H","在下個對手的回合，自己的所有「未來」寶可夢不會受到「寶可夢【ex】」招式的傷害。若這隻寶可夢離開戰鬥場，則這個效果消除。","次の相手の番、自分の「未来」のポケモン全員は、「ポケモンex」からワザのダメージを受けない。このポケモンがバトル場をはなれたら、この効果はなくなる。","During your opponent’s next turn, prevent all damage done to each of your Future Pokémon by attacks from Pokémon {ex}. If this Pokémon is no longer your Active Pokémon, this effect ends."
"cmo1u8jjx39315uee87pr2pcz","席多藍恩","0485","attack","D","將對手的戰鬥寶可夢【灼傷】。 | 增加這隻寶可夢身上放置的傷害指示物的數量×10點傷害。","","Your opponent’s Active Pokémon is now Burned. | This attack does 10 more damage for each damage counter on this Pokémon."
"cmo1u7wx525mj5ueegq4da6q9","食夢夢","0517","attack","I","將這隻寶可夢【睡眠】。將這隻寶可夢恢復「30」HP。","このポケモンをねむりにする。このポケモンのHPを「30」回復する。","This Pokémon is now Asleep. Heal 30 damage from it."
"cmo1u8k2w39w35ueeaekmmz8i","土龍弟弟","0659","attack","D","從自己的牌庫選擇1張寶可夢卡，在給對手看過後加入手牌。並且重洗牌庫。","自分の山札からポケモンを1枚選び、相手に見せて、手札に加える。そして山札を切る。","Discard the top card of your opponent’s deck."
"cmo1u7o5a1qm65ueeia5gil9m","夠讚狗","1014","attack","I","增加上個對手的回合對手獲得的獎賞卡的張數×60點傷害。","前の相手の番に、相手がとったサイドの枚数×60ダメージ追加。","This attack does 60 more damage for each Prize card your opponent took during their last turn."
"cmo1u7pkv1t2y5ueeed0jfwix","熔蟻獸","0631","attack","I","從自己的牌庫選擇【火】寶可夢卡與「基本【火】能量」卡合計最多3張，在給對手看過後加入手牌。並且重洗牌庫。","自分の山札からポケモンと「基本エネルギー」を合計3枚まで選び、相手に見せて、手札に加える。そして山札を切る。","Search your deck for up to 3 in any combination of {R} Pokémon and Basic {R} Energy cards, reveal them, and put them into your hand. Then, shuffle your deck."
"cmo1u7pwa1tmi5ueel3mnq9xh","瑪力露","0183","attack","D","擲1次硬幣若為正面，則在下個對手的回合，這隻寶可夢不會受到招式的傷害與效果的影響。","コインを1回投げオモテなら、次の相手の番、このポケモンはワザのダメージや効果を受けない。",""
"cmo1u7o1g1qfl5ueerzy19vtt","N的雙倍多多冰","0584","attack","I","在對手的所有寶可夢身上放置傷害指示物，直到各自身上的傷害指示物的數量變為2倍為止。 | 對手的所有備戰寶可夢也各受到10點傷害。[在備戰區不計算弱點・抵抗力。]","相手のポケモン全員に、それぞれのっているダメカンの数が2倍になるように、ダメカンをのせる。 | 相手のベンチポケモン全員にも、それぞれ10ダメージ。［ベンチは弱点・抵抗力を計算しない。］","This attack also does 10 damage to each of your opponent’s Benched Pokémon. (Don’t apply Weakness and Resistance for Benched Pokémon.)"
"cmo1u7q871u6x5ueeixrqlznp","三首惡龍ex","0635","ability","I","若對手的【基礎】寶可夢因這隻寶可夢使用的招式的傷害而【昏厥】了，則多獲得1張獎賞卡。","このポケモンが使うワザのダメージで、相手のたねポケモンがきぜつしたなら、サイドを1枚多くとる。","If your opponent’s Basic Pokémon is Knocked Out by damage from an attack used by this Pokémon, take 1 more Prize card."
"cmo1u7ptj1thp5ueewuww8tto","雷電斑馬","0523","attack","I","對手的1隻備戰寶可夢也受到30點傷害。[在備戰區不計算弱點・抵抗力。]","相手のベンチポケモン1匹にも、30ダメージ。［ベンチは弱点・抵抗力を計算しない。］","This attack also does 30 damage to 1 of your opponent’s Benched Pokémon. (Don’t apply Weakness and Resistance for Benched Pokémon.)"
"cmo1u8jk239395ueesz8nlm3m","伽勒爾 達摩狒狒","0555","attack","D","若希望，將這隻寶可夢身上附加的【水】能量全部丟棄。這個情況下，增加60點傷害。","","You may discard all {W} Energy from this Pokémon. If you do, this attack does 60 more damage."
"cmo1u82ih2f6c5ueeb4ir5i7j","單首龍","0633","attack","H","將對手的牌庫上方1張卡丟棄。","相手の山札を上から1枚トラッシュする。","Search your deck for a Basic Pokémon and put it onto your Bench. Then, shuffle your deck. | Your opponent’s Active Pokémon is now Poisoned."
"cmo1u7z6m29k05ueeczl0ir7z","瑪力露","0183","attack","G","將這隻寶可夢恢復「20」HP。","このポケモンのHPを「20」回復する。",""
"cmo1u7q841u6t5ueevqsgkn6p","雙首暴龍","0634","attack","I","擲2次硬幣，造成正面出現的次數×40點傷害。","コインを2回投げ、オモテの数×40ダメージ。","Flip 2 coins. This attack does 40 damage for each heads."
"cmo1u8jk7393h5ueeiobj2fh7","燃燒蟲","0636","attack","D","將對手的戰鬥寶可夢【灼傷】。","",""
"cmo1u6xy70hql5ueex8wngomd","連擊武道熊師V","0892","attack","E","若希望，將這隻寶可夢與備戰寶可夢互換。 | 寶可夢【V】【氣絕】時，對手獲得2張獎賞卡。","のぞむなら、このポケモンをベンチポケモンと入れ替える。",""
"cmo1u7py11tpi5uee0wqiv0nf","死神棺","0563","attack","I","選擇1隻自己的備戰寶可夢，將所選的寶可夢身上放置的傷害指示物，全部改放於對手的1隻寶可夢身上。 | 將對手的戰鬥寶可夢【混亂】。","自分のベンチポケモンを1匹選び、選んだポケモンにのっているダメカンをすべて、相手のポケモン1匹にのせ替える。 | 相手のバトルポケモンをこんらんにする。","Move all damage counters from 1 of your Benched Pokémon to 1 of your opponent’s Pokémon. | Your opponent’s Active Pokémon is now Confused."
"cmo1u7plf1t3y5uee4p9i7azc","波爾凱尼恩ex","0721","ability","I","若這隻寶可夢在戰鬥場上，則在自己的回合時可使用1次。將對手的戰鬥寶可夢【灼傷】。","このポケモンがバトル場にいるなら、自分の番に1回使える。相手のバトルポケモンをやけどにする。","Once during your turn, if this Pokémon is in the Active Spot, you may make your opponent’s Active Pokémon Burned."
"cmo1u7pq61tc05ueec91p9oeu","雙倍多多冰","0584","attack","I","擲2次硬幣，造成正面出現的次數×90點傷害。只要出現1次正面，則將對手的戰鬥寶可夢【麻痺】。","コインを2回投げ、オモテの数×90ダメージ。1回でもオモテなら、相手のバトルポケモンをマヒにする。","Flip 2 coins. This attack does 90 damage for each heads. If either of them is heads, your opponent’s Active Pokémon is now Paralyzed."
"cmo1u6yo30izd5uee01skk71v","恰雷姆V","0308","attack","E","這個招式的傷害不計算抵抗力。 | 寶可夢【V】【氣絕】時，對手獲得2張獎賞卡。","相手のポケモン1匹に、ダメカンを2個のせる。このワザで相手のポケモンがきぜつしたなら、この番が終わったら、もう1回自分の番を始める。前の自分の番に、自分のポケモンが「ヨガループ」を使っていたなら、このワザは使えない。 | このワザのダメージは抵抗力を計算しない。",""
"cmo1u6vrw0e055uee1vrsqtzg","伽勒爾 魔靈珊瑚","0864","ability","D","當這隻寶可夢在戰鬥場上受到對手的寶可夢招式的傷害而【氣絕】時，己方擲1次硬幣。若為正面，則將使用招式的寶可夢【氣絕】。","このポケモンが、バトル場で相手のポケモンからワザのダメージを受けてきぜつしたとき、自分はコインを1回投げる。オモテなら、ワザを使ったポケモンをきぜつさせる。","If this Pokémon is in the Active Spot and is Knocked Out by damage from an opponent’s attack, flip a coin. If heads, the Attacking Pokémon is Knocked Out."
"cmo1u7o501qlq5ueel0mnmpt6","超級摔角鷹人ex","0701","ability","I","這隻寶可夢受到招式的傷害而【昏厥】時，自己擲1次硬幣。若為正面，則這隻寶可夢不會【昏厥】，而是以剩餘HP為「10」的狀態留在場上。","このポケモンが、ワザのダメージを受けてきぜつするとき、自分はコインを1回投げる。オモテなら、このポケモンはきぜつせず、残りHPが「10」の状態で場に残る。","If this Pokémon would be Knocked Out by damage from an attack, flip a coin. If heads, this Pokémon is not Knocked Out, and its remaining HP becomes 10."
"cmo1u7ot01rr95ueedbqct5e2","超級耿鬼ex","0094","ability","I","只要這隻寶可夢在場上，自己的【惡】寶可夢受到對手的「寶可夢【ex】」招式的傷害而【昏厥】時，被獲得的獎賞卡減少1張。這個特性的效果不會重複。","このポケモンがいるかぎり、自分のポケモンが、相手の「ポケモンex」からワザのダメージを受けてきぜつしたとき、とられるサイドは1枚少なくなる。この特性の効果は重ならない。","If 1 of your {D} Pokémon is Knocked Out by damage from an attack from your opponent’s Pokémon {ex}, that player takes 1 fewer Prize card. The effect of Shadowy Concealment doesn’t stack."
"cmo1u7o2m1qhl5ueeztff08sy","奇樹的電肚蛙ex","0939","ability","I","在自己的回合時，可不限次數使用。從自己的手牌選擇1張「基本【雷】能量」卡，附於自己的「奇樹的寶可夢」身上。","自分の番に何回でも使える。自分の手札から「基本エネルギー」を1枚選び、自分の「ナンジャモのポケモン」につける。","As often as you like during your turn, you may attach a Basic {L} Energy card from your hand to 1 of your Iono’s Pokémon."
"cmo1u7qgh1ul05uee9i0cvxre","奇諾栗鼠","0573","attack","I","增加自己的備戰寶可夢的數量×20點傷害。","自分のベンチポケモンの数×20ダメージ追加。","This attack does 20 more damage for each of your Benched Pokémon."
"cmo1u810e2cp05ueejqfjw695","霏歐納","0489","attack","H","從自己的棄牌區選擇1張支援者卡，在給對手看過後加入手牌。 | 造成對手的戰鬥寶可夢身上附加的能量的數量×20點傷害。","自分のトラッシュからサポートを1枚選び、相手に見せて、手札に加える。 | 相手のバトルポケモンについているエネルギーの数×20ダメージ。","This attack does 20 damage for each Energy attached to your opponent’s Active Pokémon."
"cmo1u7wxo25nf5ueeutfute7p","泥偶巨人","0623","attack","I","擲2次硬幣，造成正面出現的次數×80點傷害。","コインを2回投げ、オモテの数×80ダメージ。","Flip 2 coins. This attack does 80 damage for each heads."
"cmo1u7wzc25qc5ueezy0oit3j","雙斧戰龍","0612","attack","I","若對手的戰鬥寶可夢為進化寶可夢，則增加80點傷害。 | 若對手的戰鬥寶可夢為【基礎】寶可夢，則將那隻寶可夢【昏厥】。","相手のバトルポケモンが進化ポケモンなら、80ダメージ追加。 | 相手のバトルポケモンがたねポケモンなら、そのポケモンをきぜつさせる。","If your opponent’s Active Pokémon is an Evolution Pokémon, this attack does 80 more damage. | If your opponent’s Active Pokémon is a Basic Pokémon, it is Knocked Out."
"cmo1u7ydx286f5uee09hot91y","尼多王","0034","ability","G","若自己的場上有「尼多后」，則這隻寶可夢使用招式所需的能量全部消除。","自分の場に「ニドクイン」がいるなら、このポケモンがワザを使うためのエネルギーは、すべてなくなる。","If you have Nidoqueen in play, ignore all Energy in the costs of attacks used by this Pokémon."
"cmo1u7ycd283r5ueep4tni66q","綠毛蟲","0010","attack","G","若對手的戰鬥寶可夢為【草】寶可夢，則增加30點傷害。","相手のバトルポケモンがポケモンなら、30ダメージ追加。",""
"cmo1u7w7u24f35ueeunza4qeo","閃電鳥ex","0145","ability","G","若這隻寶可夢身上附有【雷】能量卡，則這隻寶可夢【撤退】所需的能量全部消除。","このポケモンにエネルギーがついているなら、このポケモンのにげるためのエネルギーは、すべてなくなる。",""
"cmo1u7ow11rwa5uee3lfugtgr","小貓怪","0403","attack","J","擲2次硬幣，造成正面出現的次數×10點傷害。","コインを2回投げ、オモテの数×10ダメージ。","Flip 2 coins. This attack does 10 damage for each heads."
"cmo1u7p7m1sg25ueehbyso7du","夢幻ex","0151","ability","G","在自己的回合時可使用1次。從牌庫抽卡直到自己的手牌滿3張為止。","自分の番に1回使える。自分の手札が3枚になるように、山札を引く。",""
"cmo1u7o0l1qe55ueewh5eqz9r","炎武王","0500","ability","I","在自己的回合時，可不限次數使用。從自己的手牌選擇1張「基本【火】能量」卡，附於自己的寶可夢身上。","自分の番に何回でも使える。自分の手札から「基本エネルギー」を1枚選び、自分のポケモンにつける。","As often as you like during your turn, you may attach a Basic {R} Energy card from your hand to 1 of your Pokémon."
"cmo1u7o2f1qh95ueezms5cq7i","卡璞・鳴鳴","0785","attack","I","這個招式在先攻玩家的最初回合也可使用。將自己的手牌全部丟棄，從牌庫抽出5張卡。 | 選擇2個這隻寶可夢身上附加的能量，將其丟棄。","このワザは、先攻プレイヤーの最初の番でも使える。自分の手札をすべてトラッシュし、山札を5枚引く。 | このポケモンについているエネルギーを2個選び、トラッシュする。","Discard 2 Energy from this Pokémon."
"cmobmwab320342pc72mden19a","優雅貓","0301","attack","E","查看對手的手牌，選擇其中1張卡，放回對手的牌庫下方。 | 擲2次硬幣，造成正面出現的次數×50點傷害。","相手の手札を見て、その中からカードを1枚選び、相手の山札の下にもどす。 | コインを2回投げ、オモテの数×50ダメージ。","Your opponent reveals their hand. Choose a card you find there and put it on the bottom of their deck. | Flip 2 coins. This attack does 50 damage for each heads."
"cmo1u7owj1rx35ueeqgdw0gna","妙喵","0677","attack","J","將這隻寶可夢恢復「20」HP。","このポケモンのHPを「20」回復する。",""
"cmo1u7o2q1qht5ueexvnn2qm8","奇樹的大電海燕","0941","ability","I","在自己的回合，若將1個這隻寶可夢身上附加的「基本【雷】能量」丟棄，則可使用1次。從牌庫抽卡直到自己的手牌滿6張為止。","自分の番に、このポケモンについている「基本エネルギー」を1個トラッシュするなら、1回使える。自分の手札が6枚になるように、山札を引く。","You must discard a Basic {L} Energy from this Pokémon in order to use this Ability. Once during your turn, you may draw cards until you have 6 cards in your hand."
"cmo1u7o811qqv5ueewrre7qtq","爆炸頭水牛","0626","ability","H","只要這隻寶可夢與自己的其他「‌爆炸頭水牛」在場上，自己的所有【無】屬性的【基礎】寶可夢受到對手的寶可夢招式的傷害「-60」點。無論有多少隻擁有這個特性的寶可夢，這個效果也不會重複。","このポケモンと、自分の別の「バッフロン」がいるかぎり、自分のタイプのたねポケモン全員が、相手のポケモンから受けるワザのダメージは「-60」される。この効果は、この特性を持つポケモンが何匹いても、重ならない。","As long as you have at least 1 other Bouffalant in play, all of your Basic {C} Pokémon take 60 less damage from attacks from your opponent’s Pokémon (after applying Weakness and Resistance). The effect of Curly Wall doesn’t stack."
"cmo1u7qbt1ud25uee18cuzrm1","拖拖蚓ex","0968","ability","H","這隻寶可夢受到對手的寶可夢招式的傷害時，將與這隻寶可夢身上附加的【鋼】能量的數量×2個的相同數量的傷害指示物，放置於使用招式的寶可夢身上。","このポケモンが、相手のポケモンからワザのダメージを受けたとき、このポケモンについているエネルギーの数×2個ぶんのダメカンを、ワザを使ったポケモンにのせる。","If this Pokémon is damaged by an attack from your opponent’s Pokémon (even if this Pokémon is Knocked Out), put 2 damage counters on the Attacking Pokémon for each {M} Energy attached to this Pokémon."
"cmo1u7oye1s0b5ueeymucmwku","喵喵ex","0052","ability","J","在自己的回合，從手牌將這張卡放置於備戰區時，可使用1次。從自己的牌庫選擇1張支援者卡，在給對手看過後加入手牌。並且重洗牌庫。在這個回合，若已經使出了名稱中有「殺手鐧」的特性，則這個特性無法使用。","自分の番に、このカードを手札からベンチに出したとき、1回使える。自分の山札からサポートを1枚選び、相手に見せて、手札に加える。そして山札を切る。この番、名前に「おくのて」とつく特性を使っていたなら、この特性は使えない。","Once during your turn, when you play this Pokémon from your hand onto your Bench, you may use this Ability. Search your deck for a Supporter card, reveal it, and put it into your hand. Then, shuffle your deck. You can’t use more than 1 Ability that has “Last-Ditch” in its name each turn."
"cmobmwaie20f52pc7cznhujd0","墨海馬","0116","attack","E","在下個對手的回合，當受到這個招式的寶可夢使用招式時，對手擲1次硬幣。若為反面，則那個招式失敗。","次の相手の番、このワザを受けたポケモンがワザを使うとき、相手はコインを1回投げる。ウラならそのワザは失敗。","During your opponent’s next turn, if the Defending Pokémon tries to attack, your opponent flips a coin. If tails, that attack doesn’t happen."
"cmo1u7ndf1paa5uee0ombd6ab","土龍節節","0982","ability","H","在自己的回合時可使用1次。從自己的牌庫抽出3張卡。然後，將這隻寶可夢與附加的卡，全部放回自己的牌庫並重洗。","自分の番に1回使える。自分の山札を3枚引く。その後、このポケモンと、ついているすべてのカードを、山札にもどして切る。","Once during your turn, you may draw 3 cards. If you drew any cards in this way, shuffle this Pokémon and all attached cards into your deck."
"cmo1u7prp1tek5uee3p6bjnan","厄鬼椪 水井面具ex","1017","attack","H","只要這隻寶可夢在備戰區，不會受到招式的傷害。 | 在下個對手的回合，受到這個招式的寶可夢無法撤退。 | 若希望，選擇3個這隻寶可夢身上附加的能量，放回牌庫並重洗。這個情況下，對手的1隻備戰寶可夢也受到120點傷害。[在備戰區不計算弱點・抵抗力。]","次の相手の番、このワザを受けたポケモンは、にげられない。 | のぞむなら、このポケモンについているエネルギーを3個選び、山札にもどして切る。その場合、相手のベンチポケモン1匹にも、120ダメージ。［ベンチは弱点・抵抗力を計算しない。］","During your opponent’s next turn, the Defending Pokémon can’t retreat. | You may shuffle 3 Energy attached to this Pokémon into your deck. If you do, this attack also does 120 damage to 1 of your opponent’s Benched Pokémon. (Don’t apply Weakness and Resistance for Benched Pokémon.)"
"cmo1u8jlj395m5ueeoi633mps","啪嚓海膽","0871","attack","D","對手的所有寶可夢各受到10點傷害。[在備戰區不計算弱點・抵抗力。]","","This attack does 10 damage to each of your opponent’s Pokémon. (Don’t apply Weakness and Resistance for Benched Pokémon.)"
"cmo1u7q0g1ttn5ueew1xu2pf2","吉雉雞","1016","ability","H","若這隻寶可夢身上附有【惡】能量卡，則這隻寶可夢受到招式的傷害時，自己擲1次硬幣。若為正面，則這隻寶可夢不會受到那個傷害。","このポケモンにエネルギーがついているなら、このポケモンがワザのダメージを受けるとき、自分はコインを1回投げる。オモテなら、このポケモンはそのダメージを受けない。","If this Pokémon has any {D} Energy attached and is damaged by an attack, flip a coin. If heads, prevent that damage."
"cmo1u81tj2e1x5uee4yyrgdj3","索羅亞","0570","attack","H","擲2次硬幣，造成正面出現的次數×20點傷害。","コインを2回投げ、オモテの数×20ダメージ。","Flip 2 coins. This attack does 20 damage for each heads."
"cmo1u7nz11qbk5ueecska39uh","遠古巨蜓ex","0469","ability","I","在自己的回合，從備戰區將這隻寶可夢放置於戰鬥場時，可使用1次。從自己的牌庫選擇最多3張「基本【草】能量」卡，附於這隻寶可夢身上。並且重洗牌庫。","自分の番に、このポケモンがベンチからバトル場に出たとき、1回使える。自分の山札から「基本エネルギー」を3枚まで選び、このポケモンにつける。そして山札を切る。","Once during your turn, when this Pokémon moves from your Bench to the Active Spot, you may search your deck for up to 3 Basic {G} Energy cards and attach them to this Pokémon. Then, shuffle your deck."
"cmo1u7prb1tdw5ueex5t0x6di","浩大鯨","0975","ability","H","這隻寶可夢受到招式的傷害「-30」點。","このポケモンが受けるワザのダメージは「-30」される。","This Pokémon takes 30 less damage from attacks (after applying Weakness and Resistance)."
"cmo1u7o1q1qg15uees6taywrq","古劍豹","1002","ability","H","在自己的回合，從手牌將這張卡放置於備戰區時，可使用1次。將場上的競技場卡丟棄。","自分の番に、このカードを手札からベンチに出したとき、1回使える。場に出ているスタジアムをトラッシュする。",""
"cmo1u7o211qgl5uees257t04e","麻麻鰻","0603","ability","I","在自己的回合時可使用1次。從自己的棄牌區選擇1張「基本【雷】能量」卡，附於備戰寶可夢身上。","自分の番に1回使える。自分のトラッシュから「基本エネルギー」を1枚選び、ベンチポケモンにつける。","Once during your turn, you may attach a Basic {L} Energy card from your discard pile to 1 of your Benched Pokémon."
"cmo1u8ld53c2x5uee2xvmldi9","皮卡丘","0025","attack","G","從自己的牌庫選擇1張「基本【雷】能量」卡，附於這隻寶可夢身上。並且重洗牌庫。","自分の山札から「基本エネルギー」を1枚選び、このポケモンにつける。そして山札を切る。",""
"cmo1u7wvr25k65uee08gp515g","水晶燈火靈","0609","attack","I","若自己的棄牌區有「基本【火】能量」卡10張以上，則增加100點傷害。 | 將這隻寶可夢身上附加的能量卡全部丟棄。","自分のトラッシュに「基本エネルギー」が10枚以上あるなら、100ダメージ追加。 | このポケモンについているエネルギーを、すべてトラッシュする。","If you have 10 or more Basic {R} Energy cards in your discard pile, this attack does 100 more damage. | Discard all Energy from this Pokémon."
"cmo1u8jn539825ueeholcbfqr","沙漠蜻蜓","0330","ability","D","只要這隻寶可夢在戰鬥場上，對手的戰鬥寶可夢無法撤退。","","As long as this Pokémon is in the Active Spot, your opponent’s Active Pokémon can’t retreat."
"cmo1u7o3x1qju5uee2xlw3e5e","赫普的小木靈","0708","attack","I","擲1次硬幣若為正面，則在下個對手的回合，這隻寶可夢不會受到招式的傷害與效果的影響。","コインを1回投げオモテなら、次の相手の番、このポケモンはワザのダメージや効果を受けない。","Flip a coin. If heads, during your opponent’s next turn, prevent all damage from and effects of attacks done to this Pokémon."
"cmo1u7pjq1t0y5ueek6tt45qm","飄浮泡泡 太陽的樣子","0351","attack","H","將對手的戰鬥寶可夢【灼傷】。 | 將這隻寶可夢身上附加的能量卡，全部改附於1隻備戰寶可夢身上。","相手のバトルポケモンをやけどにする。 | このポケモンについているエネルギーをすべて、ベンチポケモン1匹につけ替える。","Move all Energy from this Pokémon to 1 of your Benched Pokémon."
"cmo1u7q7h1u5p5ueej8l9xrjz","索羅亞","0570","attack","I","這隻寶可夢也受到10點傷害。","このポケモンにも10ダメージ。","This Pokémon also does 10 damage to itself."
"cmo1u7o3z1qjy5uee3bjeh2zv","赫普的朽木妖","0709","attack","I","在上個對手的回合，若自己的「赫普的寶可夢」因招式的傷害而【昏厥】了，則增加100點傷害。 | 在下個對手的回合，受到這個招式的寶可夢無法撤退。","前の相手の番に、ワザのダメージで、自分の「ホップのポケモン」がきぜつしていたなら、100ダメージ追加。 | 次の相手の番、このワザを受けたポケモンは、にげられない。","If any of your Hop’s Pokémon were Knocked Out by damage from an attack during your opponent’s last turn, this attack does 100 more damage. | During your opponent’s next turn, the Defending Pokémon can’t retreat."
"cmo1u7nbp1p755ueef3gmqsj6","拉帝亞斯ex","0380","ability","H","只要這隻寶可夢在場上，自己的所有【基礎】寶可夢【撤退】所需的能量全部消除。","このポケモンがいるかぎり、自分のたねポケモン全員のにげるためのエネルギーは、すべてなくなる。","Your Basic Pokémon in play have no Retreat Cost."
"cmp2dg03o2seg116cu2cgevwo","胡地","","attack","H","將對手的戰鬥寶可夢【混亂】。選擇任意數量的對手的場上寶可夢身上放置的傷害指示物，以任意方式改放於對手的場上寶可夢身上。 | 增加對手的戰鬥寶可夢身上附加的能量的數量×50點傷害。","相手のバトルポケモンをこんらんにする。相手の場のポケモンにのっているダメカンを好きなだけ選び、相手の場のポケモンに好きなようにのせ替える。 | 相手のバトルポケモンについているエネルギーの数×50ダメージ追加。","This attack does 50 more damage for each Energy attached to your opponent’s Active Pokémon."
"cmo1u7yfu289s5ueemkhd8yw0","勇基拉","0064","attack","G","將這隻寶可夢與備戰寶可夢互換。","このポケモンをベンチポケモンと入れ替える。",""
"cmo1u7qg11uk85ueeku9dd7f3","聒噪鳥","0441","attack","D","從自己的牌庫選擇最多3張【基礎】寶可夢卡，放置於備戰區。並且重洗牌庫。","自分の山札からたねポケモンを3枚まで選び、ベンチに出す。そして山札を切る。","Search your deck for up to 2 basic Energy cards, reveal them, and put them into your hand. Then, shuffle your deck."
"cmo1u7wwa25l35uee5is3j9m4","原蓋海龜","0564","attack","I","造成對手的棄牌區的物品卡的張數×30點傷害。","相手のトラッシュにあるグッズの枚数×30ダメージ。","This attack does 30 damage for each Item card in your opponent’s discard pile."
"cmo1u7yjl28g95ueebpmrykzh","魔牆人偶","0122","ability","E","若這隻寶可夢與對手的戰鬥寶可夢身上附加的能量數量相同，則這隻寶可夢不會受到對手的寶可夢招式的傷害。","このポケモンと相手のバトルポケモンについているエネルギーの数が同じなら、このポケモンは、相手のポケモンからワザのダメージを受けない。","If this Pokémon and your opponent’s Active Pokémon have the same amount of Energy attached, prevent all damage done to this Pokémon by attacks from your opponent’s Pokémon. | Put 3 damage counters on your opponent’s Pokémon in any way you like."
"cmo1u7pjs1t125ueex7qgf03x","小火焰猴","0390","attack","H","擲1次硬幣若為正面，則增加20點傷害。","コインを1回投げオモテなら、20ダメージ追加。","Flip a coin. If heads, this attack does 20 more damage."
"cmo1u8joe39a35ueevj3jywwv","藏瑪然特","0889","attack","D","從自己的棄牌區選擇1張基本能量卡，附於這隻寶可夢身上。 | 在下個對手的回合，這隻寶可夢不會受到「寶可夢【VMAX】」招式的傷害。","","Attach a basic Energy card from your discard pile to this Pokémon. | During your opponent’s next turn, prevent all damage done to this Pokémon by attacks from Pokémon {VMAX}."
"cmo1u7pha1swp5uee9inm46bw","蜜集大蛇ex","1019","ability","H","在自己的回合時可使用1次。從自己的手牌選擇1張「基本【草】能量」卡，附於自己的寶可夢身上。然後，將附上那張卡的寶可夢恢復「30」HP。","自分の番に1回使える。自分の手札から「基本エネルギー」を1枚選び、自分のポケモンにつける。その後、つけたポケモンのHPを「30」回復する。","Once during your turn, you may attach a Basic {G} Energy card from your hand to 1 of your Pokémon. If you attached Energy to a Pokémon in this way, heal 30 damage from that Pokémon."
"cmo1u8joq39an5uee6ybdu2ka","佛烈托斯","0205","attack","D","這隻寶可夢也受到30點傷害。 | 將雙方的戰鬥寶可夢【氣絕】。","","This Pokémon also does 30 damage to itself. | Both Active Pokémon are Knocked Out."
"cmo1u8jpb39bj5ueea9wfprpr","可多拉","0305","attack","D","擲1次硬幣若為正面，則增加30點傷害。","","Flip a coin. If heads, this attack does 30 more damage."
"cmobmw3vg1pt02pc7evrted0k","花岩怪","0442","ability","I","只要這隻寶可夢在場上，自己戰鬥場的【惡】寶可夢受到對手的寶可夢招式的傷害時，在使用招式的寶可夢身上放置1個傷害指示物。","このポケモンがいるかぎり、自分のバトル場のポケモンが、相手のポケモンからワザのダメージを受けたとき、ワザを使ったポケモンにダメカンを1個のせる。","If your Active {D} Pokémon is damaged by an attack from your opponent’s Pokémon (even if your Active {D} Pokémon is Knocked Out), place 1 damage counter on the Attacking Pokémon."
"cmobmw3vw1ptp2pc7lgj0pgtz","大鋼蛇","0208","attack","I","若自己剩餘獎賞卡的張數為6張，則增加200點傷害。","自分のサイドの残り枚数が6枚なら、200ダメージ追加。","If you have exactly 6 Prize cards remaining, this attack does 200 more damage."
"cmobmw3tp1pq32pc7zv3e5r9y","超級噴火駝ex","0323","attack","I","若對手的戰鬥寶可夢【灼傷】，則增加160點傷害。 | 選擇2個這隻寶可夢身上附加的能量，將其丟棄。","相手のバトルポケモンがやけどなら、160ダメージ追加。 | このポケモンについているエネルギーを2個選び、トラッシュする。","If your opponent’s Active Pokémon is Burned, this attack does 160 more damage. | Discard 2 Energy from this Pokémon."
"cmobmw40l1q172pc7dty9lkd8","鋼炮臂蝦","0693","ability","I","在自己的回合，這隻寶可夢從戰鬥場回到備戰區時，可使用1次。從自己的手牌選擇最多2張「基本【水】能量」卡，附於這隻寶可夢身上。","自分の番に、このポケモンがバトル場からベンチにもどったとき、1回使える。自分の手札から「基本エネルギー」を2枚まで選び、このポケモンにつける。","Once during your turn, when this Pokémon moves from the Active Spot to your Bench, you may use this Ability. Attach up to 2 Basic {W} Energy cards from your hand to this Pokémon."
"cmp2dfxse2p6e116cfwly5q2c","古玉魚ex","","attack","G","將對手的牌庫上方2張卡丟棄。 | 選擇最多3隻自己的備戰寶可夢，從牌庫附給那些寶可夢各1張「基本【火】能量」卡。並且重洗牌庫。 | 寶可夢【ex】【昏厥】時，對手獲得2張獎賞卡。","相手の山札を上から2枚トラッシュする。 | 自分のベンチポケモンを3匹まで選び、山札から「基本エネルギー」を1枚ずつつける。そして山札を切る。","Choose up to 3 of your Benched Pokémon. For each of those Pokémon, search your deck for a Basic {R} Energy card and attach it to that Pokémon. Then, shuffle your deck."
"cmobmw41g1q2k2pc7dfa0y32i","超級雷電獸ex","0310","attack","I","在下個對手的回合，這隻寶可夢不會受到【基礎】寶可夢招式的傷害。 | 若希望，將這隻寶可夢身上附加的能量卡全部丟棄，增加130點傷害。","次の相手の番、このポケモンはたねポケモンからワザのダメージを受けない。 | のぞむなら、このポケモンについているエネルギーをすべてトラッシュし、130ダメージ追加。","During your opponent’s next turn, prevent all damage done to this Pokémon by attacks from Basic Pokémon. | You may discard all Energy from this Pokémon and have this attack do 130 more damage."
"cmo1u7o4m1ql25ueevr3069sf","竹蘭的圓陸鯊","0443","attack","I","這個招式的傷害不計算抵抗力。","このワザのダメージは抵抗力を計算しない。","This attack’s damage isn’t affected by Resistance."
"cmo1u8jp339b75ueegov4c0dj","巨金怪","0376","ability","D","只要這隻寶可夢在場上，自己的所有寶可夢【撤退】所需的能量全部消除。","","Your Pokémon in play have no Retreat Cost."
"cmo1u7p2b1s705ueeqsah04zh","尖牙籠","0455","attack","J","若對手的戰鬥寶可夢沒有【撤退】所需的能量，則增加80點傷害。","相手のバトルポケモンのにげるためのエネルギーがないなら、80ダメージ追加。",""
"cmo1u7y7x27w65uees41tupyk","火爆猴","0057","attack","G","這隻寶可夢也受到20點傷害。","このポケモンにも20ダメージ。","This Pokémon also does 20 damage to itself."
"cmobmw3zq1pzv2pc7uqqjvgqq","鐵面忍者","0291","ability","I","在自己的回合，從手牌使出這張卡並完成進化時，可使用1次。從自己的牌庫選擇1張「脫殼忍者」，放置於備戰區。並且重洗牌庫。","自分の番に、このカードを手札から出して進化させたとき、1回使える。自分の山札から「ヌケニン」を1枚選び、ベンチに出す。そして山札を切る。","Once during your turn, when you play this Pokémon from your hand to evolve 1 of your Pokémon, you may use this Ability. Search your deck for a Shedinja and put it onto your Bench. Then, shuffle your deck."
"cmo1u7p2k1s7g5ueeuu2immlr","六尾","0037","attack","J","將對手的戰鬥寶可夢【灼傷】。","相手のバトルポケモンをやけどにする。",""
"cmo1u7ykf28hp5ueed9es6uks","雷伊布","0135","attack","G","對手的1隻寶可夢受到30點傷害。[在備戰區不計算弱點・抵抗力。] | 若對手的戰鬥寶可夢為「寶可夢【ex】・【V】」，則增加90點傷害。","相手のポケモン1匹に、30ダメージ。［ベンチは弱点・抵抗力を計算しない。］ | 相手のバトルポケモンが「ポケモンex・V」なら、90ダメージ追加。","This attack does 30 damage to 1 of your opponent’s Pokémon. (Don’t apply Weakness and Resistance for Benched Pokémon.) | If your opponent’s Active Pokémon is a Pokémon {ex} or Pokémon {V}, this attack does 90 more damage."
"cmo1u7p321s895uee42nmksb3","超級火炎獅ex","0668","attack","J","在下個對手的回合，受到這個招式的寶可夢使用招式的傷害「-50」點。 | 減少這隻寶可夢身上放置的傷害指示物的數量×10點傷害。","次の相手の番、このワザを受けたポケモンが使うワザのダメージは「-50」される。 | このポケモンにのっているダメカンの数×10ダメージぶん、このワザのダメージは小さくなる。",""
"cmo1u82ay2etm5ueew6ylfijx","勇士雄鷹","0628","attack","H","選擇1隻對手的備戰寶可夢，與戰鬥寶可夢互換。然後，新上場的寶可夢受到40點傷害。","相手のベンチポケモンを1匹選び、バトルポケモンと入れ替える。その後、新しく出てきたポケモンに40ダメージ。",""
"cmo1u8jpq39c75uee8x0bpp0g","齒輪組","0600","attack","D","從自己的牌庫選擇1張【鋼】寶可夢卡，在給對手看過後加入手牌。並且重洗牌庫。","","Search your deck for a {M} Pokémon, reveal it, and put it into your hand. Then, shuffle your deck."
"cmo1u7xcr26e45uee4n1r5kc2","電蜘蛛","0596","attack","I","將這隻寶可夢身上附加的【雷】能量卡全部丟棄，造成其張數×50點傷害。","このポケモンについているエネルギーをすべてトラッシュし、その枚数×50ダメージ。","Discard all {L} Energy from this Pokémon. This attack does 50 damage for each card you discarded in this way."
"cmo1u7q611u395ueeo53grlg9","耿鬼ex","0094","ability","H","只要這隻寶可夢在場上，每次對手從手牌將能量卡附於寶可夢身上時，在那隻寶可夢身上放置2個傷害指示物。","このポケモンがいるかぎり、相手は手札からエネルギーをポケモンにつけるたび、そのポケモンにダメカンを2個のせる。","Whenever your opponent attaches an Energy card from their hand to 1 of their Pokémon, put 2 damage counters on that Pokémon."
"cmo1u8jq739cr5uee8cj1xprv","伽勒爾 泥巴魚","0618","ability","D","這隻寶可夢在戰鬥場受到對手的寶可夢招式的傷害時，在使用招式的寶可夢身上放置3個傷害指示物。","","If this Pokémon is in the Active Spot and is damaged by an attack from your opponent’s Pokémon (even if this Pokémon is Knocked Out), put 3 damage counters on the Attacking Pokémon."
"cmo1u7ye6286v5ueec5eypwr9","九尾ex","0038","attack","G","將對手的戰鬥寶可夢【灼傷】。 | 若自己的手牌與對手的手牌張數相同，則增加140點傷害。 | 寶可夢【ex】【昏厥】時，對手獲得2張獎賞卡。","相手のバトルポケモンをやけどにする。 | 自分の手札と相手の手札が同じ枚数なら、140ダメージ追加。",""
"cmo1u7q071tt75uee2tn6zumk","振翼髮","0987","ability","H","只要這隻寶可夢在戰鬥場上，對手的戰鬥寶可夢的特性（「暗夜羽擊」除外）全部消除。","このポケモンがバトル場にいるかぎり、相手のバトルポケモンの特性（「あんやのはばたき」をのぞく）は、すべてなくなる。","As long as this Pokémon is in the Active Spot, your opponent’s Active Pokémon has no Abilities, except for Midnight Fluttering."
"cmo1u7q4z1u1g5ueet5j1mvkg","鐵磐岩ex","1022","attack","H","在下個對手的回合，這隻寶可夢受到招式的傷害時，在使用招式的寶可夢身上放置8個傷害指示物。 | 選擇2個這隻寶可夢身上附加的能量，將其丟棄。","次の相手の番、このポケモンがワザのダメージを受けたとき、ワザを使ったポケモンにダメカンを8個のせる。 | このポケモンについているエネルギーを2個選び、トラッシュする。","During your opponent’s next turn, if this Pokémon is damaged by an attack (even if it is Knocked Out), put 8 damage counters on the Attacking Pokémon. | Discard 2 Energy from this Pokémon."
"cmo1u7pm31t525ueei7f2cbln","閃焰王牌ex","0815","attack","H","只要這隻寶可夢在備戰區，不會受到招式的傷害。 | 在下個自己的回合，這隻寶可夢無法使用「閃焰強襲」。 | 對手的1隻寶可夢受到180點傷害。[在備戰區不計算弱點・抵抗力。]","次の自分の番、このポケモンは「フレアストライク」が使えない。 | 相手のポケモン1匹に、180ダメージ。［ベンチは弱点・抵抗力を計算しない。］","During your next turn, this Pokémon can’t use Flare Strike. | This attack does 180 damage to 1 of your opponent’s Pokémon. (Don’t apply Weakness and Resistance for Benched Pokémon.)"
"cmo1u7p4g1sal5ueermqescid","妙喵","0677","attack","J","在這個回合，若從手牌使出了「瑪琪艾兒」，則增加60點傷害。","この番に、手札から「マチエール」を出して使っていたなら、60ダメージ追加。",""
"cmo1u7p4i1sap5uee50aui2l4","超能妙喵","0678","attack","J","若希望，選擇1個對手的戰鬥寶可夢身上附加的能量，改附於對手的備戰寶可夢身上。","のぞむなら、相手のバトルポケモンについているエネルギーを1個選び、相手のベンチポケモンにつけ替える。",""
"cmo1u7o6i1qoa5ueenq4r7tp2","劈斬司令","0625","attack","I","從自己的牌庫抽出2張卡。","自分の山札を2枚引く。","Draw 2 cards."
"cmo1u7p4u1sb95ueedvif48iz","哲爾尼亞斯","0716","attack","J","造成自己的所有寶可夢身上附加的【超】能量的數量×30點傷害。","自分のポケモン全員についているエネルギーの数×30ダメージ。",""
"cmo1u8jqy39dz5uee5n7a43bl","姆克兒","0396","ability","D","在這個回合，若從自己的手牌使出了「養鳥人」，則這隻寶可夢使用招式所需的能量全部消除。","","If you played Bird Keeper from your hand during this turn, ignore all Energy in this Pokémon’s attack costs."
"cmo1u7o7g1qpv5uee2xrf166e","音波龍","0715","attack","I","擲1次硬幣若為正面，則在下個對手的回合，這隻寶可夢不會受到招式的傷害與效果的影響。 | 若這隻寶可夢身上附有「寶可夢道具」卡，則增加70點傷害。","コインを1回投げオモテなら、次の相手の番、このポケモンはワザのダメージや効果を受けない。 | このポケモンに「ポケモンのどうぐ」がついているなら、70ダメージ追加。","Flip a coin. If heads, during your opponent’s next turn, prevent all damage from and effects of attacks done to this Pokémon. | If this Pokémon has a Pokémon Tool attached, this attack does 70 more damage."
"cmo1u8jrs39f75ueeeqw8ejud","其他波克基斯VMAX","0468","attack","D","若希望，從自己的牌庫任意選擇最多2張卡加入手牌。並且重洗牌庫。 | 寶可夢【VMAX】【氣絕】時，對手獲得3張獎賞卡。","",""
"cmo1u7wnq256o5uee52osydx3","清洗洛托姆","0479","attack","I","將自己的所有寶可夢各恢復「10」HP。 | 造成自己的所有寶可夢身上附加的「寶可夢道具」卡的數量×30點傷害。","自分のポケモン全員のHPを、それぞれ「10」回復する。 | 自分のポケモン全員についている「ポケモンのどうぐ」の数×30ダメージ。","Heal 10 damage from each of your Pokémon. | This attack does 30 damage for each Pokémon Tool attached to all of your Pokémon."
"cmo1u82im2f6l5ueepf5fir54","三首惡龍ex","0635","attack","H","將對手的牌庫上方3張卡丟棄。 | 對手的2隻備戰寶可夢也各受到130點傷害。[在備戰區不計算弱點・抵抗力。]","相手の山札を上から3枚トラッシュする。 | 相手のベンチポケモン2匹にも、それぞれ130ダメージ。［ベンチは弱点・抵抗力を計算しない。］","Discard the top 3 cards of your opponent’s deck. | This attack also does 130 damage to 2 of your opponent’s Benched Pokémon. (Don’t apply Weakness and Resistance for Benched Pokémon.)"
"cmo1u7yc8283j5ueel5w11m4z","卡咪龜","0008","attack","G","從自己的棄牌區選擇最多3張「基本【水】能量」卡，在給對手看過後加入手牌。","自分のトラッシュから「基本エネルギー」を3枚まで選び、相手に見せて、手札に加える。",""
"cmo1u7nav1p5l5uee8kq30rgh","呆火鱷","0909","attack","H","將對手的戰鬥寶可夢【灼傷】。","相手のバトルポケモンをやけどにする。","Your opponent’s Active Pokémon is now Burned."
"cmo1u7p5n1scl5ueesim8v9vt","破破袋","0568","attack","J","擲1次硬幣若為正面，則選擇1個對手的戰鬥寶可夢身上附加的能量，將其丟棄。","コインを1回投げオモテなら、相手のバトルポケモンについているエネルギーを1個選び、トラッシュする。",""
"cmo1u82ap2et65ueehvcvddq0","蘋裹龍","0841","attack","H","造成對手的戰鬥寶可夢身上放置的傷害指示物的數量×20點傷害。","相手のバトルポケモンにのっているダメカンの数×20ダメージ。","This attack does 20 damage for each damage counter on your opponent’s Active Pokémon."
"cmo1u7ovg1rva5ueef3irwbsj","焰后蜥ex","0758","attack","J","從自己的牌庫任意選擇最多2張卡加入手牌。並且重洗牌庫。 | 將對手的戰鬥寶可夢【中毒】與【灼傷】。將這隻寶可夢與備戰寶可夢互換。","自分の山札から好きなカードを2枚まで選び、手札に加える。そして山札を切る。 | 相手のバトルポケモンをどくとやけどにする。このポケモンをベンチポケモンと入れ替える。","Your opponent’s Active Pokémon is now Burned and Poisoned. Switch this Pokémon with 1 of your Benched Pokémon."
"cmo1u7pmu1t6b5uee37uy2esa","破空焰","1020","attack","H","若對手剩餘獎賞卡的張數為4張以下，則增加70點傷害。","相手のサイドの残り枚数が4枚以下なら、70ダメージ追加。",""
"cmo1u82vc2fs45uee0tj671id","咕咕","0163","ability","H","這隻寶可夢不會【睡眠】。","このポケモンはねむりにならない。","This Pokémon can’t be Asleep."
"cmo1u7ydm285v5ueeres758mk","尼多蘭","0029","attack","G","將對手的戰鬥寶可夢【中毒】。","相手のバトルポケモンをどくにする。","Your opponent’s Active Pokémon is now Poisoned."
"cmo1u7p5v1sd15ueent197cgb","金屬怪","0375","attack","J","在下個對手的回合，這隻寶可夢受到招式的傷害「-30」點。","次の相手の番、このポケモンが受けるワザのダメージは「-30」される。",""
"cmo1u7yg628ac5ueeng4gtegs","喇叭芽","0069","attack","G","在下個對手的回合，受到這個招式的寶可夢無法撤退。","次の相手の番、このワザを受けたポケモンは、にげられない。",""
"cmo1u7g1q1ctp5ueeg41mebp2","阿羅拉 三地鼠","0051","attack","H","若自己的手牌不是3張，則這個招式失敗。","自分の手札が3枚でないなら、このワザは失敗。","If you don’t have exactly 3 cards in your hand, this attack does nothing."
"cmo1u7ygi28aw5uee7142d5mw","小拳石","0074","attack","G","在下個對手的回合，這隻寶可夢受到招式的傷害「-30」點。","次の相手の番、このポケモンが受けるワザのダメージは「-30」される。",""
"cmo1u7oxq1rz75uee79p3dw9g","龍王蠍","0452","attack","J","這隻寶可夢也受到70點傷害。將對手的戰鬥寶可夢【中毒】與【麻痺】。","このポケモンにも70ダメージ。相手のバトルポケモンをどくとマヒにする。","This Pokémon also does 70 damage to itself. Your opponent’s Active Pokémon is now Paralyzed and Poisoned."
"cmo1u7p661sdh5ueevuov1wzb","勾帕路翁ex","0638","ability","J","在自己的回合，從備戰區將這隻寶可夢放置於戰鬥場時，可使用1次。選擇自己的場上寶可夢身上附加的任意數量的【鋼】能量卡，改附於這隻寶可夢身上。","自分の番に、このポケモンがベンチからバトル場に出たとき、1回使える。自分の場のポケモンについているエネルギーを好きなだけ選び、このポケモンにつけ替える。",""
"cmo1u8jbb38oj5ueed13o1r7z","蓋諾賽克特","0649","attack","D","對手的1隻寶可夢受到50點傷害。[在備戰區不計算弱點・抵抗力。] | 在下個自己的回合，這隻寶可夢無法使用招式。","","This attack does 50 damage to 1 of your opponent’s Pokémon. (Don’t apply Weakness and Resistance for Benched Pokémon.) | During your next turn, this Pokémon can’t attack."
"cmo1u7wp425905ueeojd3lyh0","<火箭隊的>沙基拉斯","0247","attack","I","從自己的牌庫選擇1張從這隻寶可夢進化而來的卡，放置於這隻寶可夢身上完成進化。並且重洗牌庫。","このポケモンから進化するカードを、自分の山札から1枚選び、このポケモンにのせて進化させる。そして山札を切る。","Search your deck for a card that evolves from this Pokémon and put it onto this Pokémon to evolve it. Then, shuffle your deck."
"cmo1u7p6b1sdp5ueeqhqecowy","黏黏寶","0704","attack","J","將這隻寶可夢恢復「30」HP。","このポケモンのHPを「30」回復する。",""
"cmo1u7pp31ta75ueejfj7y7kr","美納斯ex","0350","ability","H","這隻寶可夢不會受到對手的「太晶」寶可夢招式的傷害與效果的影響。","このポケモンは、相手の「テラスタル」のポケモンからワザのダメージや効果を受けない。","Prevent all damage from and effects of attacks from your opponent’s Tera Pokémon done to this Pokémon."
"cmo1u8jjg39295uee1u3w1n39","噴火龍V","0006","attack","D","選擇2個這隻寶可夢身上附加的能量，將其丟棄。 | 寶可夢【V】【氣絕】時，對手獲得2張獎賞卡。","",""
"cmo1u8jkb393p5ueeji2ecxxv","火神蛾","0637","attack","D","若對手的戰鬥寶可夢身上沒有放置傷害指示物，則這個招式失敗。","","If your opponent’s Active Pokémon has no damage counters on it before this attack does damage, this attack does nothing."
"cmo1u7q4s1u145ueekh93qn5q","夠讚狗","1014","ability","H","若這隻寶可夢身上附有【惡】能量卡，則這隻寶可夢的最大HP「+100」，這隻寶可夢使用的招式，對對手的戰鬥寶可夢造成的傷害「+100」點。","このポケモンにエネルギーがついているなら、このポケモンの最大HPは「＋100」され、このポケモンが使うワザの、相手のバトルポケモンへのダメージは「+100」される。","If this Pokémon has any {D} Energy attached, it gets +100 HP, and the attacks it uses do 100 more damage to your opponent’s Active Pokémon (before applying Weakness and Resistance)."
"cmo1u7ovj1rve5ueeowargo7r","爆焰龜獸","0776","ability","J","這隻寶可夢在戰鬥場上受到對手的寶可夢招式的傷害時，選擇1個使用招式的寶可夢身上附加的能量，將其丟棄。","このポケモンが、バトル場で相手のポケモンからワザのダメージを受けたとき、ワザを使ったポケモンについているエネルギーを1個選び、トラッシュする。","If this Pokémon is in the Active Spot and is damaged by an attack from your opponent’s Pokémon (even if this Pokémon is Knocked Out), discard an Energy from the Attacking Pokémon."
"cmo1u8jkj39415ueepgiizgrr","熾焰咆哮虎V","0727","attack","D","從自己的棄牌區選擇最多2張【火】能量卡，附於1隻備戰寶可夢身上。 | 這隻寶可夢也受到30點傷害。 | 寶可夢【V】【氣絕】時，對手獲得2張獎賞卡。","",""
"cmo1u7wpb259d5uee3zsn0iql","大朝北鼻","0476","attack","I","若場上有競技場卡，則增加70點傷害。","場にスタジアムが出ているなら、70ダメージ追加。","If a Stadium is in play, this attack does 70 more damage."
"cmo1u7q8w1u815ueezvq8lyxw","夠讚狗ex","1014","attack","H","從自己的牌庫選擇最多2張「基本【惡】能量」卡，附於這隻寶可夢身上。並且重洗牌庫。附上卡的情況下，將這隻寶可夢【中毒】。 | 若這隻寶可夢【中毒】，則增加130點傷害。","自分の山札から「基本エネルギー」を2枚まで選び、このポケモンにつける。そして山札を切る。つけた場合、このポケモンをどくにする。 | このポケモンがどくなら、130ダメージ追加。","Search your deck for up to 2 Basic {D} Energy cards and attach them to this Pokémon. Then, shuffle your deck. If you attached Energy to a Pokémon in this way, this Pokémon is now Poisoned. | If this Pokémon is Poisoned, this attack does 130 more damage."
"cmo1u7ovu1rvy5uee1ydt82wt","冰雪龍","0698","attack","J","將對手的戰鬥寶可夢【睡眠】。","相手のバトルポケモンをねむりにする。","Your opponent’s Active Pokémon is now Asleep."
"cmo1u7y5727rh5ueeanxoewqq","操陷蛛ex","0918","ability","G","只要這隻寶可夢在場上，對手的戰鬥寶可夢【撤退】所需的能量增加1個。","このポケモンがいるかぎり、相手のバトルポケモンのにげるためのエネルギーは、1個ぶん多くなる。",""
"cmo1u8jbr38pb5uee7uagb2yn","伽勒爾 魔牆人偶","0122","attack","D","在下個對手的回合，這隻寶可夢受到招式的傷害「-30」點。","","During your opponent’s next turn, this Pokémon takes 30 less damage from attacks (after applying Weakness and Resistance)."
"cmo1u7wpe259h5uee9ybni69s","瑪沙那","0307","attack","I","擲1次硬幣若為正面，則增加20點傷害。","コインを1回投げオモテなら、20ダメージ追加。","Flip a coin. If heads, this attack does 20 more damage."
"cmo1u7qe01ugr5uee23qfd4kk","伊布ex","0133","ability","H","這隻寶可夢可從手牌使出從「伊布」進化而來的「寶可夢【ex】」，放置於這隻寶可夢身上完成進化。（在自己的最初回合或者剛使出的回合無法進化。）","このポケモンは、「イーブイ」から進化する「ポケモンex」を手札から出して、このポケモンにのせて進化できる。（最初の自分の番や、出したばかりの番には進化できない。）","This Pokémon can evolve into any Pokémon {ex} that evolves from Eevee if you play it from your hand onto this Pokémon. (This Pokémon can’t evolve during your first turn or the turn you play it.)"
"cmo1u7prk1tec5ueejvdzc0ch","波盪水ex","1009","ability","H","這隻寶可夢使用招式的傷害，不計算對手的戰鬥寶可夢身上的附加效果。","このポケモンが使うワザのダメージは、相手のバトルポケモンにかかっている効果を計算しない。","Damage from attacks used by this Pokémon isn’t affected by any effects on your opponent’s Active Pokémon."
"cmo1u7own1rxb5ueeac5qmd6f","粉香香","0682","attack","J","將自己的1隻寶可夢恢復「30」HP。","自分のポケモン1匹のHPを「30」回復する。",""
"cmo1u7oxc1ryj5ueec0q0w9o8","摔角鷹人","0701","attack","J","若自己的備戰寶可夢身上放置有傷害指示物，則增加60點傷害。","自分のベンチポケモンにダメカンがのっているなら、60ダメージ追加。","If your Benched Pokémon have any damage counters on them, this attack does 60 more damage."
"cmo1u7y8n27xe5ueefb5lt8sq","貪心栗鼠","0819","ability","G","在自己的回合時可使用1次。將自己的手牌全部翻回反面並重洗，放回牌庫下方。然後，從牌庫抽出1張卡。","自分の番に1回使える。自分の手札をすべてウラにして切り、山札の下にもどす。その後、山札を1枚引く。","Once during your turn, you may shuffle your hand and put it on the bottom of your deck. If you put any cards on the bottom of your deck in this way, draw a card."
"cmo1u7nzy1qd45uee08bhp992","厄鬼椪 碧草面具ex","1017","ability","H","在自己的回合時可使用1次。從自己的手牌選擇1張「基本【草】能量」卡，附於這隻寶可夢身上。然後，從自己的牌庫抽出1張卡。","自分の番に1回使える。自分の手札から「基本エネルギー」を1枚選び、このポケモンにつける。その後、自分の山札を1枚引く。","Once during your turn, you may attach a Basic {G} Energy card from your hand to this Pokémon. If you attached Energy to a Pokémon in this way, draw a card."
"cmo1u7owd1rwu5uee4mvi3q2m","超級皮可西ex","0036","ability","J","這隻寶可夢不會受到對手的寶可夢特性效果的影響。","このポケモンは、相手のポケモンから特性の効果を受けない。","Prevent all effects of your opponent’s Pokémon’s Abilities done to this Pokémon."
"cmo1u7oxf1ryn5ueemlrdf30b","超級基格爾德ex","0718","attack","J","在下個對手的回合，這隻寶可夢受到招式的傷害「-30」點。 | 對於對手的所有寶可夢，各自擲1次硬幣，所有出現正面的寶可夢，各受到150點傷害。[在備戰區不計算弱點・抵抗力。]","次の相手の番、このポケモンが受けるワザのダメージは「-30」される。 | 相手のポケモン全員に対して、それぞれ1回ずつコインを投げ、オモテが出たポケモン全員に、それぞれ150ダメージ。［ベンチは弱点・抵抗力を計算しない。］",""
"cmo1u7oxo1rz35ueekm8bw8um","鉗尾蠍","0451","attack","J","將對手的戰鬥寶可夢【中毒】。","相手のバトルポケモンをどくにする。","Your opponent’s Active Pokémon is now Poisoned."
"cmo1u81j72dky5ueeztdmrnp8","裹蜜蟲","1011","ability","H","若場上有「祭典會場」，則這隻寶可夢可使用持有的招式2次。（若對手的戰鬥寶可夢因第1次的招式而【昏厥】了，則在下一隻寶可夢放置後，使用第2次的招式。）","場に「お祭り会場」が出ているなら、このポケモンは、持っているワザを2回連続で使える。（1回目のワザで相手のバトルポケモンがきぜつしたなら、次のバトルポケモンが出たあと、2回目のワザを使う。）","If Festival Grounds is in play, this Pokémon may use an attack it has twice. If the first attack Knocks Out your opponent’s Active Pokémon, you may attack again after your opponent chooses a new Active Pokémon."
"cmo1u7zoi2aem5ueeqi3snrtk","賽富豪ex","1000","ability","G","在自己的回合時可使用1次。從自己的牌庫抽出1張卡。若這隻寶可夢在戰鬥場上，則再抽出1張卡。","自分の番に1回使える。自分の山札を1枚引く。このポケモンがバトル場にいるなら、さらに1枚引く。","Once during your turn, you may draw a card. If this Pokémon is in the Active Spot, draw 1 more card."
"cmo1u7pnk1t7j5uee9nvh3ckf","水伊布ex","0134","attack","H","對手的所有「寶可夢【ex】」各受到60點傷害。這個招式的傷害不計算弱點・抵抗力。 | 在下個自己的回合，這隻寶可夢無法使用招式。","相手の「ポケモンex」全員に、それぞれ60ダメージ。このワザのダメージは弱点・抵抗力を計算しない。 | 次の自分の番、このポケモンはワザが使えない。","This attack does 60 damage to each of your opponent’s Pokémon {ex}. This attack’s damage isn’t affected by Weakness or Resistance. | During your next turn, this Pokémon can’t attack."
"cmobmw5ws1t1u2pc71ehgg6l1","莉佳的口呆花","0070","attack","J","在下個自己的回合，這隻寶可夢無法使用招式。","次の自分の番、このポケモンはワザが使えない。","During your next turn, this Pokémon can’t use attacks."
"cmo1u7p5b1sc15ueer1uar45k","大嘴蝠","0042","attack","I","在下個對手的回合，這隻寶可夢不會受到【基礎】寶可夢招式的傷害。","次の相手の番、このポケモンはたねポケモンからワザのダメージを受けない。",""
"cmo1u7z7329ks5uee1ndbil7d","輕身鱈","0976","attack","G","若自己1張手牌都沒有，則這個招式只需要1個【水】能量即可使用。","このワザは、自分の手札が1枚もないなら、エネルギー1個で使える。","If you have no cards in your hand, this attack can be used for {W}."
"cmo1u7yh528c05ueenhjslita","嘟嘟","0084","attack","G","這隻寶可夢也受到10點傷害。","このポケモンにも10ダメージ。",""
"cmo1u7owu1rxn5ueemj6s9gk6","大朝北鼻","0476","attack","J","選擇3個這隻寶可夢身上附加的能量，將其丟棄。","このポケモンについているエネルギーを3個選び、トラッシュする。","Discard 3 Energy from this Pokémon."
"cmo1u7oyq1s0v5ueemh6o0abu","多麗米亞","0676","attack","D","在不看正面的情況下，將對手的手牌丟棄直到張數變為5張為止。","相手の手札を、オモテを見ないで5枚になるように、トラッシュする。",""
"cmo1u7phh1sx15ueehripcjdk","魔幻假面喵","0908","ability","I","若這隻寶可夢在備戰區，則在自己的回合時可使用1次。將這隻寶可夢與戰鬥寶可夢互換。","このポケモンがベンチにいるなら、自分の番に1回使える。このポケモンをバトルポケモンと入れ替える。","Once during your turn, if this Pokémon is on your Bench, you may switch it with your Active Pokémon."
"cmo1u8jfc38v45ueeqfxu4j61","霜奶仙V","0869","attack","D","將自己的所有備戰寶可夢各恢復「30」HP。 | 在下個對手的回合，受到這個招式的【基礎】寶可夢，無法使用招式。 | 寶可夢【V】【氣絕】時，對手獲得2張獎賞卡。","",""
"cmo1u7o8d1qrf5ueerj36lsva","太樂巴戈斯ex","1024","attack","H","只要這隻寶可夢在備戰區，不會受到招式的傷害。 | 這個招式在後攻玩家的最初回合無法使用。造成自己的備戰寶可夢的數量×30點傷害。 | 在下個對手的回合，這隻寶可夢不會受到【基礎】寶可夢（【無】寶可夢除外）招式的傷害。","このワザは、後攻プレイヤーの最初の番には使えない。自分のベンチポケモンの数×30ダメージ。 | 次の相手の番、このポケモンはたねポケモン（ポケモンをのぞく）からワザのダメージを受けない。","If you go second, you can’t use this attack during your first turn. This attack does 30 damage for each of your Benched Pokémon. | During your opponent’s next turn, prevent all damage done to this Pokémon by attacks from Basic non-{C} Pokémon."
"cmp4ow6ii0wucaqxqbjh15s1e","呱頭蛙","","attack","J","從自己的牌庫選擇最多3張寶可夢卡，在給對手看過後加入手牌。並且重洗牌庫。","自分の山札からポケモンを3枚まで選び、相手に見せて、手札に加える。そして山札を切る。",""
"cmo1u8i7g36t75uee03ijnvqm","阿利多斯","0168","ability","D","在自己的回合，當從手牌使出這張卡並完成進化時，可使用1次。選擇對手的備戰區的1隻進化寶可夢，與戰鬥寶可夢互換。","","When you play this Pokémon from your hand to evolve 1 of your Pokémon during your turn, you may switch 1 of your opponent’s Benched Evolution Pokémon with their Active Pokémon."
"cmo1u7o7n1qq75ueekvqxqm86","多龍巴魯托ex","0887","attack","H","只要這隻寶可夢在備戰區，不會受到招式的傷害。 | 將6個傷害指示物以任意方式放置於對手的備戰寶可夢身上。","ダメカン6個を、相手のベンチポケモンに好きなようにのせる。","Put 6 damage counters on your opponent’s Benched Pokémon in any way you like."
"cmo1u7p5d1sc55ueet44h5bse","叉字蝠","0169","ability","J","若這隻寶可夢在戰鬥場上，則在自己的回合時可使用1次。從自己的牌庫任意選擇1張卡。重洗剩餘牌庫，將所選的卡放回牌庫上方。","このポケモンがバトル場にいるなら、自分の番に1回使える。自分の山札から好きなカードを1枚選ぶ。残りの山札を切り、選んだカードを山札の上にもどす。",""
"cmo1u7oy21rzr5ueekdxuxynv","雙劍鞘","0680","attack","J","從自己的手牌將任意數量的「獨劍鞘」「雙劍鞘」「堅盾劍怪」給對手看過後，造成其張數×60點傷害。","自分の手札から「ヒトツキ」「ニダンギル」「ギルガルド」を好きなだけ相手に見せて、その枚数×60ダメージ。","Reveal any number of Honedge, Doublade, and Aegislash from your hand, and this attack does 60 damage for each card you revealed in this way."
"cmo1u818o2d2z5ueeqldqscjk","轟鳴月","1005","attack","H","增加自己的棄牌區的「古代」卡的張數×10點傷害。","自分のトラッシュにある「古代」のカードの枚数×10ダメージ追加。","This attack does 10 more damage for each Ancient card in your discard pile."
"cmo1u8jg938wo5uee128ebyky","伽勒爾 直衝熊","0264","attack","D","這隻寶可夢也受到20點傷害。","",""
"cmo1u7pf11ssw5ueesw9l9g8t","毒薔薇","0315","ability","H","這隻寶可夢在戰鬥場上受到對手的寶可夢招式的傷害時，將使用招式的寶可夢【中毒】。","このポケモンが、バトル場で相手のポケモンからワザのダメージを受けたとき、ワザを使ったポケモンをどくにする。","If this Pokémon is in the Active Spot and is damaged by an attack from your opponent’s Pokémon (even if this Pokémon is Knocked Out), the Attacking Pokémon is now Poisoned."
"cmo1u7ptn1thx5ueewmu590t4","電電蟲","0595","attack","H","從自己的牌庫選擇「基本【草】能量」卡與「基本【雷】能量」卡最多各2張，以任意方式附於自己的寶可夢身上。並且重洗牌庫。","自分の山札から「基本エネルギー」と「基本エネルギー」をそれぞれ2枚まで選び、自分のポケモンに好きなようにつける。そして山札を切る。",""
"cmo1u8jgj38x45ueeuzu29j4t","頭巾混混","0560","attack","D","在下個對手的回合，受到這個招式的寶可夢無法撤退。 | 在這個回合，若從手牌使出了「聶梓」，則增加90點傷害。","","During your opponent’s next turn, the Defending Pokémon can’t retreat. | If you played Piers from your hand during this turn, this attack does 90 more damage."
"cmo1u7z7x29m95ueenvjp2ae8","怖思壺","0855","attack","G","從自己的棄牌區選擇「物品」卡與「寶可夢道具」卡合計最多2張，在給對手看過後加入手牌。 | 在對手的戰鬥寶可夢身上放置5個傷害指示物。","自分のトラッシュから「グッズ」と「ポケモンのどうぐ」を合計2枚まで選び、相手に見せて、手札に加える。 | 相手のバトルポケモンに、ダメカンを5個のせる。",""
"cmp2xpubf0wwy10780ylxeteg","肯泰羅","","attack","J","選擇1隻對手的寶可夢，擲與自己的場上的，名稱中有「肯泰羅」的寶可夢的數量相同次數的硬幣。所選的寶可夢受到正面出現的次數×50點傷害。[在備戰區不計算弱點・抵抗力。]","相手のポケモンを1匹選び、自分の場の、名前に「ケンタロス」とつくポケモンの数ぶんコインを投げる。選んだポケモンに、オモテの数×50ダメージ。［ベンチは弱点・抵抗力を計算しない。］",""
"cmo1u8jhf38yp5ueeequ0jctf","長毛巨魔V","0861","attack","D","選擇2個這隻寶可夢身上附加的【惡】能量，放回手牌。 | 寶可夢【V】【氣絕】時，對手獲得2張獎賞卡。","",""
"cmo1u7phn1sxd5ueennc1n719","奧利紐","0929","attack","I","將自己的1隻寶可夢恢復「40」HP。","自分のポケモン1匹のHPを「40」回復する。","Heal 40 damage from 1 of your Pokémon."
"cmo1u7pgy1sw55uee604cnnpw","燈罩夜菇","0756","ability","H","若這隻寶可夢在戰鬥場上，則在自己的回合時可使用1次。將對手的戰鬥寶可夢【睡眠】。","このポケモンがバトル場にいるなら、自分の番に1回使える。相手のバトルポケモンをねむりにする。","Once during your turn, if this Pokémon is in the Active Spot, you may make your opponent’s Active Pokémon Asleep."
"cmo1u7pid1syl5uee8eql4dd8","厄鬼椪 碧草面具","1017","attack","I","從自己的牌庫選擇1張「基本【草】能量」卡，附於自己的寶可夢身上。並且重洗牌庫。 | 在下個自己的回合，這隻寶可夢無法使用「鬼之錘」。","自分の山札から「基本エネルギー」を1枚選び、自分のポケモンにつける。そして山札を切る。 | 次の自分の番、このポケモンは「おにハンマー」が使えない。","Search your deck for a Basic {G} Energy card and attach it to 1 of your Pokémon. Then, shuffle your deck. | During your next turn, this Pokémon can’t use Ogre’s Hammer."
"cmo1u7pkf1t265ueepw8vwx28","超級炎武王ex","0500","attack","J","這隻寶可夢也受到60點傷害。","このポケモンにも60ダメージ。","This Pokémon also does 60 damage to itself."
"cmo1u8jpd39bn5ueeudajvngj","鐵啞鈴","0374","attack","D","從自己的牌庫選擇最多2張【基礎】寶可夢卡，放置於備戰區。並且重洗牌庫。","","Search your deck for up to 2 Basic Pokémon and put them onto your Bench. Then, shuffle your deck."
"cmo1u7pc71snz5ueexnj4iiuv","無極汰那","0890","attack","I","將場上的競技場卡丟棄。 | 擲1次硬幣若為反面，則在下個自己的回合，這隻寶可夢無法使用招式。","場に出ているスタジアムをトラッシュする。 | コインを1回投げウラなら、次の自分の番、このポケモンはワザが使えない。","Discard a Stadium in play. | Flip a coin. If tails, during your next turn, this Pokémon can’t use attacks."
"cmo1u7wqt25bx5ueefjfa2as1","藏瑪然特","0889","attack","I","在下個對手的回合，這隻寶可夢受到招式的傷害時，將與受到的傷害相同數值的傷害指示物，放置於使用招式的寶可夢身上。","次の相手の番、このポケモンがワザのダメージを受けたとき、受けたダメージぶんのダメカンを、ワザを使ったポケモンにのせる。","During your opponent’s next turn, if this Pokémon is damaged by an attack (even if this Pokémon is Knocked Out), put damage counters on the Attacking Pokémon equal to the damage done to this Pokémon."
"cmo1u7z9h29ox5ueerq89tg2t","懶人獺","0287","attack","G","將對手的戰鬥寶可夢【睡眠】。","相手のバトルポケモンをねむりにする。",""
"cmo1u7p2p1s7o5ueehimd7znj","鳳王","0250","attack","J","從自己的棄牌區選擇最多3張【基礎】寶可夢卡，放置於備戰區。 | 選擇1個這隻寶可夢身上附加的【火】能量，將其丟棄。","自分のトラッシュからたねポケモンを3枚まで選び、ベンチに出す。 | このポケモンについているエネルギーを1個選び、トラッシュする。",""
"cmo1u8jqd39cz5uee895fiuri","美錄梅塔","0809","attack","D","從自己的棄牌區選擇1張能量卡，附於這隻寶可夢身上。","","Attach an Energy card from your discard pile to this Pokémon."
"cmo1u7p2s1s7s5uee8sm8x9vp","火狐狸","0653","attack","J","從自己的牌庫選擇最多2張【基礎】寶可夢卡，放置於備戰區。並且重洗牌庫。","自分の山札からたねポケモンを2枚まで選び、ベンチに出す。そして山札を切る。",""
"cmo1u7pxg1toi5ueedk13ozt3","拉帝歐斯","0381","attack","H","對手的1隻寶可夢受到50點傷害。[在備戰區不計算弱點・抵抗力。]","相手のポケモン1匹に、50ダメージ。［ベンチは弱点・抵抗力を計算しない。］",""
"cmo1u7pls1t4i5ueei4oh5hkp","夜盜火蜥","0757","attack","H","選擇1個這隻寶可夢身上附加的能量，將其丟棄。","このポケモンについているエネルギーを1個選び、トラッシュする。","Discard an Energy from this Pokémon."
"cmo1u7p2u1s7w5ueeqppg93ig","長尾火狐","0654","attack","J","選擇1個這隻寶可夢身上附加的能量，將其丟棄。","このポケモンについているエネルギーを1個選び、トラッシュする。",""
"cmo1u7plx1t4q5ueevm4sy91b","爆焰龜獸","0776","attack","H","對手的1隻備戰寶可夢受到40點傷害。[在備戰區不計算弱點・抵抗力。]","相手のベンチポケモン1匹に、40ダメージ。［ベンチは弱点・抵抗力を計算しない。］",""
"cmo1u7p3v1s9l5ueet2y8cd5n","咩利羊","0179","attack","J","擲1次硬幣若為正面，則將對手的戰鬥寶可夢【麻痺】。","コインを1回投げオモテなら、相手のバトルポケモンをマヒにする。",""
"cmobmw5wd1t162pc7wcr7nky4","莉佳的走路草","0043","attack","J","這隻寶可夢也受到10點傷害。","このポケモンにも10ダメージ。","This Pokémon also does 10 damage to itself."
"cmo1u7p421s9x5ueew1bghxel","電飛鼠","0587","attack","J","從自己的牌庫選擇最多2張基本能量卡，在給對手看過後加入手牌。並且重洗牌庫。 | 將這隻寶可夢與附加的卡，全部放回手牌。","自分の山札から基本エネルギーを2枚まで選び、相手に見せて、手札に加える。そして山札を切る。 | このポケモンと、ついているすべてのカードを、手札にもどす。",""
"cmo1u7pmp1t635ueejzakyqia","厄鬼椪 火灶面具","1017","attack","I","從自己的牌庫選擇1張「基本【火】能量」卡，附於自己的寶可夢身上。並且重洗牌庫。 | 將對手的戰鬥寶可夢【灼傷】。","自分の山札から「基本エネルギー」を1枚選び、自分のポケモンにつける。そして山札を切る。 | 相手のバトルポケモンをやけどにする。","Search your deck for a Basic {R} Energy card and attach it to 1 of your Pokémon. Then, shuffle your deck. | Your opponent’s Active Pokémon is now Burned."
"cmobmw4081q0n2pc7tbr0nglm","巨翅飛魚","0226","attack","I","從自己的牌庫選擇最多2張【基礎】寶可夢卡，放置於備戰區。並且重洗牌庫。","自分の山札からたねポケモンを2枚まで選び、ベンチに出す。そして山札を切る。","Search your deck for up to 2 Basic Pokémon and put them onto your Bench. Then, shuffle your deck."
"cmo1u7pdo1sqk5uee0hflp25d","蛋蛋","0102","attack","H","這個招式可在先攻玩家的最初回合使用。從自己的牌庫選擇1張從這隻寶可夢進化而來的卡，放置於這隻寶可夢身上完成進化。並且重洗牌庫。","このワザは、先攻プレイヤーの最初の番でも使える。このポケモンから進化するカードを、自分の山札から1枚選び、このポケモンにのせて進化させる。そして山札を切る。",""
"cmo1u7pop1t9j5ueex2k4qrm5","巨牙鯊","0319","attack","H","擲3次硬幣，在不看手牌正面的情況下，選擇與正面出現的次數相同數量的對手的手牌，將其丟棄。","コインを3回投げ、オモテの数ぶん、相手の手札からオモテを見ないで選び、トラッシュする。","Flip 3 coins. For each heads, discard a random card from your opponent’s hand."
"cmo1u7q4u1u185ueefeojuf3f","厄鬼椪 礎石面具","1017","attack","I","從自己的牌庫選擇1張「基本【鬥】能量」卡，附於自己的寶可夢身上。並且重洗牌庫。 | 將對手的牌庫上方1張卡丟棄。","自分の山札から「基本エネルギー」を1枚選び、自分のポケモンにつける。そして山札を切る。 | 相手の山札を上から1枚トラッシュする。","Search your deck for a Basic {F} Energy card and attach it to 1 of your Pokémon. Then, shuffle your deck. | Discard the top card of your opponent’s deck."
"cmo1u83hf2gtn5uee064i4ghn","樹枕尾熊","0775","attack","I","將雙方的戰鬥寶可夢【睡眠】。在下個自己的回合，這隻寶可夢使用的招式，對對手的戰鬥寶可夢造成的傷害「+100」點。","おたがいのバトルポケモンを、それぞれねむりにする。次の自分の番、このポケモンが使うワザの、相手のバトルポケモンへのダメージは「+100」される。","Both Active Pokémon are now Asleep. During your next turn, attacks used by this Pokémon do 100 more damage to your opponent’s Active Pokémon (before applying Weakness and Resistance)."
"cmo1u8hxv36cs5uee46s0qd3v","坐騎小羊","0672","attack","D","從自己的牌庫選擇1張【草】能量卡，附於自己的寶可夢身上。並且重洗牌庫。","","Search your deck for a {G} Energy card and attach it to 1 of your Pokémon. Then, shuffle your deck."
"cmo1u7pe01sr45ueeudycdl0t","莉佳的蔓藤怪","0114","ability","J","在自己的回合時可使用1次。從自己的牌庫選擇1張「莉佳的寶可夢」，在給對手看過後加入手牌。並且重洗牌庫。","自分の番に1回使える。自分の山札から「エリカのポケモン」を1枚選び、相手に見せて、手札に加える。そして山札を切る。","Once during your turn, you may use this Ability. Search your deck for an Erika’s Pokémon, reveal it, and put it into your hand. Then, shuffle your deck."
"cmo1u7z6p29k45ueegvwzbyhi","瑪力露麗","0184","attack","G","將這隻寶可夢恢復「30」HP。 | 擲2次硬幣，造成正面出現的次數×100點傷害。","このポケモンのHPを「30」回復する。 | コインを2回投げ、オモテの数×100ダメージ。","Heal 30 damage from this Pokémon. | Flip 2 coins. This attack does 100 damage for each heads."
"cmobmw5xe1t2u2pc79zsntu6s","菊草葉","0152","attack","J","在下個對手的回合，受到這個招式的寶可夢使用招式的傷害「-20」點。","次の相手の番、このワザを受けたポケモンが使うワザのダメージは「-20」される。",""
"cmo1u7p4n1sax5ueefbyshb7t","朽木妖","0709","attack","J","在下個對手的回合，受到這個招式的寶可夢，無法附上從手牌使出的能量卡。 | 增加對手的所有寶可夢身上放置的傷害指示物的數量×10點傷害。","次の相手の番、このワザを受けたポケモンは、手札から出すエネルギーをつけられない。 | 相手のポケモン全員にのっているダメカンの数×10ダメージ追加。",""
"cmo1u7pea1srk5ueefc7k2bb4","超級大竺葵ex","0154","attack","J","增加這隻寶可夢身上附加的【草】能量的數量×50點傷害。","このポケモンについているエネルギーの数×50ダメージ追加。","This attack does 50 more damage for each {G} Energy attached to this Pokémon."
"cmo1u7p541sbp5ueeeovz7sxp","天秤偶","0343","attack","J","擲硬幣直到出現反面，造成正面出現的次數×30點傷害。","ウラが出るまでコインを投げ、オモテの数×30ダメージ。",""
"cmo1u7p591sbx5ueepm7ow9g0","超音蝠","0041","attack","J","將對手的戰鬥寶可夢【混亂】。","相手のバトルポケモンをこんらんにする。",""
"cmo1u8k573a035ueehdbk62uv","敲音猴","0810","attack","D","擲3次硬幣，造成正面出現的次數×10點傷害。","",""
"cmo1u7pwr1tna5ueeg6b5htay","奇麒麟","0981","attack","H","造成自己的場上【1階進化】寶可夢的數量×40點傷害。 | 將對手的戰鬥寶可夢【混亂】。","自分の場の1進化ポケモンの数×40ダメージ。 | 相手のバトルポケモンをこんらんにする。","This attack does 40 damage for each of your Stage 1 Pokémon in play. | Your opponent’s Active Pokémon is now Confused."
"cmo1u7prg1te45ueegseles1r","吃吼霸ex","0977","attack","I","增加這隻寶可夢身上放置的傷害指示物的數量×10點傷害。 | 若希望，增加120點傷害。這個情況下，這隻寶可夢也受到50點傷害。","このポケモンにのっているダメカンの数×10ダメージ追加。 | のぞむなら、120ダメージ追加。その場合、このポケモンにも50ダメージ。","This attack does 10 more damage for each damage counter on this Pokémon. | You may do 120 more damage. If you do, this Pokémon also does 50 damage to itself."
"cmo1u7pfb1stc5uee0nkwnwp4","草苗龜","0387","ability","H","這隻寶可夢受到招式的傷害「-20」點。","このポケモンが受けるワザのダメージは「-20」される。","This Pokémon takes 20 less damage from attacks (after applying Weakness and Resistance)."
"cmo1u8hyl36e05ueeqdw07wws","烈箭鷹V","0663","attack","D","這個招式在先攻玩家的最初回合也可使用。將自己的手牌全部丟棄，從牌庫抽出6張卡。 | 選擇1個這隻寶可夢身上附加的能量，將其丟棄。 | 寶可夢【V】【氣絕】時，對手獲得2張獎賞卡。","",""
"cmo1u7p631sdd5uee0a5452u1","堅果啞鈴","0598","ability","J","在對手的回合，這張卡因對手的招式・特性・物品卡・支援者卡的效果而從牌庫被丟棄時，將對手的牌庫上方8張卡丟棄。","相手の番に、このカードが相手のワザ・特性・グッズ・サポートの効果で山札からトラッシュされたとき、相手の山札を上から8枚トラッシュする。",""
"cmo1u8hyz36eo5uee1fd4opg7","大劍鬼","0503","attack","D","這隻寶可夢受到招式的傷害「-30」點。 | 若希望，選擇2個對手的戰鬥寶可夢身上附加的能量，放回對手的手牌。","",""
"cmo1u7pgg1sv95ueejobsmc2o","鐵蟻","0632","attack","H","擲1次硬幣若為正面，則選擇1個對手的戰鬥寶可夢身上附加的能量，將其丟棄。","コインを1回投げオモテなら、相手のバトルポケモンについているエネルギーを1個選び、トラッシュする。","Flip a coin. If heads, discard an Energy from your opponent’s Active Pokémon."
"cmo1u7psd1tfs5uee6yek7ktb","奇樹的頑皮雷彈","0101","attack","I","這隻寶可夢受到100點傷害。擲1次硬幣若為正面，則將對手的戰鬥寶可夢【昏厥】。","このポケモンに100ダメージ。コインを1回投げオモテなら、相手のバトルポケモンをきぜつさせる。","This Pokémon does 100 damage to itself. Flip a coin. If heads, your opponent’s Active Pokémon is Knocked Out."
"cmo1u7q3k1tz05ueeaisedulv","投擲猴","0766","attack","H","造成自己的場上的【基礎】寶可夢的數量×20點傷害。","自分の場のたねポケモンの数×20ダメージ。","This attack does 20 damage for each of your Basic Pokémon in play."
"cmo1u8hzk36fo5uee5j3l1mkf","皮卡丘V","0025","attack","D","從自己的牌庫選擇最多2張【雷】能量卡，附於這隻寶可夢身上。並且重洗牌庫。 | 將這隻寶可夢身上附加的能量全部丟棄。 | 寶可夢【V】【氣絕】時，對手獲得2張獎賞卡。","",""
"cmo1u7p6k1se65ueeeljp04w6","探探鼠","0504","ability","J","只要這隻寶可夢在場上，雙方的所有寶可夢身上放置的傷害指示物，無法改放於其他寶可夢身上。","このポケモンがいるかぎり、おたがいのポケモン全員にのっているダメカンは、別のポケモンにのせ替えられない。",""
"cmo1u7qca1udu5uee5gpcuzzd","暴飛龍ex","0373","attack","I","對手的所有備戰寶可夢各受到50點傷害。[在備戰區不計算弱點・抵抗力。] | 選擇2個這隻寶可夢身上附加的能量，將其丟棄。","相手のベンチポケモン全員に、それぞれ50ダメージ。［ベンチは弱点・抵抗力を計算しない。］ | このポケモンについているエネルギーを2個選び、トラッシュする。","This attack does 50 damage to each of your opponent’s Benched Pokémon. (Don’t apply Weakness and Resistance for Benched Pokémon.) | Discard 2 Energy from this Pokémon."
"cmo1u7xfj26ix5uee4bjxc9we","長毛狗","0508","attack","I","擲3次硬幣，從自己的棄牌區任意選擇最多與正面出現的次數相同數量的卡，在給對手看過後加入手牌。 | 若這隻寶可夢身上附有特殊能量卡，則增加100點傷害。","コインを3回投げ、オモテの数ぶんまで、自分のトラッシュから好きなカードを選び、相手に見せて、手札に加える。 | このポケモンに特殊エネルギーがついているなら、100ダメージ追加。","Flip 3 coins. Put a number of cards up to the number of heads from your discard pile into your hand. | If this Pokémon has any Special Energy attached, this attack does 100 more damage."
"cmo1u83oa2h5d5uee53qslvdh","<派帕的>藏飽栗鼠","0820","ability","I","在自己的回合，從手牌使出這張卡並完成進化時，可使用1次。從自己的棄牌區選擇最多2張「派帕的三明治」，在給對手看過後加入手牌。","自分の番に、このカードを手札から出して進化させたとき、1回使える。自分のトラッシュから「ペパーのサンドウィッチ」を2枚まで選び、相手に見せて、手札に加える。","When you play this Pokémon from your hand to evolve 1 of your Pokémon during your turn, you may put up to 2 Arven’s Sandwich cards from your discard pile into your hand."
"cmo1u7o241qgp5ueegqtsxp9w","超級麻麻鰻魚王ex","0604","attack","I","對手的2隻寶可夢各受到60點傷害。[在備戰區不計算弱點・抵抗力。] | 若希望，將2個這隻寶可夢身上附加的【雷】能量丟棄，將對手的戰鬥寶可夢【麻痺】。","相手のポケモン2匹に、それぞれ60ダメージ。［ベンチは弱点・抵抗力を計算しない。］ | のぞむなら、このポケモンについているエネルギーを2個トラッシュし、相手のバトルポケモンをマヒにする。","You may discard 2 {L} Energy from this Pokémon and make your opponent’s Active Pokémon Paralyzed."
"cmo1u6y7s0i745ueeck33n6zx","伽勒爾 烈焰馬V","0078","attack","E","擲1次硬幣若為正面，則增加20點傷害。","相手のポケモン1匹に、そのポケモンの残りHPが「100」になるように、ダメカンをのせる。 | 相手のバトルポケモンについているエネルギーの数×30ダメージ追加。",""
"cmo1u7ph01sw95uee8ys0toh1","破破舵輪","0781","attack","H","若自己的備戰區有【鋼】寶可夢，則增加80點傷害。","自分のベンチにポケモンがいるなら、80ダメージ追加。","If you have any {M} Pokémon on your Bench, this attack does 80 more damage."
"cmp4ow6jn0wvhaqxqevggls22","南瓜怪人ex","","attack","J","增加自己的身上放置有傷害指示物的備戰寶可夢的數量×50點傷害。 | 在不看正面的情況下，從對手的手牌選擇1張，將其丟棄。","ダメカンがのっている自分のベンチポケモンの数×50ダメージ追加。 | 相手の手札からオモテを見ないで1枚選び、トラッシュする。",""
"cmo1u7q2g1tx35ueebb770fvy","修建老匠","0534","ability","I","這隻寶可夢的最大HP，依這隻寶可夢身上附加的【鬥】能量每1個「+40」。","このポケモンについているエネルギー1個につき、このポケモンの最大HPは「＋40」される。","This Pokémon gets +40 HP for each {F} Energy attached to it."
"cmo1u7o091qdl5uee4c604dh6","<阿響的>鳳王ex","0250","ability","I","在自己的回合時可使用1次。從自己的手牌選擇最多2張「基本【火】能量」卡，附於備戰區的1隻「阿響的寶可夢」身上。","自分の番に1回使える。自分の手札から「基本エネルギー」を2枚まで選び、ベンチの「ヒビキのポケモン」1匹につける。","Once during your turn, you may attach up to 2 Basic {R} Energy cards from your hand to 1 of your Benched Ethan’s Pokémon."
"cmo1u7qg31ukc5ueegdne7ulb","豆豆鴿","0519","attack","I","查看對手的手牌。","相手の手札を見る。","Your opponent reveals their hand."
"cmo1u7q4i1u0o5ueejasduzvd","雄偉牙","0984","attack","H","若自己的備戰寶可夢身上放置有傷害指示物，則增加80點傷害。","自分のベンチポケモンにダメカンがのっているなら、80ダメージ追加。",""
"cmo1u7p6r1sei5uee3jt1dq95","奇諾栗鼠ex","0573","ability","J","這隻寶可夢受到招式的傷害時，自己擲1次硬幣。若為正面，則這隻寶可夢不會受到那個傷害。","このポケモンがワザのダメージを受けるとき、自分はコインを1回投げる。オモテなら、このポケモンはそのダメージを受けない。",""
"cmo1u7xzb27hj5ueel917ukc0","奇魯莉安","0281","attack","G","增加對手的戰鬥寶可夢身上附加的能量的數量×20點傷害。","相手のバトルポケモンについているエネルギーの数×20ダメージ追加。","This attack does 20 more damage for each Energy attached to your opponent’s Active Pokémon."
"cmo1u7xzd27hn5ueerlfzge86","沙奈朵ex","0282","ability","G","在自己的回合時，可不限次數使用。從自己的棄牌區選擇1張「基本【超】能量」卡，附於自己的【超】寶可夢身上。然後，在附上那張卡的寶可夢身上放置2個傷害指示物。（這個特性無法對會【昏厥】的寶可夢使用。）","自分の番に何回でも使える。自分のトラッシュから「基本エネルギー」を1枚選び、自分のポケモンにつける。その後、つけたポケモンにダメカンを2個のせる。（きぜつするポケモンに、この特性は使えない。）","As often as you like during your turn, you may attach a Basic {P} Energy card from your discard pile to 1 of your {P} Pokémon. If you attached Energy to a Pokémon in this way, put 2 damage counters on that Pokémon. You can’t use this Ability on a Pokémon that would be Knocked Out."
"cmo1u8i0x36i15uee6ycw2n1d","腕力","0066","attack","D","擲1次硬幣若為正面，則增加40點傷害。","","Flip a coin. If heads, this attack does 40 more damage."
"cmo1u7q5f1u285uee4d5rpsef","火箭隊的尼多力諾","0033","attack","I","若對手的戰鬥寶可夢身上放置有傷害指示物，則增加60點傷害。","相手のバトルポケモンにダメカンがのっているなら、60ダメージ追加。","If your opponent’s Active Pokémon already has any damage counters on it, this attack does 60 more damage."
"cmobmwa8x1zzn2pc7g3ui2vc1","多龍巴魯托","0887","attack","E","造成自己的場上「匯流」寶可夢的數量×30點傷害。","自分の場の「フュージョン」のポケモンの数×30ダメージ。","This attack does 30 damage for each of your Fusion Strike Pokémon in play."
"cmo1u7xyh27g35ueez0p1gfme","暴鯉龍ex","0130","attack","G","只要這隻寶可夢在備戰區，不會受到招式的傷害。 | 若對手的戰鬥寶可夢身上放置有傷害指示物，則增加180點傷害。 | 寶可夢【ex】【昏厥】時，對手獲得2張獎賞卡。","相手のバトルポケモンにダメカンがのっているなら、180ダメージ追加。","If your opponent’s Active Pokémon already has any damage counters on it, this attack does 180 more damage."
"cmo1u7q6g1u3x5uee59ffwo81","土狼犬","0261","attack","H","擲1次硬幣若為正面，則增加20點傷害。","コインを1回投げオモテなら、20ダメージ追加。","Flip a coin. If heads, this attack does 20 more damage."
"cmo1u7q6l1u455ueegmz7zqpp","勾魂眼","0302","attack","H","選擇任意數量的對手的備戰寶可夢身上放置的傷害指示物，改放於對手的戰鬥寶可夢身上。","相手のベンチポケモンにのっているダメカンを好きなだけ選び、相手のバトルポケモンにのせ替える。",""
"cmo1u7wyk25oz5ueetljs7v7e","黑眼鱷","0551","attack","I","對手選擇1張對手自己的手牌，將其丟棄。","相手は相手自身の手札を1枚選び、トラッシュする。","Your opponent discards a card from their hand."
"cmo1u7pc01snn5uee8k7xczmb","烏鴉頭頭","0430","attack","I","將2個這隻寶可夢身上附加的能量丟棄，對手的1隻寶可夢受到120點傷害。[在備戰區不計算弱點・抵抗力。]","このポケモンについているエネルギーを2個トラッシュし、相手のポケモン1匹に、120ダメージ。［ベンチは弱点・抵抗力を計算しない。］","Discard 2 Energy from this Pokémon, and this attack does 120 damage to 1 of your opponent’s Pokémon. (Don’t apply Weakness and Resistance for Benched Pokémon.)"
"cmo1u7q8a1u715ueeyb94rwf0","流氓熊貓","0675","attack","I","選擇1個對手的戰鬥寶可夢持有的招式。在下個對手的回合，受到這個招式的寶可夢無法使用被選擇的招式。 | 在下個自己的回合，這隻寶可夢無法使用招式。","相手のバトルポケモンが持つワザを1つ選ぶ。次の相手の番、このワザを受けたポケモンは、選ばれたワザが使えない。 | 次の自分の番、このポケモンはワザが使えない。","Choose 1 of your opponent’s Active Pokémon’s attacks. During your opponent’s next turn, that Pokémon can’t use that attack. | During your next turn, this Pokémon can’t attack."
"cmo1u7q8c1u755ueexiwentst","伊裴爾塔爾","0717","attack","H","在對手的身上放置有傷害指示物的所有寶可夢身上，各放置2個傷害指示物。 | 擲1次硬幣若為正面，則選擇1個對手的戰鬥寶可夢身上附加的能量，將其丟棄。","ダメカンがのっている相手のポケモン全員に、それぞれダメカンを2個のせる。 | コインを1回投げオモテなら、相手のバトルポケモンについているエネルギーを1個選び、トラッシュする。","Put 2 damage counters on each of your opponent’s Pokémon that has any damage counters on it. | Flip a coin. If heads, discard an Energy from your opponent’s Active Pokémon."
"cmobmw6u61uj52pc76a4t5ds3","胡帕","0720","attack","J","從自己的牌庫抽出2張卡。 | 在下個自己的回合，這隻寶可夢無法使用招式。","自分の山札を2枚引く。 | 次の自分の番、このポケモンはワザが使えない。","During your next turn, this Pokémon can’t use attacks."
"cmo1u7z9a29ol5uee9hm36upf","土龍節節","0982","attack","G","將對手的戰鬥寶可夢【麻痺】。將這隻寶可夢與附加的卡，全部放回自己的牌庫並重洗。","相手のバトルポケモンをマヒにする。このポケモンと、ついているすべてのカードを、自分の山札にもどして切る。","Your opponent’s Active Pokémon is now Paralyzed. Shuffle this Pokémon and all attached cards into your deck."
"cmo1u7q8m1u7l5ueecnl5gkvb","<派帕的>獒教父ex","0943","attack","I","若這隻寶可夢身上沒有放置傷害指示物，則增加120點傷害。 | 在下個自己的回合，這隻寶可夢無法使用「大佬頭擊」。","このポケモンにダメカンがのっていないなら、120ダメージ追加。 | 次の自分の番、このポケモンは「おやぶんヘッド」が使えない。","If this Pokémon has no damage counters on it, this attack does 120 more damage. | During your next turn, this Pokémon can’t use Boss Headbutt."
"cmo1u7q8r1u7t5ueepiuzd223","奇麒麟ex","0981","ability","H","這隻寶可夢不會受到對手的【基礎】寶可夢的「寶可夢【ex】」招式的傷害。","このポケモンは、相手のたねポケモンの「ポケモンex」からワザのダメージを受けない。","Prevent all damage done to this Pokémon by attacks from your opponent’s Basic Pokémon {ex}."
"cmo1u7q981u8l5ueej2ny6w36","盔甲鳥","0227","attack","H","在下個對手的回合，這隻寶可夢受到招式的傷害「-30」點。","次の相手の番、このポケモンが受けるワザのダメージは「-30」される。","During your opponent’s next turn, this Pokémon takes 30 less damage from attacks (after applying Weakness and Resistance)."
"cmo1u7q9k1u965ueewo770n20","雷吉斯奇魯","0379","attack","H","增加這隻寶可夢身上放置的傷害指示物的數量×10點傷害。","このポケモンにのっているダメカンの数×10ダメージ追加。",""
"cmobmw3w11ptx2pc7ujlazgdr","帝牙盧卡","0483","attack","I","若希望，將這隻寶可夢身上附加的能量卡全部放回牌庫並重洗，增加80點傷害。","のぞむなら、このポケモンについているエネルギーをすべて山札にもどして切り、80ダメージ追加。","You may shuffle all Energy attached to this Pokémon into your deck and have this attack do 80 more damage."
"cmo1u7yfw289w5ueel1hbf6k9","胡地ex","0065","attack","G","增加對手的備戰寶可夢的數量×30點傷害。 | 就算這隻寶可夢在備戰區，這個招式也可使用。 | 寶可夢【ex】【昏厥】時，對手獲得2張獎賞卡。","相手のベンチポケモンの数×30ダメージ追加。 | このワザは、このポケモンがベンチにいても使える。","This attack does 30 more damage for each of your opponent’s Benched Pokémon. | This attack can be used even if this Pokémon is on the Bench."
"cmobmw5wg1t1a2pc71mhlilz6","莉佳的臭臭花","0044","attack","J","將對手的戰鬥寶可夢【中毒】。","相手のバトルポケモンをどくにする。","Your opponent’s Active Pokémon is now Poisoned."
"cmo1u7pdd1sq05uee8lg7fooi","派拉斯","0046","attack","I","將這隻寶可夢恢復對對手的戰鬥寶可夢造成的傷害相同數值的HP。","相手のバトルポケモンに与えたダメージぶん、このポケモンのHPを回復する。","Heal from this Pokémon the same amount of damage you did to your opponent’s Active Pokémon."
"cmo1u84t92j3y5ueemj08a36a","基拉祈","0385","attack","H","從自己的棄牌區選擇1張基本能量卡，附於備戰寶可夢身上。","自分のトラッシュから基本エネルギーを1枚選び、ベンチポケモンにつける。",""
"cmo1u7pl01t365ueeeskozagp","火神蛾","0637","attack","H","將這隻寶可夢恢復對對手的戰鬥寶可夢造成的傷害相同數值的HP。 | 這隻寶可夢也受到50點傷害。","相手のバトルポケモンに与えたダメージぶん、このポケモンのHPを回復する。 | このポケモンにも50ダメージ。","Heal from this Pokémon the same amount of damage you did to your opponent’s Active Pokémon. | This Pokémon also does 50 damage to itself."
"cmo1u8jo7399r5uee63fcphgu","投擲猴","0766","attack","D","從自己的牌庫選擇最多2張【基礎】寶可夢卡，放置於備戰區。並且重洗牌庫。 | 這個招式的傷害不計算抵抗力。","","Search your deck for up to 2 Basic Pokémon and put them onto your Bench. Then, shuffle your deck. | This attack’s damage isn’t affected by Resistance."
"cmo1u7pe31sr85ueew6t7uukw","飛天螳螂","0123","attack","H","在下個自己的回合，這隻寶可夢無法使用「猛擊在地」。","次の自分の番、このポケモンは「スラッシュダウン」が使えない。",""
"cmo1u8i1r36jh5ueex5f4and6","八爪武師","0853","attack","D","在下個對手的回合，受到這個招式的寶可夢無法撤退。 | 在上個自己的回合，若這隻寶可夢使用了「鎖頭」，則增加120點傷害。","","During your opponent’s next turn, the Defending Pokémon can’t retreat. | If this Pokémon used Full Nelson during your last turn, this attack does 120 more damage."
"cmobmw3w61pu52pc7a886d43v","巧鍛匠","0958","ability","I","在自己的回合，從手牌使出這張卡並完成進化時，可使用1次。擲1次硬幣若為正面，則選擇1個對手的戰鬥寶可夢身上附加的能量，將其丟棄。","自分の番に、このカードを手札から出して進化させたとき、1回使える。コインを1回投げオモテなら、相手のバトルポケモンについているエネルギーを1個選び、トラッシュする。","Once during your turn, when you play this Pokémon from your hand to evolve 1 of your Pokémon, you may use this Ability. Flip a coin. If heads, discard an Energy from your opponent’s Active Pokémon."
"cmobmw3zm1pzn2pc7ti6pqzei","壺壺","0213","ability","I","若這隻寶可夢身上附有【草】能量卡，則在自己的回合時可使用1次。將自己的1隻寶可夢恢復「30」HP。","このポケモンにエネルギーがついているなら、自分の番に1回使える。自分のポケモン1匹のHPを「30」回復する。","Once during your turn, if this Pokémon has any {G} Energy attached, you may use this Ability. Heal 30 damage from 1 of your Pokémon."
"cmo1u7pff1stk5ueej6j5f44d","土台龜ex","0389","attack","H","造成自己的場上【草】寶可夢的數量×30點傷害。 | 將這隻寶可夢恢復「50」HP。","自分の場のポケモンの数×30ダメージ。 | このポケモンのHPを「50」回復する。","This attack does 30 damage for each of your {G} Pokémon in play. | Heal 50 damage from this Pokémon."
"cmo1u7z2x29dn5ueeeyr3y1lj","音波龍ex","0715","attack","G","在下個對手的回合，這隻寶可夢不會受到【基礎】寶可夢招式的傷害。 | 在下個對手的回合，對手無法從手牌附上特殊能量卡，也無法使出競技場卡。 | 寶可夢【ex】【昏厥】時，對手獲得2張獎賞卡。","次の相手の番、このポケモンはたねポケモンからワザのダメージを受けない。 | 次の相手の番、相手は手札から特殊エネルギーを出してつけられず、スタジアムも出せない。",""
"cmo1u7pfz1sug5uee2pcdgcy7","風妖精ex","0547","attack","I","從自己的牌庫選擇最多3張基本能量卡，以任意方式附於自己的寶可夢身上。並且重洗牌庫。 | 查看對手的手牌，造成其中訓練家卡的張數×50點傷害。","自分の山札から基本エネルギーを3枚まで選び、自分のポケモンに好きなようにつける。そして山札を切る。 | 相手の手札を見て、その中にあるトレーナーズの枚数×50ダメージ。","Search your deck for up to 3 Basic Energy cards and attach them to your Pokémon in any way you like. Then, shuffle your deck. | Your opponent reveals their hand. This attack does 50 damage for each Trainer card you find there."
"cmo1u7po51t8j5ueeotlnac6c","狃拉","0215","attack","H","在下個對手的回合，受到這個招式的寶可夢無法撤退。","次の相手の番、このワザを受けたポケモンは、にげられない。","During your opponent’s next turn, the Defending Pokémon can’t retreat."
"cmo1u80w22chj5ueeh8etne1r","多邊獸Z","0474","ability","G","在自己的回合時可使用1次。擲1次硬幣若為正面，則從自己的棄牌區選擇最多4張基本能量卡，附於這隻寶可夢身上。若為反面，則選擇1個這隻寶可夢身上附加的能量，將其丟棄。","自分の番に1回使える。コインを1回投げオモテなら、自分のトラッシュから基本エネルギーを4枚まで選び、このポケモンにつける。ウラなら、このポケモンについているエネルギーを1個選び、トラッシュする。","Once during your turn, you may flip a coin. If heads, attach up to 4 Basic Energy cards from your discard pile to this Pokémon. If tails, discard an Energy from this Pokémon."
"cmo1u7nzr1qcs5uee6ebwnv1x","岩殿居蟹","0558","ability","I","這隻寶可夢不會受到對手的「寶可夢【ex】」招式的傷害。","このポケモンは、相手の「ポケモンex」からワザのダメージを受けない。","Prevent all damage done to this Pokémon by attacks from your opponent’s Pokémon {ex}."
"cmo1u7pgb1sv15ueebmb5b07l","敗露球菇","0591","attack","I","若對手的戰鬥寶可夢處於特殊狀態，則增加120點傷害。","相手のバトルポケモンが特殊状態なら、120ダメージ追加。","If your opponent’s Active Pokémon is affected by a Special Condition, this attack does 120 more damage."
"cmo1u7q911u895ueegrsi2us4","桃歹郎","1025","ability","H","只要這隻寶可夢在戰鬥場上，對手的【中毒】的寶可夢，因【中毒】而放置的傷害指示物的數量增加5個。","このポケモンがバトル場にいるかぎり、相手のどくのポケモンは、どくでのせるダメカンの数が5個多くなる。","As long as this Pokémon is in the Active Spot, put 5 more damage counters on your opponent’s Poisoned Pokémon during Pokémon Checkup."
"cmo1u7pgi1svd5ueedt1ylawx","鐵蟻ex","0632","ability","H","在自己的回合，從手牌將這張卡放置於備戰區時，可使用1次。將對手的牌庫上方1張卡丟棄。","自分の番に、このカードを手札からベンチに出したとき、1回使える。相手の山札を上から1枚トラッシュする。","When you play this Pokémon from your hand onto your Bench during your turn, you may discard the top card of your opponent’s deck."
"cmo1u7pxp1toy5ueeq7hmlur6","克雷色利亞","0488","attack","H","將自己的所有寶可夢各恢復「20」HP。 | 若希望，選擇1張自己的反面朝上的獎賞卡，翻到正面。這個情況下，增加80點傷害。（在對戰結束前，那張獎賞卡維持正面朝上。）","自分のポケモン全員のHPを、それぞれ「20」回復する。 | のぞむなら、ウラになっている自分のサイドを1枚選び、オモテにする。その場合、80ダメージ追加。（対戦が終わるまで、そのサイドはオモテのまま。）","Heal 20 damage from each of your Pokémon. | You may turn 1 of your face-down Prize cards face up. If you do, this attack does 80 more damage. (That Prize card remains face up for the rest of the game.)"
"cmo1u7pzq1tsf5uee8q9tsxpe","麻花犬ex","0927","ability","H","在自己的回合，從手牌使出這張卡並完成進化時，可使用1次。將自己的所有進化寶可夢的HP全部恢復。然後，將恢復的寶可夢身上附加的能量全部丟棄。","自分の番に、このカードを手札から出して進化させたとき、1回使える。自分の進化ポケモン全員のHPを、すべて回復する。その後、回復したポケモンについているエネルギーを、すべてトラッシュする。","When you play this Pokémon from your hand to evolve 1 of your Pokémon during your turn, you may heal all damage from each of your Evolution Pokémon. If you healed any damage in this way, discard all Energy from those Pokémon."
"cmo1u8i2l36kx5ueeecy8onhi","種子鐵球","0597","attack","D","將這隻寶可夢與備戰寶可夢互換。","",""
"cmo1u7phj1sx55ueelx9feull","新葉喵ex","0906","attack","H","將這隻寶可夢恢復「30」HP。","このポケモンのHPを「30」回復する。","Heal 30 damage from this Pokémon."
"cmo1u7qd51ufb5ueemp8p0s1k","密勒頓ex","1008","attack","H","若對手的戰鬥寶可夢身上放置有傷害指示物，則增加100點傷害。 | 在下個自己的回合，這隻寶可夢無法使用「異度猛衝」。","相手のバトルポケモンにダメカンがのっているなら、100ダメージ追加。 | 次の自分の番、このポケモンは「サイバードライブ」が使えない。","If your opponent’s Active Pokémon already has any damage counters on it, this attack does 100 more damage. | During your next turn, this Pokémon can’t use Cyber Drive."
"cmo1u7q0s1tu75ueebi31527w","象牙豬ex","0473","ability","I","在自己的回合時可使用1次。從自己的牌庫選擇1張寶可夢卡，在給對手看過後加入手牌。並且重洗牌庫。","自分の番に1回使える。自分の山札からポケモンを1枚選び、相手に見せて、手札に加える。そして山札を切る。","Once during your turn, you may search your deck for a Pokémon, reveal it, and put it into your hand. Then, shuffle your deck."
"cmo1u7phq1sxh5ueex3bqs82p","奧利瓦ex","0930","attack","I","選擇6次對手的寶可夢，對所選的所有寶可夢不計算弱點・抵抗力，造成其選擇次數×20點傷害。（1隻可選擇2次以上。） | 將這隻寶可夢的特殊狀態全部恢復。","相手のポケモンを6回選び、選んだポケモン全員に、弱点・抵抗力を計算せず、選んだ回数×20ダメージ。（1匹を2回以上選べる。） | このポケモンの特殊状態を、すべて回復する。","Choose 1 of your opponent’s Pokémon 6 times. (You can choose the same Pokémon more than once.) For each time you chose a Pokémon, do 20 damage to it. This damage isn’t affected by Weakness or Resistance. | This Pokémon recovers from all Special Conditions."
"cmobmw3wd1puh2pc7dr4plpx5","烈雀","0021","attack","I","在造成傷害前，將對手的戰鬥寶可夢身上附加的「寶可夢道具」卡丟棄。","ダメージを与える前に、相手のバトルポケモンについている「ポケモンのどうぐ」をトラッシュする。",""
"cmo1u6wj50fbt5ueelsv8skux","大王銅象","0879","ability","D","這隻寶可夢不會陷入特殊狀態。","このポケモンは特殊状態にならない。","This Pokémon can’t be affected by any Special Conditions."
"cmo1u7qdt1ugf5ueeb7yknvm3","肯泰羅","0128","attack","I","若對手的戰鬥寶可夢為進化寶可夢，則增加50點傷害。","相手のバトルポケモンが進化ポケモンなら、50ダメージ追加。","If your opponent’s Active Pokémon is an Evolution Pokémon, this attack does 50 more damage."
"cmo1u7psz1tgs5uee0s58pt2t","小貓怪","0403","attack","H","查看對手的手牌。","相手の手札を見る。",""
"cmo1u7qdx1ugn5ueej62385n0","伊布","0133","ability","H","只要這隻寶可夢在戰鬥場上，就算在自己的最初回合或者剛使出的回合，也可進化。","このポケモンは、バトル場にいるかぎり、最初の自分の番や、出したばかりの番でも進化できる。","As long as this Pokémon is in the Active Spot, it can evolve during your first turn or the turn you play it."
"cmo1u7pt41th15uee3zed4wrk","倫琴貓ex","0405","attack","H","查看對手的手牌，從其中選擇1張卡，將其丟棄。 | 將這隻寶可夢身上附加的能量卡全部丟棄。","相手の手札を見て、その中からカードを1枚選び、トラッシュする。 | このポケモンについているエネルギーを、すべてトラッシュする。","Your opponent reveals their hand. Discard a card you find there. | Discard all Energy from this Pokémon."
"cmo1u7phz1sxx5uee94yiqd3j","陸地水母","0949","attack","H","將這隻寶可夢恢復「30」HP。","このポケモンのHPを「30」回復する。","Heal 30 damage from this Pokémon."
"cmp2dgbb4388f116cr3r2nyv7","超級噴火龍Yex","","attack","J","將3個這隻寶可夢身上附加的能量丟棄，對手的1隻寶可夢受到280點傷害。[在備戰區不計算弱點・抵抗力。]","このポケモンについているエネルギーを3個トラッシュし、相手のポケモン1匹に、280ダメージ。［ベンチは弱点・抵抗力を計算しない。］",""
"cmo1u7o1z1qgh5uee4a9uqvzb","麻麻小魚","0602","attack","I","將這隻寶可夢恢復「10」HP。","このポケモンのHPを「10」回復する。","Heal 10 damage from this Pokémon."
"cmobmw70u1utt2pc79se50qmh","青木的土龍節節ex","0982","attack","J","造成對手的場上的「寶可夢【ex】」的數量×60點傷害。 | 這個招式的傷害不計算對手的戰鬥寶可夢身上的附加效果。","相手の場の「ポケモンex」の数×60ダメージ。 | このワザのダメージは、相手のバトルポケモンにかかっている効果を計算しない。","This attack does 60 damage for each of your opponent’s Pokémon {ex} in play. | This attack’s damage isn’t affected by any effects on your opponent’s Active Pokémon."
"cmo1u7pms1t675uee2pkh72ay","厄鬼椪 火灶面具ex","1017","attack","H","只要這隻寶可夢在備戰區，不會受到招式的傷害。 | 造成這隻寶可夢身上放置的傷害指示物的數量×20點傷害。 | 若對手的戰鬥寶可夢為進化寶可夢，則增加140點傷害。這個情況下，將這隻寶可夢身上附加的能量卡全部丟棄。","このポケモンにのっているダメカンの数×20ダメージ。 | 相手のバトルポケモンが進化ポケモンなら、140ダメージ追加。その場合、このポケモンについているエネルギーを、すべてトラッシュする。","This attack does 20 damage for each damage counter on this Pokémon. | If your opponent’s Active Pokémon is an Evolution Pokémon, this attack does 140 more damage, and discard all Energy from this Pokémon."
"cmo1u7pj21szt5ueeko06atzz","鴨嘴炎獸","0467","ability","I","只要這隻寶可夢在場上，對手的【灼傷】的寶可夢因【灼傷】而放置的傷害指示物的數量增加3個。","このポケモンがいるかぎり、相手のやけどのポケモンは、やけどでのせるダメカンの数が3個多くなる。","During Pokémon Checkup, put 3 more damage counters on your opponent’s Burned Pokémon."
"cmo1u7pjl1t0q5ueetjm1okpn","<火箭隊的>黑魯加","0229","attack","I","將對手的戰鬥寶可夢【灼傷】與【混亂】。 | 選擇1個這隻寶可夢身上附加的能量，將其丟棄。","相手のバトルポケモンをやけどとこんらんにする。 | このポケモンについているエネルギーを1個選び、トラッシュする。","Your opponent’s Active Pokémon is now Burned and Confused. | Discard an Energy from this Pokémon."
"cmo1u7pk11t1i5ueecknex3rz","比克提尼","0494","attack","I","若自己的備戰寶可夢為4隻以下，則這個招式失敗。","自分のベンチポケモンが4匹以下なら、このワザは失敗。","If you have 4 or fewer Benched Pokémon, this attack does nothing."
"cmo1u7pwo1tn65uee6qq72pl6","麒麟奇","0203","attack","H","自己的1隻備戰寶可夢也受到10點傷害。[在備戰區不計算弱點・抵抗力。]","自分のベンチポケモン1匹にも、10ダメージ。［ベンチは弱点・抵抗力を計算しない。］","This attack also does 10 damage to 1 of your Benched Pokémon. (Don’t apply Weakness and Resistance for Benched Pokémon.)"
"cmobmw6411tdi2pc7vc4txxpd","炒炒豬","0499","attack","J","將對手的戰鬥寶可夢【灼傷】。","相手のバトルポケモンをやけどにする。","Your opponent’s Active Pokémon is now Burned."
"cmo1u7o4r1qla5ueebnh1mamq","<竹蘭的>烈咬陸鯊ex","0445","attack","I","若希望，從牌庫抽卡直到自己的手牌滿6張為止。 | 將這隻寶可夢身上附加的能量卡全部丟棄。","のぞむなら、自分の手札が6枚になるように、山札を引く。 | このポケモンについているエネルギーを、すべてトラッシュする。","You may draw cards until you have 6 cards in your hand. | Discard all Energy from this Pokémon."
"cmo1u7pm61t565ueesnvajrzf","燒火蚣","0850","attack","H","這隻寶可夢也受到10點傷害。","このポケモンにも10ダメージ。","This Pokémon also does 10 damage to itself."
"cmo1u7plq1t4e5uee3bvgtiq4","花舞鳥","0741","attack","H","從自己的棄牌區選擇最多2張基本能量卡，附於1隻備戰寶可夢身上。 | 選擇1個這隻寶可夢身上附加的能量，將其丟棄。","自分のトラッシュから基本エネルギーを2枚まで選び、ベンチポケモン1匹につける。 | このポケモンについているエネルギーを1個選び、トラッシュする。","Discard an Energy from this Pokémon."
"cmo1u7qf51uir5ueeh81hecxf","向尾喵","0300","attack","H","從自己的牌庫選擇1張【基礎】寶可夢卡，放置於備戰區。並且重洗牌庫。","自分の山札からたねポケモンを1枚選び、ベンチに出す。そして山札を切る。",""
"cmo1u7pmz1t6j5ueep6eamayz","墨海馬","0116","attack","H","將這隻寶可夢恢復「30」HP。","このポケモンのHPを「30」回復する。","Heal 30 damage from this Pokémon."
"cmobmw71i1uut2pc785b9mfqc","優雅貓","0301","attack","J","造成對手的所有寶可夢身上附加的能量的數量×40點傷害。","相手のポケモン全員についているエネルギーの数×40ダメージ。","This attack does 40 damage for each Energy attached to all of your opponent’s Pokémon."
"cmo1u7pnv1t835ueekoph5ypv","藍鱷","0159","attack","H","將這隻寶可夢與備戰寶可夢互換。","このポケモンをベンチポケモンと入れ替える。","Switch this Pokémon with 1 of your Benched Pokémon."
"cmo1u7po01t8b5ueezqnxj0yz","大力鱷","0160","ability","H","在自己的回合時可使用1次。在這隻寶可夢身上放置5個傷害指示物。這個情況下，在這個回合，這隻寶可夢使用的招式，對對手的戰鬥寶可夢造成的傷害「+120」點。","自分の番に1回使える。このポケモンにダメカンを5個のせる。その場合、この番、このポケモンが使うワザの、相手のバトルポケモンへのダメージは「+120」される。","Once during your turn, you may put 5 damage counters on this Pokémon. If you do, during this turn, attacks used by this Pokémon do 120 more damage to your opponent’s Active Pokémon (before applying Weakness and Resistance)."
"cmo1u7ykn28i15ueec2ifj4n1","菊石獸","0138","attack","G","選擇1個對手的戰鬥寶可夢身上附加的能量，放回對手的手牌。","相手のバトルポケモンについているエネルギーを1個選び、相手の手札にもどす。","Put an Energy attached to your opponent’s Active Pokémon into their hand."
"cmo1u7pol1t9b5ueehv5ngmr9","樂天河童","0272","ability","I","只要這隻寶可夢在場上，自己場上所有寶可夢的最大HP各「+40」。無論有多少隻擁有這個特性的寶可夢，這個效果也不會重複。","このポケモンがいるかぎり、自分の場のポケモン全員の最大HPは、それぞれ「＋40」される。この効果は、この特性を持つポケモンが何匹いても、重ならない。","All of your Pokémon in play get +40 HP. The effect of Vibrant Dance doesn’t stack."
"cmo1u8kew3agi5ueecr3y0l0x","炎帝","0244","attack","E","若希望，從自己的手牌選擇1張【火】能量卡，附於這隻寶可夢身上。 | 將對手的戰鬥寶可夢【灼傷】。","","You may attach a {R} Energy card from your hand to this Pokémon. | Your opponent’s Active Pokémon is now Burned."
"cmo1u7q4e1u0g5ueehg3h29a3","<派帕的>陸地水母","0949","attack","I","選擇1隻對手的備戰寶可夢，與戰鬥寶可夢互換。 | 這隻寶可夢也受到30點傷害。","相手のベンチポケモンを1匹選び、バトルポケモンと入れ替える。 | このポケモンにも30ダメージ。","Switch in 1 of your opponent’s Benched Pokémon to the Active Spot. | This Pokémon also does 30 damage to itself."
"cmo1u7poy1t9z5ueebyk7s6m4","鐵螯龍蝦","0342","attack","H","擲2次硬幣，將對手的牌庫上方與正面出現的次數相同數量的卡丟棄。 | 在下個自己的回合，這隻寶可夢無法使用招式。","コインを2回投げ、オモテの数ぶん、相手の山札を上からトラッシュする。 | 次の自分の番、このポケモンはワザが使えない。","Flip 2 coins. For each heads, discard the top card of your opponent’s deck. | During your next turn, this Pokémon can’t attack."
"cmo1u7pp81taf5ueeik9wmkdt","冰鬼護","0362","attack","H","造成對手的戰鬥寶可夢身上放置的傷害指示物的數量×20點傷害。 | 選擇1個這隻寶可夢身上附加的能量，將其丟棄。","相手のバトルポケモンにのっているダメカンの数×20ダメージ。 | このポケモンについているエネルギーを1個選び、トラッシュする。","This attack does 20 damage for each damage counter on your opponent’s Active Pokémon. | Discard an Energy from this Pokémon."
"cmobmw71s1uv92pc7uumad7uc","青木的姆克兒","0396","attack","J","從自己的牌庫選擇最多2張基本能量卡，在給對手看過後加入手牌。並且重洗牌庫。","自分の山札から基本エネルギーを2枚まで選び、相手に見せて、手札に加える。そして山札を切る。",""
"cmo1u8kgx3ajv5ueeuboqyvuv","電擊魔獸","0466","attack","E","擲1次硬幣若為正面，則增加30點傷害。 | 在下個自己的回合，這隻寶可夢無法使用「閃電上投」。","","Flip a coin. If heads, this attack does 30 more damage. | During your next turn, this Pokémon can’t use Lightning Slam."
"cmo1u7q641u3d5ueezew2j00a","月亮伊布ex","0197","attack","H","將對手的戰鬥寶可夢【混亂】。 | 將這隻寶可夢身上附加的能量卡全部丟棄，獲得1張自己的獎賞卡。","相手のバトルポケモンをこんらんにする。 | このポケモンについているエネルギーをすべてトラッシュし、自分のサイドを1枚とる。","Your opponent’s Active Pokémon is now Confused. | Discard all Energy from this Pokémon, and take a Prize card."
"cmo1u7pqo1tcw5ueee84v9jij","好勝毛蟹","0740","ability","H","這隻寶可夢使用招式所需的【無】能量，減少自己的棄牌區的「海岱」的張數。","自分のトラッシュにある「ハイダイ」の枚数ぶん、このポケモンがワザを使うためのエネルギーは少なくなる。","Attacks used by this Pokémon cost {C} less for each Kofu card in your discard pile."
"cmo1u7q781u595ueecf69v268","瑪俐的滑滑小子","0559","attack","I","選擇1個對手的戰鬥寶可夢身上附加的能量，將其丟棄。","相手のバトルポケモンについているエネルギーを1個選び、トラッシュする。","Discard an Energy from your opponent’s Active Pokémon."
"cmo1u7zwe2as05ueeb9aog772","天然雀","0177","attack","G","擲3次硬幣，造成正面出現的次數×10點傷害。","コインを3回投げ、オモテの数×10ダメージ。","Flip 3 coins. This attack does 10 damage for each heads."
"cmo1u8idu37455uee979piv0f","天秤偶","0343","attack","E","這隻寶可夢也受到60點傷害。","",""
"cmobmw42y1q4x2pc7bmp2fmqn","捲捲耳","0427","attack","I","在下個對手的回合，受到這個招式的寶可夢使用招式的傷害「-20」點。","次の相手の番、このワザを受けたポケモンが使うワザのダメージは「-20」される。","During your opponent’s next turn, attacks used by the Defending Pokémon do 20 less damage (before applying Weakness and Resistance)."
"cmobmw6c21tqf2pc77b27zcpt","雷丘","0026","attack","J","擲1次硬幣若為正面，則增加50點傷害。 | 選擇1個這隻寶可夢身上附加的【雷】能量，將其丟棄。","コインを1回投げオモテなら、50ダメージ追加。 | このポケモンについているエネルギーを1個選び、トラッシュする。","Flip a coin. If heads, this attack does 50 more damage. | Discard a {L} Energy from this Pokémon."
"cmo1u7y1j27lc5uee6s3dsv4c","普隆隆姆","0966","ability","G","在自己的回合，若從自己的手牌將1張能量卡丟棄，則可使用1次。從牌庫抽卡直到自己的手牌滿6張為止。","自分の番に、自分の手札からエネルギーを1枚トラッシュするなら、1回使える。自分の手札が6枚になるように、山札を引く。","You must discard an Energy card from your hand in order to use this Ability. Once during your turn, you may draw cards until you have 6 cards in your hand."
"cmo1u8khz3aln5uee754be5pm","謎擬ＱV","0778","ability","E","在自己的回合，當從手牌將這張卡放置於備戰區時，可使用1次。在下個對手的回合結束前，這隻「謎擬Ｑ【V】」不會受到對手的寶可夢招式的傷害。","",""
"cmo1u7ps21tf85uee7t6dusrq","阿羅拉 隆隆岩","0076","attack","H","擲硬幣直到出現反面，造成正面出現的次數×70點傷害。 | 這隻寶可夢也受到40點傷害。","ウラが出るまでコインを投げ、オモテの数×70ダメージ。 | このポケモンにも40ダメージ。","Flip a coin until you get tails. This attack does 70 damage for each heads. | This Pokémon also does 40 damage to itself."
"cmo1u8kj13anf5ueegf9wb67h","小炭仔","0837","attack","E","這隻寶可夢也受到10點傷害。","",""
"cmo1u7qa91uae5uee2tbhbi73","伽勒爾 泥巴魚","0618","attack","H","這隻寶可夢也受到30點傷害。","このポケモンにも30ダメージ。","This Pokémon also does 30 damage to itself."
"cmo1u7zzs2axt5ueed8q6gwl9","噗隆隆","0965","attack","G","從自己的棄牌區選擇最多2張基本能量卡，在給對手看過後加入手牌。","自分のトラッシュから基本エネルギーを2枚まで選び、相手に見せて、手札に加える。","Put up to 2 Basic Energy cards from your discard pile into your hand."
"cmo1u8kiz3anb5ueecy5zg6lg","大炭車","0838","attack","E","這隻寶可夢也受到10點傷害。","","This Pokémon also does 10 damage to itself."
"cmo1u7ybs282v5ueexzt5ut3k","妙蛙草","0002","attack","G","將這隻寶可夢恢復「20」HP。","このポケモンのHPを「20」回復する。","Heal 20 damage from this Pokémon."
"cmo1u7pt21tgx5uee0ox89k3g","勒克貓","0404","attack","H","在下個對手的回合，受到這個招式的寶可夢無法撤退。","次の相手の番、このワザを受けたポケモンは、にげられない。","During your opponent’s next turn, the Defending Pokémon can’t retreat."
"cmo1u8kjy3aow5uee9ibk9x5o","莫魯貝可","0877","attack","E","從自己的棄牌區選擇1張物品卡，在給對手看過後加入手牌。 | 若自己1張手牌都沒有，則增加90點傷害。","","Put an Item card from your discard pile into your hand. | If you have no cards in your hand, this attack does 90 more damage."
"cmo1u8kjs3aoo5ueew7nrmfgr","大嘴娃","0303","attack","E","擲1次硬幣若為正面，則將對手的戰鬥寶可夢【麻痺】。 | 這個招式的傷害不計算弱點・抵抗力、對手的戰鬥寶可夢身上的附加效果。","","Flip a coin. If heads, your opponent’s Active Pokémon is now Paralyzed. | This attack’s damage isn’t affected by Weakness or Resistance, or by any effects on your opponent’s Active Pokémon."
"cmo1u80pa2c615ueezwwvzi6c","沙鐵皮ex","0989","ability","G","若對手剩餘獎賞卡的張數為4張以下，則在自己的回合時可使用1次。從自己的棄牌區選擇1張「基本【鬥】能量」卡，附於這隻寶可夢身上。","相手のサイドの残り枚数が4枚以下なら、自分の番に1回使える。自分のトラッシュから「基本エネルギー」を1枚選び、このポケモンにつける。","Once during your turn, if your opponent has 4 or fewer Prize cards remaining, you may attach a Basic {F} Energy card from your discard pile to this Pokémon."
"cmo1u7yh728c45ueeggq4dnpp","嘟嘟利","0085","ability","G","在自己的回合時可使用1次。在這隻寶可夢身上放置1個傷害指示物。然後，從自己的牌庫抽出1張卡。","自分の番に1回使える。このポケモンにダメカンを1個のせる。その後、自分の山札を1枚引く。","Once during your turn, you may put 1 damage counter on this Pokémon. If you do, draw a card."
"cmo1u7yek287k5ueeb99mji4n","臭臭花","0044","ability","G","在自己的回合，從手牌使出這張卡並完成進化時，可使用1次。查看自己的牌庫上方3張卡，從其中選擇任意數量的基本能量卡，以任意方式附於自己的寶可夢身上。將剩餘卡放回牌庫並重洗。","自分の番に、このカードを手札から出して進化させたとき、1回使える。自分の山札を上から3枚見て、その中から基本エネルギーを好きなだけ選び、自分のポケモンに好きなようにつける。残りのカードは山札にもどして切る。","When you play this Pokémon from your hand to evolve 1 of your Pokémon during your turn, you may look at the top 3 cards of your deck and attach any number of Basic Energy cards you find there to your Pokémon in any way you like. Shuffle the other cards back into your deck."
"cmo1u7ptl1tht5ueeokqcx5wt","電飛鼠","0587","attack","I","從自己的牌庫選擇最多2張【基礎】寶可夢卡，放置於備戰區。並且重洗牌庫。","自分の山札からたねポケモンを2枚まで選び、ベンチに出す。そして山札を切る。","Search your deck for up to 2 Basic Pokémon and put them onto your Bench. Then, shuffle your deck."
"cmo1u7wwh25lf5uee4d6ru9ih","噴嚏熊","0613","attack","I","在下個對手的回合，受到這個招式的寶可夢無法使用招式。","次の相手の番、このワザを受けたポケモンは、ワザが使えない。","During your opponent’s next turn, the Defending Pokémon can’t use attacks."
"cmo1u7qdo1ug75ueewwjwngsy","吉利蛋","0113","attack","H","從自己的手牌選擇1張基本能量卡，附於自己的寶可夢身上。 | 在下個自己的回合，這隻寶可夢無法使用招式。","自分の手札から基本エネルギーを1枚選び、自分のポケモンにつける。 | 次の自分の番、このポケモンはワザが使えない。",""
"cmo1u7puj1tjh5ueezozafebm","來電汪","0835","attack","H","擲1次硬幣若為反面，則這個招式失敗。","コインを1回投げウラなら、このワザは失敗。","Flip a coin. If tails, this attack does nothing."
"cmo1u83qs2h9m5ueen5b63tq6","卡蒂狗","0058","attack","G","擲硬幣直到出現反面，造成正面出現的次數×30點傷害。","ウラが出るまでコインを投げ、オモテの数×30ダメージ。","Flip a coin until you get tails. This attack does 30 damage for each heads."
"cmo1u7pee1srs5ueeliny51ao","安瓢蟲","0166","ability","H","在自己的回合，從手牌使出這張卡並完成進化時，可使用1次。選擇1隻對手備戰區剩餘HP為「90」以下的寶可夢，與戰鬥寶可夢互換。","自分の番に、このカードを手札から出して進化させたとき、1回使える。相手のベンチの残りHPが「90」以下のポケモンを1匹選び、バトルポケモンと入れ替える。","When you play this Pokémon from your hand to evolve 1 of your Pokémon during your turn, you may switch in 1 of your opponent’s Benched Pokémon that has 90 HP or less remaining to the Active Spot."
"cmo1u7o341qih5ueelscibout","波克基古","0176","attack","H","將這隻寶可夢恢復「30」HP。","このポケモンのHPを「30」回復する。","Heal 30 damage from this Pokémon."
"cmo1u7pqf1tcg5uee9z4od407","凱路迪歐ex","0647","attack","I","在這個回合，若從備戰區將這隻寶可夢放置於戰鬥場，則增加90點傷害。 | 這個招式的傷害不計算對手的戰鬥寶可夢身上的附加效果。","この番に、このポケモンがベンチからバトル場に出ていたなら、90ダメージ追加。 | このワザのダメージは、相手のバトルポケモンにかかっている効果を計算しない。","If this Pokémon moved from your Bench to the Active Spot this turn, this attack does 90 more damage. | This attack’s damage isn’t affected by any effects on your opponent’s Active Pokémon."
"cmo1u7qei1uhn5ueepsxrq90m","土龍弟弟","0206","attack","I","將這隻寶可夢與備戰寶可夢互換。","このポケモンをベンチポケモンと入れ替える。","Switch this Pokémon with 1 of your Benched Pokémon."
"cmo1u7pwm1tn25ueeqlr5362l","麒麟奇","0203","attack","H","增加對手的戰鬥寶可夢身上放置的傷害指示物的數量×10點傷害。","相手のバトルポケモンにのっているダメカンの数×10ダメージ追加。",""
"cmo1u80nz2c3t5ueeqcoeypgs","具甲武者ex","0768","attack","G","選擇1個這隻寶可夢身上附加的能量，將其丟棄。然後，將這隻寶可夢與備戰寶可夢互換。","このポケモンについているエネルギーを1個選び、トラッシュする。その後、このポケモンをベンチポケモンと入れ替える。","Discard an Energy from this Pokémon. If you do, switch it with 1 of your Benched Pokémon."
"cmobmw42a1q3w2pc72vbe2087","跳跳豬","0325","attack","I","擲3次硬幣，造成正面出現的次數×10點傷害。","コインを3回投げ、オモテの数×10ダメージ。","Flip 3 coins. This attack does 10 damage for each heads."
"cmobmw7321uxe2pc7ooj5kr9s","青木的勇士雄鷹","0628","attack","J","在下個對手的回合，受到這個招式的寶可夢無法撤退。 | 這隻寶可夢也受到30點傷害。","次の相手の番、このワザを受けたポケモンは、にげられない。 | このポケモンにも30ダメージ。",""
"cmo1u7qgx1uls5uee1ggqm4um","多麗米亞","0676","attack","H","從自己的棄牌區選擇1張基本能量卡，附於備戰寶可夢身上。","自分のトラッシュから基本エネルギーを1枚選び、ベンチポケモンにつける。","Attach a Basic Energy card from your discard pile to 1 of your Benched Pokémon."
"cmobmw7301uxa2pc7bbw3efos","青木的毛頭小鷹","0627","attack","J","若對手的戰鬥寶可夢身上放置有傷害指示物，則增加80點傷害。","相手のバトルポケモンにダメカンがのっているなら、80ダメージ追加。","If your opponent’s Active Pokémon already has any damage counters on it, this attack does 80 more damage."
"cmo1u7qgz1ulw5ueedj1grioy","多麗米亞","0676","ability","H","這隻寶可夢受到招式的傷害「-20」點。","このポケモンが受けるワザのダメージは「-20」される。","This Pokémon takes 20 less damage from attacks (after applying Weakness and Resistance)."
"cmo1u7qh61um85ueedz9ek51s","音波龍","0715","ability","I","若自己的手牌與對手的手牌張數相同，則這隻寶可夢使用「恐慌嚎鳴」所需的能量全部消除。","自分の手札と相手の手札が同じ枚数なら、このポケモンが「パニックハウル」を使うためのエネルギーは、すべてなくなる。","If you have the same number of cards in your hand as your opponent, ignore all Energy in the cost of Frightening Howl used by this Pokémon."
"cmo1u7z3d29ef5uee434a8f3g","纏紅鶴","0973","ability","G","在自己的回合，從手牌將這張卡放置於備戰區時，可使用1次。從自己的牌庫選擇最多3張「纏紅鶴」，在給對手看過後加入手牌。並且重洗牌庫。","自分の番に、このカードを手札からベンチに出したとき、1回使える。自分の山札から「カラミンゴ」を3枚まで選び、相手に見せて、手札に加える。そして山札を切る。","When you play this Pokémon from your hand onto your Bench during your turn, you may search your deck for up to 3 Flamigo, reveal them, and put them into your hand. Then, shuffle your deck."
"cmoa5yitk3i2ndt6ltnmmiif6","怒鸚哥ex","0931","ability","G","只有在自己的最初回合可使用1次。將自己的手牌全部丟棄，從牌庫抽出6張卡。在這個回合，若已經使出了其他的「裝酷重抽」，則這個特性無法使用。","最初の自分の番にだけ1回使える。自分の手札をすべてトラッシュし、山札を6枚引く。この番、すでに別の「イキリテイク」を使っていたなら、この特性は使えない。","Once during your first turn, you may discard your hand and draw 6 cards. You can’t use more than 1 Squawk and Seize Ability during your turn."
"cmo1u7y7o27vp5uee2wxva77p","墓仔狗","0971","attack","G","造成自己的棄牌區的【超】寶可夢卡的張數×10點傷害。","自分のトラッシュにあるポケモンの枚数×10ダメージ。","This attack does 10 damage for each {P} Pokémon in your discard pile."
"cmobmw9lq1yze2pc7xfi7hkqd","其他捷拉奧拉VSTAR","0807","attack","F","若希望，將場上的競技場卡丟棄。 | 選擇4次對手的寶可夢，對所選的所有寶可夢不計算弱點・抵抗力，造成其選擇次數×60點傷害。（1隻可選擇2次以上。）[對戰中，己方只可使用1次【VSTAR】力量。] | 寶可夢【VSTAR】【氣絕】時，對手獲得2張獎賞卡。","のぞむなら、場に出ているスタジアムをトラッシュする。",""
"cmobmw9q11z692pc7m5r8n6e9","藏瑪然特V","0889","ability","E","在自己的回合時可使用1次，若使用，則自己的回合結束。將自己的手牌全部丟棄，從牌庫抽出5張卡。","自分の番に1回使えて、使ったなら、自分の番は終わる。自分の手札をすべてトラッシュし、山札を5枚引く。",""
"cmobmw9jp1yw92pc7znjh8wsw","其他噴火龍VSTAR","0006","attack","F","若這隻寶可夢身上放置有傷害指示物，則增加100點傷害。 | 選擇2個這隻寶可夢身上附加的能量，將其丟棄。[對戰中，己方只可使用1次【VSTAR】力量。] | 寶可夢【VSTAR】【氣絕】時，對手獲得2張獎賞卡。","このポケモンにダメカンがのっているなら、100ダメージ追加。",""
"cmp2dfzxf2s5k116c4996gsok","凱羅斯","","attack","H","將這隻寶可夢身上附加的能量卡全部丟棄。在下個對手的回合結束時，受到這個招式的寶可夢會【昏厥】。","このポケモンについているエネルギーを、すべてトラッシュする。次の相手の番の終わりに、このワザを受けたポケモンはきぜつする。",""
"cmo1u7pym1tqi5ueegrgv9p3t","妙喵","0677","attack","D","查看對手的手牌。","相手の手札を見る。",""
"cmo1u7qh91umc5ueedx007hr2","童偶熊","0759","attack","H","這隻寶可夢也受到10點傷害。","このポケモンにも10ダメージ。","This Pokémon also does 10 damage to itself."
"cmo1u8gsy34dz5ueeq4k15j0x","爆焰龜獸","0776","attack","H","對手的1隻備戰寶可夢受到40點傷害。[在備戰區不計算弱點・抵抗力。]","",""
"cmo1u7q2q1txj5ueevfh4wl56","泥巴魚ex","0618","attack","J","在下個對手的回合，受到這個招式的寶可夢無法撤退。 | 若這隻寶可夢身上放置有傷害指示物，則增加100點傷害。","次の相手の番、このワザを受けたポケモンは、にげられない。 | このポケモンにダメカンがのっているなら、100ダメージ追加。","During your opponent’s next turn, the Defending Pokémon can’t retreat. | If this Pokémon has any damage counters on it, this attack does 100 more damage."
"cmp2dgty33waj116c3wzcf170","吼叫尾","","attack","H","將自己的備戰區的1隻「古代」寶可夢恢復「100」HP。","",""
"cmp2dfx7f2odo116c1d86maec","呆呆獸","","attack","G","將這隻寶可夢【睡眠】。將這隻寶可夢恢復「30」HP。","このポケモンをねむりにする。このポケモンのHPを「30」回復する。","This Pokémon is now Asleep. Heal 30 damage from it."
"cmo1u8koc3awh5uee2wl1l0kj","石居蟹","0557","attack","E","擲1次硬幣若為正面，則增加30點傷害。","","Flip a coin. If heads, this attack does 30 more damage."
"cmo1u6vwb0e7u5ueesbkvgaft","沙包蛇","0843","attack","D","在下個對手的回合，當受到這個招式的寶可夢使用招式時，對手擲1次硬幣。若為反面，則那個招式失敗。","次の相手の番、このワザを受けたポケモンがワザを使うとき、相手はコインを1回投げる。ウラならそのワザは失敗。",""
"cmo1u8igr37965ueemaokx4xd","滴蛛霸","0752","attack","E","選擇1個這隻寶可夢身上附加的能量，改附於備戰寶可夢身上。","","Move an Energy from this Pokémon to 1 of your Benched Pokémon."
"cmo1u8igo37915ueeh36i2jd2","幼棉棉","0829","attack","E","將這隻寶可夢恢復「10」HP。","",""
"cmo1u6w720eql5uee15bop5vt","巨炭山","0839","ability","D","在自己的回合時，可使用1次。從自己的棄牌區選擇【火】能量卡與【鬥】能量卡最多各1張，以任意方式附於自己的寶可夢身上。","自分の番に1回使える。自分のトラッシュからエネルギーとエネルギーをそれぞれ1枚まで選び、自分のポケモンに好きなようにつける。","Once during your turn, you may attach a {R} Energy card, a {F} Energy card, or 1 of each from your discard pile to your Pokémon in any way you like."
"cmo1u7qht1unc5uee2biju7k5","月月熊 赫月 ex","0901","ability","H","這隻寶可夢使用「血月」所需的【無】能量，減少對手已經獲得的獎賞卡的張數數量。","相手がすでにとったサイドの枚数ぶん、このポケモンが「ブラッドムーン」を使うためのエネルギーは少なくなる。","Blood Moon used by this Pokémon costs {C} less for each Prize card your opponent has taken."
"cmo1u8kpa3ay15uee3mpf7upb","其他火伊布VMAX","0136","attack","E","將自己的牌庫上方5張卡丟棄，造成其中的能量卡的張數×100點傷害。 | 寶可夢【VMAX】【氣絕】時，對手獲得3張獎賞卡。","",""
"cmobmw9jm1yw52pc7bwlr5nq9","噴火龍V","0006","attack","F","在造成傷害前，將對手的戰鬥寶可夢身上附加的「寶可夢道具」丟棄。 | 寶可夢【V】【氣絕】時，對手獲得2張獎賞卡。","ダメージを与える前に、相手のバトルポケモンについている「ポケモンのどうぐ」をトラッシュする。",""
"cmo1u6xlz0h6x5ueephxgme7m","伽勒爾 閃電鳥V","0145","ability","E","這隻寶可夢使用招式所需的【無】能量，減少對手的場上的「寶可夢【V】」的數量。","相手の場の「ポケモンV」の数ぶん、このポケモンがワザを使うためのエネルギーは少なくなる。",""
"cmo1u8i8s36vf5ueeb16gtenf","燃燒蟲","0636","attack","E","從自己的牌庫選擇1張【火】能量卡，附於這隻寶可夢身上。並且重洗牌庫。","",""
"cmoa5ym223n3wdt6lhu54k431","波波","0016","attack","G","從自己的牌庫選擇最多2張【基礎】寶可夢卡，放置於備戰區。並且重洗牌庫。","","Search your deck for up to 2 Basic Pokémon and put them onto your Bench. Then, shuffle your deck."
"cmo1u6v3w0cu55ueen75m5jst","葉伊布V","0470","ability","E","在自己的回合時可使用1次，若使用，則自己的回合結束。從自己的牌庫選擇1張【草】能量卡，附於自己的寶可夢身上。並且重洗牌庫。","自分の番に1回使えて、使ったなら、自分の番は終わる。自分の山札からエネルギーを1枚選び、自分のポケモンにつける。そして山札を切る。",""
"cmo1u7oy41rzv5uee3g7zjzm2","堅盾劍怪","0681","attack","J","在下個自己的回合，這隻寶可夢無法使用招式。","次の自分の番、このポケモンはワザが使えない。","During your next turn, this Pokémon can’t use attacks."
"cmo1u6ya20ib45uee14utgb36","龍捲雲V","0641","attack","E","選擇1個這隻寶可夢身上附加的能量，將其丟棄。 | 寶可夢【V】【氣絕】時，對手獲得2張獎賞卡。","場にスタジアムが出ているなら、20ダメージ追加。 | このポケモンについているエネルギーを1個選び、トラッシュする。",""
"cmo1u7q731u515uee2cke2jtd","車輪毬","0544","attack","H","將對手的戰鬥寶可夢【中毒】。在下個對手的回合，受到這個招式的寶可夢無法撤退。","相手のバトルポケモンをどくにする。次の相手の番、このワザを受けたポケモンは、にげられない。",""
"cmo1u6yin0ipz5ueecxyd3o4n","灰塵山V","0569","attack","E","將對手的戰鬥寶可夢【中毒】。在下個對手的回合，受到這個招式的寶可夢無法撤退。 | 寶可夢【V】【氣絕】時，對手獲得2張獎賞卡。","相手のバトルポケモンをどくにする。次の相手の番、このワザを受けたポケモンは、にげられない。",""
"cmo1u7q7a1u5d5ueebbyf2q5v","<瑪俐的>頭巾混混","0560","attack","I","這隻寶可夢也受到30點傷害。","このポケモンにも30ダメージ。","This Pokémon also does 30 damage to itself."
"cmo1u7xe326gg5ueesawpg1ol","扒手貓","0509","attack","I","從自己的牌庫選擇最多3張【惡】寶可夢卡，在給對手看過後加入手牌。並且重洗牌庫。","自分の山札からポケモンを3枚まで選び、相手に見せて、手札に加える。そして山札を切る。","Search your deck for up to 3 {D} Pokémon, reveal them, and put them into your hand. Then, shuffle your deck."
"cmo1u816m2cze5uee9gc58uo0","雪吞蟲","0872","attack","H","將對手的戰鬥寶可夢【睡眠】。","相手のバトルポケモンをねむりにする。","Your opponent’s Active Pokémon is now Asleep."
"cmo1u7qai1uau5ueeh67c79s6","鑰圈兒","0707","attack","H","將自己的1張手牌丟棄。然後，從自己的牌庫抽出2張卡。","自分の手札を1枚トラッシュする。その後、自分の山札を2枚引く。",""
"cmo1u8ihg37ae5ueeglaijvfw","沼躍魚","0259","attack","E","選擇1個這隻寶可夢身上附加的能量，放回手牌。","","Put an Energy attached to this Pokémon into your hand."
"cmo1u6yeh0iiq5ueebxnctnb9","伽勒爾 雙彈瓦斯","0110","ability","E","只要這隻寶可夢在場上，自己的場上的，名稱中有「雙彈瓦斯」的寶可夢身上附加的基本【惡】能量，各視為提供2個【惡】能量。無論有多少隻擁有這個特性的寶可夢，這個效果也不會重複。","このポケモンがいるかぎり、自分の場の、名前に「マタドガス」とつくポケモンについている基本エネルギーは、それぞれエネルギー2個ぶんとしてはたらく。この効果は、この特性を持つポケモンが何匹いても、重ならない。","Each basic {D} Energy attached to your Pokémon that have “Weezing” in their name provides {D}{D} Energy. You can’t apply more than 1 Energy Factory Ability at a time."
"cmo1u6yil0ipv5uee1xv6zrnp","狐大盜","0828","ability","E","在自己的回合，當從手牌使出這張卡並完成進化時，可使用1次。雙方玩家各將自己的手牌全部翻回反面並重洗，放回牌庫下方。然後，各從牌庫抽出4張卡。","自分の番に、このカードを手札から出して進化させたとき、1回使える。おたがいのプレイヤーは、それぞれ自分の手札をすべてウラにして切り、山札の下にもどす。その後、それぞれ山札を4枚引く。","When you play this Pokémon from your hand to evolve 1 of your Pokémon during your turn, you may have each player shuffle their hand and put it on the bottom of their deck. If either player put any cards on the bottom of their deck in this way, each player draws 4 cards."
"cmo1u7qd01uf35ueext52kyb5","故勒頓ex","1007","attack","H","增加這隻寶可夢身上放置的傷害指示物的數量×10點傷害。 | 這隻寶可夢也受到60點傷害。","このポケモンにのっているダメカンの数×10ダメージ追加。 | このポケモンにも60ダメージ。",""
"cmo1u7z2t29df5uee5sjzlxpp","下石鳥","0962","attack","G","從自己的牌庫選擇1張【基礎】寶可夢卡，放置於備戰區。並且重洗牌庫。 | 選擇1個這隻寶可夢身上附加的能量，將其丟棄。","自分の山札からたねポケモンを1枚選び、ベンチに出す。そして山札を切る。 | このポケモンについているエネルギーを1個選び、トラッシュする。",""
"cmo1u6y390hz65ueecle78t2n","瑪夏多","0802","attack","E","從自己的牌庫選擇最多2張「連擊」卡，在給對手看過後加入手牌。並且重洗牌庫。 | 在下個自己的回合，受到這個招式的寶可夢【氣絕】時，多獲得1張獎賞卡。","自分の山札から「れんげき」のカードを2枚まで選び、相手に見せて、手札に加える。そして山札を切る。 | 次の自分の番、このワザを受けたポケモンがきぜつしたとき、サイドを1枚多くとる。","Search your deck for up to 2 Rapid Strike cards, reveal them, and put them into your hand. Then, shuffle your deck. | If the Defending Pokémon is Knocked Out during your next turn, take 1 more Prize card."
"cmo1u6ynt0iyx5ueec92f7yha","電龍","0181","attack","E","擲1次硬幣若為正面，則將對手的戰鬥寶可夢【麻痺】。 | 若希望，選擇3個這隻寶可夢身上附加的【雷】能量，將其丟棄。這個情況下，增加120點傷害。","コインを1回投げオモテなら、相手のバトルポケモンをマヒにする。 | のぞむなら、このポケモンについているエネルギーを3個選び、トラッシュする。その場合、120ダメージ追加。","Flip a coin. If heads, your opponent’s Active Pokémon is now Paralyzed. | You may discard 3 {L} Energy from this Pokémon. If you do, this attack does 120 more damage."
"cmo1u7o7s1qqf5ueez3loh4gk","赫普的卡比獸","0143","ability","I","只要這隻寶可夢在場上，自己的「赫普的寶可夢」使用的招式，對對手的戰鬥寶可夢造成的傷害「+30」點。無論有多少隻擁有這個特性的寶可夢，這個效果也不會重複。","このポケモンがいるかぎり、自分の「ホップのポケモン」が使うワザの、相手のバトルポケモンへのダメージは「+30」される。この効果は、この特性を持つポケモンが何匹いても、重ならない。","Attacks used by your Hop’s Pokémon do 30 more damage to your opponent’s Active Pokémon (before applying Weakness and Resistance). The effect of Extra Helpings doesn’t stack."
"cmobmwa5l1zu12pc7dzxwll31","其他路卡利歐VSTAR","0448","attack","F","若對手的戰鬥寶可夢為「寶可夢【V】」，則增加120點傷害。 | 造成對手的場上寶可夢身上附加的能量的數量×70點傷害。[對戰中，己方只可使用1次【VSTAR】力量。] | 寶可夢【VSTAR】【氣絕】時，對手獲得2張獎賞卡。","相手のバトルポケモンが「ポケモンV」なら、120ダメージ追加。",""
"cmo1u6yce0if55uee1wjieeck","鰓魚海獸V","0883","attack","E","在下個自己的回合，這隻寶可夢無法使用招式。 | 寶可夢【V】【氣絕】時，對手獲得2張獎賞卡。","次の相手の番、このワザを受けた「ポケモンV・GX」は、ワザが使えない。 | 次の自分の番、このポケモンはワザが使えない。",""
"cmo1u7pfr1su45ueexfpkvlc2","青藤蛇","0496","attack","I","擲1次硬幣若為正面，則將對手的戰鬥寶可夢【麻痺】。","コインを1回投げオモテなら、相手のバトルポケモンをマヒにする。","Flip a coin. If heads, your opponent’s Active Pokémon is now Paralyzed."
"cmo1u6wsm0fsc5uee6yfgeleq","大劍鬼","0503","attack","D","這隻寶可夢受到招式的傷害「-30」點。 | 若希望，選擇2個對手的戰鬥寶可夢身上附加的能量，放回對手的手牌。","のぞむなら、相手のバトルポケモンについているエネルギーを2個選び、相手の手札にもどす。",""
"cmo1u6wst0fso5uee3nq6r60g","暴噬龜","0834","attack","D","在這個回合，若從手牌使出了「露璃娜」，則將對手的戰鬥寶可夢【麻痺】。","この番、手札から「ルリナ」を出して使っていたなら、相手のバトルポケモンをマヒにする。",""
"cmo1u6yt40j7m5ueepubokkwt","鍬農炮蟲","0738","attack","E","將這隻寶可夢身上附加的2個【雷】能量丟棄，對手的1隻寶可夢受到200點傷害。[在備戰區不計算弱點・抵抗力。]","このポケモンについているエネルギーを2個トラッシュし、相手のポケモン1匹に、200ダメージ。［ベンチは弱点・抵抗力を計算しない。］","Discard 2 {L} Energy from this Pokémon. This attack does 200 damage to 1 of your opponent’s Pokémon. (Don’t apply Weakness and Resistance for Benched Pokémon.)"
"cmo1u6t8d09kc5uee5kjcu9p0","皮卡丘V","0025","attack","D","從自己的牌庫選擇最多2張【雷】能量卡，附於這隻寶可夢身上。並且重洗牌庫。 | 將這隻寶可夢身上附加的能量全部丟棄。 | 寶可夢【V】【氣絕】時，對手獲得2張獎賞卡。","自分の山札からエネルギーを2枚まで選び、このポケモンにつける。そして山札を切る。 | このポケモンについているエネルギーを、すべてトラッシュする。",""
"cmo1u7o2d1qh55uee3ih82g1m","光電傘蜥","0695","ability","I","在這個回合，若從手牌使出了「卡娜莉」，則在自己的回合時可使用1次。從自己的牌庫選擇最多2張「基本【雷】能量」卡，附於這隻寶可夢身上。並且重洗牌庫。","この番に、手札から「カナリィ」を出して使っていたなら、自分の番に1回使える。自分の山札から「基本エネルギー」を2枚まで選び、このポケモンにつける。そして山札を切る。","Once during your turn, if you played Canari from your hand this turn, you may use this Ability. Search your deck for up to 2 Basic {L} Energy cards and attach them to this Pokémon. Then, shuffle your deck."
"cmo1u7pnd1t775ueeb0ut81li","<小霞的>暴鯉龍","0130","attack","I","將自己的牌庫上方7張卡丟棄，造成其中「小霞的寶可夢」的張數×70點傷害。","自分の山札を上から7枚トラッシュし、その中にある「カスミのポケモン」の枚数×70ダメージ。","Discard the top 7 cards of your deck, and this attack does 70 damage for each Misty’s Pokémon that you discarded in this way."
"cmo1u7pj41szx5uee574gj06d","帕底亞 肯泰羅","0128","attack","H","若對手的戰鬥寶可夢為【1階進化】寶可夢，則增加90點傷害。","相手のバトルポケモンが1進化ポケモンなら、90ダメージ追加。","If your opponent’s Active Pokémon is a Stage 1 Pokémon, this attack does 90 more damage."
"cmo1u6wua0fv95ueechk1ht2y","彷徨夜靈","0356","attack","D","將對手的戰鬥寶可夢【混亂】。","相手のバトルポケモンをこんらんにする。","Your opponent’s Active Pokémon is now Confused."
"cmo1u7qae1uam5ueeujo6gthn","劈斬司令","0625","attack","I","若對手的戰鬥寶可夢身上放置有傷害指示物，則增加60點傷害。","相手のバトルポケモンにダメカンがのっているなら、60ダメージ追加。","If your opponent’s Active Pokémon already has any damage counters on it, this attack does 60 more damage."
"cmo1u6w5a0enh5ueezyx7cgkz","顫弦蠑螈V","0849","attack","D","將對手的戰鬥寶可夢【中毒】。 | 若對手的戰鬥寶可夢【中毒】，則增加90點傷害。 | 寶可夢【V】【氣絕】時，對手獲得2張獎賞卡。","相手のバトルポケモンをどくにする。 | 相手のバトルポケモンがどくなら、90ダメージ追加。","Your opponent’s Active Pokémon is now Poisoned. | If your opponent’s Active Pokémon is Poisoned, this attack does 90 more damage."
"cmo1u7wxj25n75ueesj6g2w7f","大宇怪","0606","attack","I","將這隻寶可夢恢復「40」HP。 | 增加對手的戰鬥寶可夢身上附加的能量的數量×30點傷害。","このポケモンのHPを「40」回復する。 | 相手のバトルポケモンについているエネルギーの数×30ダメージ追加。","Heal 40 damage from this Pokémon. | This attack does 30 more damage for each Energy attached to your opponent’s Active Pokémon."
"cmo1u7xuc27915uee6bre61l5","帕底亞 土王ex","0980","ability","G","若場上有競技場卡，則在自己的回合時可使用1次。將對手的戰鬥寶可夢【中毒】。","場にスタジアムが出ているなら、自分の番に1回使える。相手のバトルポケモンをどくにする。",""
"cmo1u6t4609cz5ueev8q5cm9l","迷布莉姆","0856","attack","D","從自己的牌庫選擇1張寶可夢卡，在給對手看過後加入手牌。並且重洗牌庫。","自分の山札からポケモンを1枚選び、相手に見せて、手札に加える。そして山札を切る。","Search your deck for a Pokémon, reveal it, and put it into your hand. Then, shuffle your deck."
"cmo1u6w630eot5ueeqz2rmizx","霜奶仙","0869","attack","D","從自己的手牌選擇任意數量的基本能量卡，以任意方式附於自己的寶可夢身上。 | 將這隻寶可夢恢復「30」HP。","自分の手札から基本エネルギーを好きなだけ選び、自分のポケモンに好きなようにつける。 | このポケモンのHPを「30」回復する。",""
"cmo1u7wwf25lb5ueen1hjmc2b","保母曼波","0594","ability","I","若這隻寶可夢在戰鬥場上，則在自己的回合時可使用1次。從自己的棄牌區選擇1張HP為「70」以下的【基礎】寶可夢卡，放置於備戰區。","このポケモンがバトル場にいるなら、自分の番に1回使える。自分のトラッシュから、HPが「70」以下のたねポケモンを1枚選び、ベンチに出す。","Once during your turn, if this Pokémon is in the Active Spot, you may put a Basic Pokémon with 70 HP or less from your discard pile onto your Bench."
"cmo1u7xdm26fo5uee62rg0mao","龐岩怪","0526","attack","I","造成自己備戰區的所有【鬥】寶可夢身上放置的傷害指示物的數量×20點傷害。","自分のベンチのポケモン全員にのっているダメカンの数×20ダメージ。","This attack does 20 damage for each damage counter on all of your Benched {F} Pokémon."
"cmo1u6vs50e0l5ueeu96js72p","列陣兵","0870","attack","D","從自己的牌庫選擇最多2張【基礎】寶可夢卡，放置於備戰區。並且重洗牌庫。 | 造成自己的備戰區的，名稱中有「列陣兵」的寶可夢的數量×30點傷害。","自分の山札からたねポケモンを2枚まで選び、ベンチに出す。そして山札を切る。 | 自分のベンチの、名前に「タイレーツ」とつくポケモンの数×30ダメージ。","Search your deck for up to 2 Basic Pokémon and put them onto your Bench. Then, shuffle your deck. | This attack does 30 damage for each of your Benched Pokémon that has ""Falinks"" in its name."
"cmo1u6w6y0eqd5ueeh2veki62","列陣兵V","0870","ability","D","只要這隻寶可夢在場上，自己的場上的，所有名稱中有「列陣兵」的寶可夢，受到對手的寶可夢招式的傷害「-20」點。","このポケモンがいるかぎり、自分の場の、名前に「タイレーツ」とつくポケモン全員が、相手のポケモンから受けるワザのダメージは「-20」される。",""
"cmo1u6x5q0geo5ueem6uwxraq","其他叉字蝠VMAX","0169","attack","D","將對手的戰鬥寶可夢【中毒】。將這隻寶可夢與備戰寶可夢互換。 | 寶可夢【VMAX】【氣絕】時，對手獲得3張獎賞卡。","相手のバトルポケモンをどくにする。このポケモンをベンチポケモンと入れ替える。",""
"cmo1u6vwr0e8m5uee0f3wepok","伽勒爾 直衝熊","0264","attack","D","將這隻寶可夢與備戰寶可夢互換。","このポケモンをベンチポケモンと入れ替える。","Switch this Pokémon with 1 of your Benched Pokémon."
"cmo1u6yow0j0t5ueerdk4lner","雷吉鐸拉戈","0895","attack","E","減少這隻寶可夢身上放置的傷害指示物的數量×20點傷害。","このポケモンにのっているダメカンの数×20ダメージぶん、このワザのダメージは小さくなる。","This attack does 20 less damage for each damage counter on this Pokémon."
"cmo1u6xk40h3p5ueeybq7zhyl","燃燒蟲","0636","attack","E","從自己的牌庫選擇1張【火】能量卡，附於這隻寶可夢身上。並且重洗牌庫。","自分の山札からエネルギーを1枚選び、このポケモンにつける。そして山札を切る。",""
"cmo1u6xkk0h4h5uee8t84kfuo","火神蛾","0637","attack","E","選擇2個這隻寶可夢身上附加的能量，將其丟棄。","このポケモンについているエネルギーを2個選び、トラッシュする。",""
"cmo1u7wxc25mv5ueeea5xbagv","雙卵細胞球","0578","attack","I","從自己的牌庫選擇1張自己的1隻場上寶可夢進化而來的卡，放置於那隻寶可夢身上完成進化。並且重洗牌庫。","自分の場のポケモン1匹から進化するカードを、自分の山札から1枚選び、そのポケモンにのせて進化させる。そして山札を切る。","Search your deck for a card that evolves from 1 of your Pokémon and put it onto that Pokémon to evolve it. Then, shuffle your deck."
"cmo1u7wys25pf5ueea4nuj2d1","禿鷹娜","0630","ability","I","在自己的回合時可使用1次。查看對手的手牌，從其中選擇1張HP為「70」以下的【基礎】寶可夢卡，放置於對手的備戰區。","自分の番に1回使える。相手の手札を見て、その中から、HPが「70」以下のたねポケモンを1枚選び、相手のベンチに出す。","Once during your turn, you may use this Ability. Your opponent reveals their hand, and you put a Basic Pokémon with 70 HP or less that you find there onto your opponent’s Bench."
"cmo1u6xkx0h555uee2418efst","電燈怪","0171","attack","E","在下個對手的回合，當受到這個招式的寶可夢使用招式時，對手擲1次硬幣。若為反面，則那個招式失敗。","次の相手の番、このワザを受けたポケモンがワザを使うとき、相手はコインを1回投げる。ウラならそのワザは失敗。",""
"cmo1u7wxe25mz5ueeie9zihbj","人造細胞卵","0579","attack","I","從自己的牌庫，選擇自己的所有備戰寶可夢進化而來的卡各1張，放置於各自身上完成進化。並且重洗牌庫。 | 增加自己的場上進化寶可夢的數量×40點傷害。","自分のベンチポケモン全員からそれぞれ進化するカードを、自分の山札から1枚ずつ選び、それぞれにのせて進化させる。そして山札を切る。 | 自分の場の進化ポケモンの数×40ダメージ追加。","For each of your Benched Pokémon, search your deck for a card that evolves from that Pokémon and put it onto that Pokémon to evolve it. Then, shuffle your deck. | This attack does 40 more damage for each of your Evolution Pokémon in play."
"cmo1u6td909su5ueep864g5pq","七夕青鳥","0334","ability","E","在自己的回合時，可使用1次。從自己的牌庫選擇1張支援者卡，給對手看過。重洗剩餘牌庫，將所選的卡放回牌庫上方。","自分の番に1回使える。自分の山札からサポートを1枚選び、相手に見せる。残りの山札を切り、選んだカードを山札の上にもどす。","Once during your turn, you may search your deck for a Supporter card, reveal it, shuffle your deck, then put that card on top of it."
"cmo1u8ehs30fd5ueegbnqwsbf","四顎針龍GX","0804","attack","B","造成自己的場上的「究極異獸」的數量×20點傷害。 | 這個招式的傷害不計算弱點・抵抗力。 | 雙方玩家將所有獎賞卡放回牌庫並重洗。然後，從牌庫上方抽出3張，作為獎賞卡放置。［對戰中，己方只可使用1次GX招式。］ | 寶可夢GX【氣絕】時，對手獲得2張獎賞卡。","",""
"cmo1u6wty0fup5ueey4szc8w5","胡地V","0065","attack","D","將3個傷害指示物以任意方式放置於對手的寶可夢身上。 | 造成對手的手牌的張數×30點傷害。 | 寶可夢【V】【氣絕】時，對手獲得2張獎賞卡。","ダメカン3個を、相手のポケモンに好きなようにのせる。 | 相手の手札の枚数×30ダメージ。",""
"cmo1u6xlb0h5t5ueexzqmfbvn","綿綿泡芙","0684","attack","E","將這隻寶可夢恢復「10」HP。","このポケモンのHPを「10」回復する。",""
"cmo1u6xlm0h6d5ueekhlvpi1b","三地鼠","0051","attack","E","擲3次硬幣，造成正面出現的次數×60點傷害。若全部為正面，則在下個對手的回合，這隻寶可夢不會受到招式的傷害與效果的影響。","コインを3回投げ、オモテの数×60ダメージ。すべてオモテなら、次の相手の番、このポケモンはワザのダメージや効果を受けない。","Flip 3 coins. This attack does 60 damage for each heads. If all of them are heads, during your opponent’s next turn, prevent all damage from and effects of attacks done to this Pokémon."
"cmo1u8ii137be5ueesk3ukkzs","頑皮雷彈","0101","attack","E","這個招式的傷害不計算弱點・抵抗力。 | 這隻寶可夢也受到90點傷害。","","This attack’s damage isn’t affected by Weakness or Resistance. | This Pokémon also does 90 damage to itself."
"cmo1u6xmr0h855ueemkgk7or2","飯匙蛇","0336","attack","E","在這個回合，若從手牌使出了「一擊」支援者，則增加90點傷害。","この番、手札から「いちげき」のサポートを出して使っていたなら、90ダメージ追加。",""
"cmo1u7pgn1svl5ueeveawkzjy","畢力吉翁","0640","attack","I","將這隻寶可夢恢復對對手的戰鬥寶可夢造成的傷害相同數值的HP。 | 在下個自己的回合，這隻寶可夢無法使用招式。","相手のバトルポケモンに与えたダメージぶん、このポケモンのHPを回復する。 | 次の自分の番、このポケモンはワザが使えない。","Heal from this Pokémon the same amount of damage you did to your opponent’s Active Pokémon. | During your next turn, this Pokémon can’t use attacks."
"cmo1u6t8109js5uee07wun2td","刺梭魚","0846","attack","D","從自己的牌庫選擇最多2張「刺梭魚」卡，放置於備戰區。並且重洗牌庫。","自分の山札から「サシカマス」を2枚まで選び、ベンチに出す。そして山札を切る。","Search your deck for up to 2 Arrokuda and put them onto your Bench. Then, shuffle your deck."
"cmo1u8els30m75ueex8ceooxd","過動猿","0288","attack","B","擲3次硬幣，造成正面出現的次數×20點傷害。 | 增加這隻寶可夢身上所放置的傷害指示物的數量×10點傷害。","",""
"cmo1u6xmy0h8i5ueevx1y21es","車輪毬","0544","attack","E","將對手的戰鬥寶可夢【中毒】。","相手のバトルポケモンをどくにする。","Your opponent’s Active Pokémon is now Poisoned."
"cmo1u6yeq0ij65uees0nocobh","幸福蛋V","0242","attack","E","增加這隻寶可夢身上附加的能量的數量×30點傷害。若希望，在造成傷害後，從棄牌區選擇最多3張能量卡，附於這隻寶可夢身上。 | 寶可夢【V】【氣絕】時，對手獲得2張獎賞卡。","このポケモンについているエネルギーの数×30ダメージ追加。のぞむなら、ダメージを与えたあとに、トラッシュからエネルギーを3枚まで選び、このポケモンにつける。",""
"cmo1u6wzq0g4e5ueetafade6i","萊希拉姆","0643","attack","D","這隻寶可夢也受到60點傷害。","このポケモンにも60ダメージ。",""
"cmo1u7xcz26ek5ueesz1vzvtr","象徵鳥","0561","attack","I","在下個對手的回合，這隻寶可夢受到招式的傷害「-40」點。 | 對手的1隻寶可夢受到70點傷害。這個招式的傷害不計算弱點・抵抗力。","次の相手の番、このポケモンが受けるワザのダメージは「-40」される。 | 相手のポケモン1匹に、70ダメージ。このワザのダメージは弱点・抵抗力を計算しない。","During your opponent’s next turn, this Pokémon takes 40 less damage from attacks (after applying Weakness and Resistance). | This attack does 70 damage to 1 of your opponent’s Pokémon. This attack’s damage isn’t affected by Weakness or Resistance."
"cmo1u81fq2df55ueecoikquq1","老翁龍","0780","attack","H","若自己的所有備戰寶可夢身上都放置有傷害指示物，則增加120點傷害。","自分のベンチポケモン全員にダメカンがのっているなら、120ダメージ追加。","If all of your Benched Pokémon have at least 1 damage counter on them, this attack does 120 more damage."
"cmo1u7nh31pgn5uee06m0rm4r","月石","0337","ability","I","若自己的場上有「太陽岩」，且在自己的回合，從自己的手牌將1張「基本【鬥】能量」卡丟棄，則可使用1次。從自己的牌庫抽出3張卡。在使用了其他的「月光循環」的回合，這個特性無法使用。","自分の場に「ソルロック」がいて、自分の番に、自分の手札から「基本エネルギー」を1枚トラッシュするなら、1回使える。自分の山札を3枚引く。この特性は別の「ルナサイクル」を使った番は使えない。","Once during your turn, if you have Solrock in play, you may discard a Basic {F} Energy card from your hand in order to use this Ability. Draw 3 cards. You can’t use more than 1 Lunar Cycle Ability each turn."
"cmo1u6wuq0fw15ueexs5gaw0w","豪力","0067","attack","D","擲1次硬幣若為正面，則增加70點傷害。","コインを1回投げオモテなら、70ダメージ追加。",""
"cmo1u6tav09op5ueehd1305jw","伽勒爾 魔牆人偶","0122","attack","E","從自己的牌庫選擇1張物品卡，在給對手看過後加入手牌。並且重洗牌庫。","自分の山札からグッズを1枚選び、相手に見せて、手札に加える。そして山札を切る。","Search your deck for an Item card, reveal it, and put it into your hand. Then, shuffle your deck."
"cmo1u6wvb0fx15uee6pmdbmw4","伽勒爾 蔥遊兵V","0865","ability","D","在自己的回合，當從備戰區將這隻寶可夢放置於戰鬥場時，可使用1次。選擇自己的場上寶可夢身上附加的任意數量的【鬥】能量，改附於這隻寶可夢身上。","自分の番に、このポケモンがベンチからバトル場に出たとき、1回使える。自分の場のポケモンについているエネルギーを好きなだけ選び、このポケモンにつけ替える。",""
"cmo1u7z7k29ll5ueelb256a54","呆呆王ex","0199","attack","G","只要這隻寶可夢在備戰區，不會受到招式的傷害。 | 將對手的戰鬥寶可夢【混亂】。 | 若希望，從自己的牌庫任意選擇最多2張卡加入手牌。並且重洗牌庫。 | 寶可夢【ex】【昏厥】時，對手獲得2張獎賞卡。","相手のバトルポケモンをこんらんにする。 | のぞむなら、自分の山札から好きなカードを2枚まで選び、手札に加える。そして山札を切る。",""
"cmo1u6vw00e7a5ueei9ioc94o","伽勒爾 烈焰馬","0078","ability","D","只要這隻寶可夢在場上，自己的所有寶可夢不會陷入特殊狀態，並將受到的特殊狀態全部恢復。","このポケモンがいるかぎり、自分のポケモン全員は、特殊状態にならず、受けている特殊状態は、すべて回復する。",""
"cmo1u6xx30hok5ueeet3r6431","龍蝦小兵","0341","attack","E","擲1次硬幣若為正面，則將對手的戰鬥寶可夢【麻痺】。","コインを1回投げオモテなら、相手のバトルポケモンをマヒにする。",""
"cmo1u6xl60h5l5ueeckixrvv9","雷鳥龍V","0880","attack","E","在下個對手的回合，受到這個招式的寶可夢，無法從手牌使出並附上能量。 | 將自己的牌庫上方3張卡丟棄。 | 寶可夢【V】【氣絕】時，對手獲得2張獎賞卡。","次の相手の番、このワザを受けたポケモンは、手札からエネルギーを出してつけられない。 | 自分の山札を上から3枚トラッシュする。",""
"cmo1u7o551qly5ueer8ijorcn","大炭車","0838","attack","I","在下個對手的回合，這隻寶可夢受到招式的傷害「-20」點。","次の相手の番、このポケモンが受けるワザのダメージは「-20」される。","During your opponent’s next turn, this Pokémon takes 20 less damage from attacks (after applying Weakness and Resistance)."
"cmo1u7y8l27xa5ueevy5lmsli","幸福蛋","0242","ability","G","在自己的回合時可使用1次。將自己的戰鬥寶可夢的特殊狀態全部恢復。","自分の番に1回使える。自分のバトルポケモンの特殊状態を、すべて回復する。","Once during your turn, you may use this Ability. Your Active Pokémon recovers from all Special Conditions."
"cmo1u7wfg24sd5ueefqe0bq8e","鐵包袱","0991","ability","G","若這隻寶可夢在備戰區，則在自己的回合時可使用1次。將對手的戰鬥寶可夢與備戰寶可夢互換（由對手選擇放置於戰鬥場的寶可夢）。然後，將這隻寶可夢與附加的卡全部丟棄。","このポケモンがベンチにいるなら、自分の番に1回使える。相手のバトルポケモンをベンチポケモンと入れ替える（バトル場に出すポケモンは相手が選ぶ）。その後、このポケモンと、ついているすべてのカードを、トラッシュする。",""
"cmo1u7z7e29lc5ueeq314r4t9","古劍豹ex","1002","ability","G","若這隻寶可夢在戰鬥場上，則在自己的回合時可使用1次。從自己的牌庫選擇最多2張「基本【水】能量」卡，在給對手看過後加入手牌。並且重洗牌庫。","このポケモンがバトル場にいるなら、自分の番に1回使える。自分の山札から「基本エネルギー」を2枚まで選び、相手に見せて、手札に加える。そして山札を切る。",""
"cmo1u6xxe0hp45uee8353jour","倫琴貓","0405","attack","E","對手的1隻寶可夢受到40點傷害。將這隻寶可夢與備戰寶可夢互換。[在備戰區不計算弱點・抵抗力。] | 若對手的戰鬥寶可夢身上放置有傷害指示物，則增加100點傷害。","相手のポケモン1匹に、40ダメージ。このポケモンをベンチポケモンと入れ替える。［ベンチは弱点・抵抗力を計算しない。］ | 相手のバトルポケモンにダメカンがのっているなら、100ダメージ追加。",""
"cmo1u83fg2gqa5uees5x1rfqx","鬃岩狼人","0745","ability","I","在自己的回合，從手牌使出這張卡並完成進化時，可使用1次。從自己的棄牌區選擇最多2張「扣殺能量」，附於這隻寶可夢身上。","自分の番に、このカードを手札から出して進化させたとき、1回使える。自分のトラッシュから「スパイクエネルギー」を2枚まで選び、このポケモンにつける。","When you play this Pokémon from your hand to evolve 1 of your Pokémon during your turn, you may attach up to 2 Spiky Energy cards from your discard pile to this Pokémon."
"cmobmwahw20ec2pc7yv5t3dub","噴火龍","0006","ability","D","在自己的回合時，可使用1次。查看自己的牌庫上方3張卡，選擇其中1張卡加入手牌。將剩餘卡丟棄。","自分の番に1回使える。自分の山札を上から3枚見て、その中からカードを1枚選び、手札に加える。残りのカードはトラッシュする。","Once during your turn, you may look at the top 3 cards of your deck and put 1 of them into your hand. Discard the other cards."
"cmo1u7y7s27vx5ueez32susxk","墓揚犬","0972","attack","G","增加自己的棄牌區的【超】寶可夢卡的張數×10點傷害。","自分のトラッシュにあるポケモンの枚数×10ダメージ追加。",""
"cmo1u8ij537da5ueeky3cxby8","頑皮熊貓","0674","attack","E","從自己的牌庫選擇最多2張【惡】能量卡，附於這隻寶可夢身上。並且重洗牌庫。","","Search your deck for up to 2 {D} Energy cards and attach them to this Pokémon. Then, shuffle your deck."
"cmo1u7xtz278d5ueeb6oidh2o","鐵掌力士","0297","ability","G","只要這隻寶可夢在場上，自己的所有寶可夢受到對手的寶可夢招式的傷害「-10」點。","このポケモンがいるかぎり、自分のポケモン全員が、相手のポケモンから受けるワザのダメージは「-10」される。","All of your Pokémon take 10 less damage from attacks from your opponent’s Pokémon (after applying Weakness and Resistance)."
"cmo1u7y5l27s55ueeap2g61z3","狠辣椒","0952","attack","G","將對手的戰鬥寶可夢【灼傷】。 | 若這隻寶可夢身上附有【火】能量卡，則增加90點傷害。","相手のバトルポケモンをやけどにする。 | このポケモンにエネルギーがついているなら、90ダメージ追加。","Your opponent’s Active Pokémon is now Burned. | If this Pokémon has any {R} Energy attached, this attack does 90 more damage."
"cmo1u6vrl0dzl5ueeajq72r3e","愛管侍","0876","attack","D","將自己的所有寶可夢各恢復「30」HP。 | 將對手的戰鬥寶可夢【混亂】。","自分のポケモン全員のHPを、それぞれ「30」回復する。 | 相手のバトルポケモンをこんらんにする。","Heal 30 damage from each of your Pokémon. | Your opponent’s Active Pokémon is now Confused."
"cmo1u8kv63b7z5ueehuwqg6ob","勾帕路翁","0638","attack","E","在下個自己的回合，這隻寶可夢無法使用招式。","","During your next turn, this Pokémon can’t attack."
"cmo1u6xyk0hr95ueersy4b3f5","其他連擊武道熊師VMAX","0892","attack","E","在這個回合，若從備戰區將這隻寶可夢放置於戰鬥場，則增加120點傷害。 | 將這隻寶可夢身上附加的能量全部丟棄，對手的2隻寶可夢各受到120點傷害。[在備戰區不計算弱點・抵抗力。] | 寶可夢【VMAX】【氣絕】時，對手獲得3張獎賞卡。","この番、このポケモンがベンチからバトル場に出ていたなら、120ダメージ追加。 | このポケモンについているエネルギーをすべてトラッシュし、相手のポケモン2匹に、それぞれ120ダメージ。［ベンチは弱点・抵抗力を計算しない。］",""
"cmo1u6xz40hs95ueemqhvs2by","其他鋼鎧鴉VMAX","0823","ability","E","這隻寶可夢不會受到對手的寶可夢的特性的效果的影響。","このポケモンは、相手のポケモンから特性の効果を受けない。",""
"cmo1u6xys0hrp5uee89ojeptd","東施喵","0432","attack","E","從自己的牌庫抽出3張卡。然後，將這隻寶可夢【睡眠】。","自分の山札を3枚引く。その後、このポケモンをねむりにする。",""
"cmo1u6t9k09mg5uee7rl3j2i6","伽勒爾 蛇紋熊","0263","ability","D","在自己的回合，當從手牌將這張卡放置於備戰區時，可使用1次。在對手的1隻寶可夢身上放置1個傷害指示物。","自分の番に、このカードを手札からベンチに出したとき、1回使える。相手のポケモン1匹に、ダメカンを1個のせる。","When you play this Pokémon from your hand onto your Bench during your turn, you may put 1 damage counter on 1 of your opponent’s Pokémon."
"cmo1u81ey2ddt5uee533ueg7y","巨金怪","0376","attack","H","在下個自己的回合，這隻寶可夢「彗星拳」的傷害「+60」點。 | 選擇2個這隻寶可夢身上附加的能量，將其丟棄。","次の自分の番、このポケモンの「コメットパンチ」のダメージは「+60」される。 | このポケモンについているエネルギーを2個選び、トラッシュする。","During your next turn, this Pokémon’s Meteor Mash attack does 60 more damage (before applying Weakness and Resistance). | Discard 2 Energy from this Pokémon."
"cmo1u8ijw37em5ueez7mqtd9j","圖圖犬","0235","attack","E","從自己的手牌將任意數量的基本能量給對手看過後，增加給對手看過的基本能量的屬性種類的數量×30點傷害。","",""
"cmo1u7yii28ed5uee1ru9kc9o","嘎啦嘎啦","0105","attack","G","對手的1隻備戰寶可夢也受到30點傷害。[在備戰區不計算弱點・抵抗力。] | 在下個自己的回合，這隻寶可夢無法使用招式。","相手のベンチポケモン1匹にも、30ダメージ。［ベンチは弱点・抵抗力を計算しない。］ | 次の自分の番、このポケモンはワザが使えない。","This attack also does 30 damage to 1 of your opponent’s Benched Pokémon. (Don’t apply Weakness and Resistance for Benched Pokémon.) | During your next turn, this Pokémon can’t attack."
"cmo1u7o141qf15ueezqlv9cco","<火箭隊的>急凍鳥","0144","ability","I","只要這隻寶可夢在場上，自己的場上所有【基礎】寶可夢的「火箭隊的寶可夢」，不會受到對手的寶可夢使用招式的效果的影響。（已經受到的效果不會消除。）","このポケモンがいるかぎり、自分の場のたねポケモンの「ロケット団のポケモン」全員は、相手のポケモンが使うワザの効果を受けない。（すでに受けている効果は、なくならない。）","Prevent all effects of attacks used by your opponent’s Pokémon done to your Basic Team Rocket’s Pokémon. (Existing effects are not removed. Damage is not an effect.)"
"cmo1u6w0y0eg05uee0w1n3ewq","毒骷蛙","0454","ability","D","只要這隻寶可夢在場上，對手的戰鬥寶可夢因【中毒】而放置的傷害指示物的數量增加2個。","このポケモンがいるかぎり、相手のバトルポケモンは、どくでのせるダメカンの数が2個多くなる。",""
"cmo1u6xzb0hsl5ueec9wlqnxg","愛管侍","0876","attack","E","從自己的牌庫抽出2張卡。 | 造成自己的手牌的張數×10點傷害。","自分の山札を2枚引く。 | 自分の手札の枚数×10ダメージ。",""
"cmo1u7ycx284n5ueego9l1pbb","大比鳥","0018","attack","G","擲1次硬幣若為反面，則這個招式失敗。若為正面，則在下個對手的回合，這隻寶可夢不會受到招式的傷害與效果的影響。","コインを1回投げウラなら、このワザは失敗。オモテなら、次の相手の番、このポケモンはワザのダメージや効果を受けない。","Flip a coin. If tails, this attack does nothing. If heads, during your opponent’s next turn, prevent all damage from and effects of attacks done to this Pokémon."
"cmo1u6xk80h3x5uee9kk18nlu","信使鳥","0225","attack","E","將這隻寶可夢與附加的卡，全部放回自己的牌庫。然後，從自己的牌庫任意選擇1張卡加入手牌。並且重洗牌庫。","このポケモンと、ついているすべてのカードを、自分の山札にもどす。その後、自分の山札から好きなカードを1枚選び、手札に加える。そして山札を切る。","Put this Pokémon and all attached cards into your deck. If you do, search your deck for a card and put it into your hand. Then, shuffle your deck."
"cmo1u80wk2cif5uee9bvjojs6","鐵脖頸","0993","attack","G","對手的身上放置有傷害指示物的3隻寶可夢各受到50點傷害。[在備戰區不計算弱點・抵抗力。] | 若這隻寶可夢身上附有「驅勁能量 未來」，則這個招式只需要3個【無】能量即可使用。","ダメカンがのっている相手のポケモン3匹に、それぞれ50ダメージ。［ベンチは弱点・抵抗力を計算しない。］ | このワザは、このポケモンに「ブーストエナジー 未来」がついているなら、エネルギー3個で使える。",""
"cmo1u7pve1tkx5ueecobp3ds3","鐵荊棘","0995","attack","H","將自己的牌庫上方5張卡翻到正面，造成其中的「未來」卡的張數×70點傷害。將翻到正面的「未來」卡丟棄，將剩餘卡放回牌庫並重洗。","自分の山札を上から5枚オモテにして、その中にある「未来」のカードの枚数×70ダメージ。オモテにした「未来」のカードはトラッシュし、残りのカードは山札にもどして切る。","Reveal the top 5 cards of your deck. This attack does 70 damage for each Future card you find there. Then, discard those Future cards and shuffle the other cards back into your deck."
"cmo1u6xl00h595ueeat2k24ag","連擊武道熊師","0892","attack","E","造成自己的場上「連擊」寶可夢的數量×30點傷害。","自分の場の「れんげき」のポケモンの数×30ダメージ。","This attack does 30 damage for each of your Rapid Strike Pokémon in play."
"cmo1u6xld0h5x5uee7z53gflk","滾滾蝙蝠","0527","attack","E","從自己的牌庫抽出1張卡。","自分の山札を1枚引く。","Draw a card."
"cmo1u6xlk0h695ueehsfm4dp5","胖甜妮","0685","attack","E","擲3次硬幣，從自己的棄牌區任意選擇最多與正面出現的次數相同數量的卡，在給對手看過後加入手牌。","コインを3回投げ、オモテの数ぶんまで、自分のトラッシュから好きなカードを選び、相手に見せて、手札に加える。","Flip 3 coins. Put a number of cards up to the number of heads from your discard pile into your hand."
"cmo1u6xlo0h6h5uee7bzt5c1x","布莉姆溫","0858","ability","E","在自己的回合時，可使用1次。將自己的戰鬥寶可夢與備戰寶可夢互換。然後，對手將對手自己的戰鬥寶可夢與備戰寶可夢互換。","自分の番に1回使える。自分のバトルポケモンをベンチポケモンと入れ替える。その後、相手は相手自身のバトルポケモンをベンチポケモンと入れ替える。","Once during your turn, you may switch your Active Pokémon with 1 of your Benched Pokémon. If you do, your opponent switches their Active Pokémon with 1 of their Benched Pokémon."
"cmo1u7oyg1s0f5ueethl20kqx","卡比獸","0143","attack","J","擲硬幣直到出現反面，從自己的牌庫選擇最多與正面出現的次數相同數量的基本能量卡，附於這隻寶可夢身上。並且重洗牌庫。 | 將這隻寶可夢【睡眠】。","ウラが出るまでコインを投げ、オモテの数ぶんまで、自分の山札から基本エネルギーを選び、このポケモンにつける。そして山札を切る。 | このポケモンをねむりにする。",""
"cmo1u7pfn1stw5uee3fmeaotx","謝米","0492","attack","H","對手的備戰區的1隻「寶可夢【ex】・【V】」也受到60點傷害。[在備戰區不計算弱點・抵抗力。]","相手のベンチの「ポケモンex・V」1匹に、60ダメージ。［ベンチは弱点・抵抗力を計算しない。］",""
"cmo1u7ylg28je5ueeodsvyytt","超夢","0150","attack","G","在下個對手的回合，這隻寶可夢受到招式的傷害時，將與受到的傷害相同數值的傷害指示物，放置於使用招式的寶可夢身上。 | 選擇2個這隻寶可夢身上附加的能量，將其丟棄。","次の相手の番、このポケモンがワザのダメージを受けたとき、受けたダメージぶんのダメカンを、ワザを使ったポケモンにのせる。 | このポケモンについているエネルギーを2個選び、トラッシュする。","During your opponent’s next turn, if this Pokémon is damaged by an attack (even if it is Knocked Out), put damage counters on the Attacking Pokémon equal to the damage done to this Pokémon. | Discard 2 Energy from this Pokémon."
"cmo1u6v800d1a5ueerjw4ly82","伽勒爾 火焰鳥V","0146","ability","E","在自己的回合時，可使用1次。從自己的棄牌區選擇1張【惡】能量卡，附於這隻寶可夢身上。在這個回合，若已經使出了其他的「邪焰之翼」，則這個特性無法使用。","自分の番に1回使える。自分のトラッシュからエネルギーを1枚選び、このポケモンにつける。この番、すでに別の「じゃえんのつばさ」を使っていたなら、この特性は使えない。",""
"cmo1u7qba1uc65ueelv3nuow5","鋁鋼橋龍","1018","ability","H","只要這隻寶可夢在場上，自己的所有身上附有【鋼】能量的寶可夢【撤退】所需的能量全部消除。","このポケモンがいるかぎり、エネルギーがついている自分のポケモン全員のにげるためのエネルギーは、すべてなくなる。","All of your Pokémon that have {M} Energy attached have no Retreat Cost."
"cmo1u7xrc273s5uee1q66cztu","魔幻假面喵ex","0908","ability","G","在自己的回合，若從自己的手牌將1張「基本【草】能量」卡丟棄，則可使用1次。在對手的1隻備戰寶可夢身上放置3個傷害指示物。","自分の番に、自分の手札から「基本エネルギー」を1枚トラッシュするなら、1回使える。相手のベンチポケモン1匹に、ダメカンを3個のせる。",""
"cmo1u6xn00h8m5uees0ormy6q","滑滑小子","0559","attack","E","在下個對手的回合，這隻寶可夢受到招式的傷害「-10」點。","次の相手の番、このポケモンが受けるワザのダメージは「-10」される。",""
"cmo1u7y0o27jv5uee5rltwfk5","毛崖蟹","0950","attack","G","將這隻寶可夢【混亂】。","このポケモンをこんらんにする。","This Pokémon is now Confused."
"cmo1u6xnc0h965ueecab2aeei","一擊武道熊師","0892","attack","E","將場上的對手的競技場卡丟棄。 | 若這隻寶可夢身上放置有傷害指示物，則增加100點傷害。","場に出ている相手のスタジアムをトラッシュする。 | このポケモンにダメカンがのっているなら、100ダメージ追加。","If your opponent has a Stadium in play, discard it. | If this Pokémon has any damage counters on it, this attack does 100 more damage."
"cmo1u7p5y1sd55ueeqp3y2xeb","巨金怪","0376","attack","J","將對手的戰鬥寶可夢與備戰寶可夢互換。[由對手選擇放置於戰鬥場的寶可夢。] | 若希望，將3個這隻寶可夢身上附加的【鋼】能量丟棄，增加150點傷害。","相手のバトルポケモンをベンチポケモンと入れ替える。［バトル場に出すポケモンは相手が選ぶ。］ | のぞむなら、このポケモンについているエネルギーを3個トラッシュし、150ダメージ追加。",""
"cmo1u7pib1syh5uee10wf7iz9","厄鬼椪 碧草面具","1017","attack","H","從自己的牌庫選擇最多2張基本能量卡，在給對手看過後加入手牌。並且重洗牌庫。 | 增加對手的備戰寶可夢的數量×20點傷害。","自分の山札から基本エネルギーを2枚まで選び、相手に見せて、手札に加える。そして山札を切る。 | 相手のベンチポケモンの数×20ダメージ追加。","Search your deck for up to 2 Basic Energy cards, reveal them, and put them into your hand. Then, shuffle your deck. | This attack does 20 more damage for each of your opponent’s Benched Pokémon."
"cmo1u7yew28845uee0goq2fgj","摩魯蛾","0049","attack","G","將對手的戰鬥寶可夢【混亂】。在下個對手的回合，對手無法從手牌使出物品卡。","相手のバトルポケモンをこんらんにする。次の相手の番、相手は手札からグッズを出して使えない。","Your opponent’s Active Pokémon is now Confused. During your opponent’s next turn, they can’t play any Item cards from their hand."
"cmo1u7pnm1t7n5ueeae6rcoys","冰伊布ex","0471","attack","H","對手的1隻備戰寶可夢也受到30點傷害。[在備戰區不計算弱點・抵抗力。] | 選擇1隻對手的身上放置有6個傷害指示物的寶可夢，將其【昏厥】。","相手のベンチポケモン1匹にも、30ダメージ。［ベンチは弱点・抵抗力を計算しない。］ | ダメカンが6個のっている相手のポケモンを1匹選び、きぜつさせる。","This attack also does 30 damage to 1 of your opponent’s Benched Pokémon. (Don’t apply Weakness and Resistance for Benched Pokémon.) | Knock Out 1 of your opponent’s Pokémon that has exactly 6 damage counters on it."
"cmo1u7y0x27kb5ueehfcgu28j","臭臭泥","0089","ability","G","只要這隻寶可夢在場上，對手的【中毒】的寶可夢，就算進化・退化，【中毒】也不會恢復。","このポケモンがいるかぎり、相手のどくのポケモンは、進化・退化してもどくが回復しない。","Your opponent’s Poisoned Pokémon don’t recover from that Special Condition when they evolve or devolve."
"cmobmwai120ek2pc7yy7up4ns","火焰雞V","0257","attack","E","選擇2個這隻寶可夢身上附加的能量，將其丟棄。 | 寶可夢【V】【氣絕】時，對手獲得2張獎賞卡。","このポケモンについているエネルギーを2個選び、トラッシュする。",""
"cmo1u7pj61t015ueewnqepux3","火伊布ex","0136","attack","H","從自己的牌庫選擇最多2張基本能量卡，附於自己的1隻寶可夢身上。並且重洗牌庫。 | 在下個自己的回合，這隻寶可夢無法使用招式。","自分の山札から基本エネルギーを2枚まで選び、自分のポケモン1匹につける。そして山札を切る。 | 次の自分の番、このポケモンはワザが使えない。","Search your deck for up to 2 Basic Energy cards and attach them to 1 of your Pokémon. Then, shuffle your deck. | During your next turn, this Pokémon can’t attack."
"cmo1u7plu1t4m5ueew8b8gh39","焰后蜥","0758","attack","H","對手選擇對手自己的1張手牌，將其丟棄。在這個回合，若這隻寶可夢從「夜盜火蜥」進化，則再丟棄2張。 | 選擇1個這隻寶可夢身上附加的能量，將其丟棄。","相手は相手自身の手札を1枚選び、トラッシュする。この番、このポケモンが「ヤトウモリ」から進化していたなら、さらに2枚トラッシュする。 | このポケモンについているエネルギーを1個選び、トラッシュする。","Discard an Energy from this Pokémon."
"cmo1u7z1z29bz5ueecproqod4","好勝毛蟹","0740","attack","G","在下個自己的回合，這隻寶可夢無法使用招式。","次の自分の番、このポケモンはワザが使えない。","During your next turn, this Pokémon can’t attack."
"cmo1u7pqr1td05ueecguft2bz","古月鳥","0845","attack","H","將這隻寶可夢身上附加的能量卡全部丟棄，對手的1隻寶可夢受到120點傷害。[在備戰區不計算弱點・抵抗力。]","このポケモンについているエネルギーをすべてトラッシュし、相手のポケモン1匹に、120ダメージ。［ベンチは弱点・抵抗力を計算しない。］",""
"cmo1u82ai2esu5uee773kaydz","帕路奇亞","0484","attack","H","造成這隻寶可夢身上附加的基本能量的數量×40點傷害。","このポケモンについている基本エネルギーの数×40ダメージ。","This attack does 40 damage for each Basic Energy attached to this Pokémon."
"cmo1u6y0i0huh5ueez82fqegs","蟲寶包","0540","attack","E","選擇1個對手的戰鬥寶可夢身上附加的【草】能量，將其丟棄。","相手のバトルポケモンについているエネルギーを1個選び、トラッシュする。","Discard a {G} Energy from your opponent’s Active Pokémon."
"cmo1u7q351ty85ueey8zk1oki","小碎鑽","0703","ability","J","只要這隻寶可夢在場上，改為【鬥】與【超】2種屬性。","このポケモンは、場にいるかぎりとの2つのタイプになる。","As long as this Pokémon is in play, it is {F} and {P} type."
"cmo1u7z6629j85ueeqxp61zw8","甜冷美后","0763","attack","G","在下個對手的回合，受到這個招式的寶可夢無法進化成從手牌使出的寶可夢。 | 這隻寶可夢也受到20點傷害。","次の相手の番、このワザを受けたポケモンは、手札から出すポケモンに進化できない。 | このポケモンにも20ダメージ。","During your opponent’s next turn, Pokémon can’t be played from your opponent’s hand to evolve the Defending Pokémon. | This Pokémon also does 20 damage to itself."
"cmo1u6xy00hq95uee1m2j9gbo","嘎啦嘎啦","0105","attack","E","這隻寶可夢受到招式的傷害「-30」點。 | 擲2次硬幣，造成正面出現的次數×90點傷害。","コインを2回投げ、オモテの数×90ダメージ。","Flip 2 coins. This attack does 90 damage for each heads."
"cmo1u7o1s1qg55ueedfcmspmz","皮卡丘ex","0025","ability","H","‌這隻寶可夢的HP是全滿的狀態下，這隻寶可夢受到招式的傷害而【昏厥】時，這隻寶可夢不會【昏厥】，而是以剩餘HP為「10」的狀態留在場上。","このポケモンのHPがまんたんの状態で、このポケモンがワザのダメージを受けてきぜつするとき、きぜつせず、残りHPが「10」の状態で場に残る。","If this Pokémon has full HP and would be Knocked Out by damage from an attack, it is not Knocked Out, and its remaining HP becomes 10."
"cmo1u7z8w29nx5ueepthe490l","青銅鐘","0437","attack","G","在下個對手的回合，這隻寶可夢不會受到對手的寶可夢使用招式的效果的影響。 | 若自己的手牌與對手的手牌張數相同，則增加90點傷害。","次の相手の番、このポケモンは相手のポケモンが使うワザの効果を受けない。 | 自分の手札と相手の手札が同じ枚数なら、90ダメージ追加。","During your opponent’s next turn, prevent all effects of attacks used by your opponent’s Pokémon done to this Pokémon. (Damage is not an effect.) | If you have the same number of cards in your hand as your opponent, this attack does 90 more damage."
"cmo1u7q6d1u3t5uee0zbxfnkb","黑魯加","0229","attack","H","從自己的牌庫選擇最多2張基本能量卡，以任意方式附於自己的寶可夢身上。並且重洗牌庫。","自分の山札から基本エネルギーを2枚まで選び、自分のポケモンに好きなようにつける。そして山札を切る。","Search your deck for up to 2 Basic Energy cards and attach them to your Pokémon in any way you like. Then, shuffle your deck."
"cmo1u6xyb0hqt5uee0ycnmumz","列陣兵","0870","attack","E","造成自己的場上「連擊」寶可夢的數量×20點傷害。","自分の場の「れんげき」のポケモンの数×20ダメージ。",""
"cmo1u7xst276d5uee45faesi0","狂歡浪舞鴨ex","0914","attack","G","將這隻寶可夢與備戰寶可夢互換。然後，對手將對手自己的戰鬥寶可夢與備戰寶可夢互換。 | 選擇2個這隻寶可夢身上附加的能量，放回手牌。 | 寶可夢【ex】【昏厥】時，對手獲得2張獎賞卡。","このポケモンをベンチポケモンと入れ替える。その後、相手は相手自身のバトルポケモンをベンチポケモンと入れ替える。 | このポケモンについているエネルギーを2個選び、手札にもどす。","Switch this Pokémon with 1 of your Benched Pokémon. If you do, switch out your opponent’s Active Pokémon to the Bench. (Your opponent chooses the new Active Pokémon.) | Put 2 Energy attached to this Pokémon into your hand."
"cmo1u7xu4278l5uee1qqiq4iv","鬃岩狼人ex","0745","attack","G","在下個對手的回合，這隻寶可夢受到招式的傷害時，在使用招式的寶可夢身上放置10個傷害指示物。 | 寶可夢【ex】【昏厥】時，對手獲得2張獎賞卡。","次の相手の番、このポケモンがワザのダメージを受けたとき、ワザを使ったポケモンにダメカンを10個のせる。",""
"cmo1u7qd21uf75ueei0nb68id","密勒頓","1008","attack","H","從自己的牌庫選擇最多2張基本能量卡，以任意方式附於自己的「未來」寶可夢身上。並且重洗牌庫。","自分の山札から基本エネルギーを2枚まで選び、自分の「未来」のポケモンに好きなようにつける。そして山札を切る。","Search your deck for up to 2 Basic Energy cards and attach them to your Future Pokémon in any way you like. Then, shuffle your deck."
"cmo1u6y220hx25ueeiiam69m3","霹靂電球","0100","attack","E","擲1次硬幣若為反面，則這個招式失敗。","コインを1回投げウラなら、このワザは失敗。",""
"cmo1u6y2f0hxq5uee0rgybdan","頑皮雷彈","0101","attack","E","這個招式的傷害不計算弱點・抵抗力。 | 這隻寶可夢也受到90點傷害。","このワザのダメージは弱点・抵抗力を計算しない。 | このポケモンにも90ダメージ。",""
"cmo1u80td2ccy5uee8s4qwa87","古簡蝸","1001","attack","G","從自己的棄牌區選擇最多2張「基本【草】能量」卡，附於自己的1隻寶可夢身上。 | 在下個對手的回合，受到這個招式的寶可夢使用招式所需的能量增加2個【無】能量。","自分のトラッシュから「基本エネルギー」を2枚まで選び、自分のポケモン1匹につける。 | 次の相手の番、このワザを受けたポケモンは、ワザを使うためのエネルギーが、エネルギー2個ぶん多くなる。",""
"cmo1u7yff28905ueektoui1d2","火爆猴","0057","attack","G","將這隻寶可夢【混亂】。 | 若這隻寶可夢沒有【混亂】，則這個招式失敗。","このポケモンをこんらんにする。 | このポケモンがこんらんでないなら、このワザは失敗。","This Pokémon is now Confused. | If this Pokémon isn’t Confused, this attack does nothing."
"cmobmx4mt3cmz2pc70js2bjea","烏波","0194","attack","H","從自己的棄牌區選擇最多3張「基本【水】能量」卡，在給對手看過後放回牌庫並重洗。","",""
"cmo1u6y110hva5ueeqtqikmlg","白蓬蓬","0830","ability","E","在自己的回合時，可使用1次。從自己的牌庫選擇最多2張基本能量卡，在給對手看過後加入手牌。並且重洗牌庫。","自分の番に1回使える。自分の山札から基本エネルギーを2枚まで選び、相手に見せて、手札に加える。そして山札を切る。",""
"cmo1u6xyz0hs15ueeh3hbosai","鋼鎧鴉V","0823","attack","E","在下個對手的回合，受到這個招式的寶可夢無法撤退。 | 在下個自己的回合，這隻寶可夢無法使用「天空颶風」。 | 寶可夢【V】【氣絕】時，對手獲得2張獎賞卡。","次の相手の番、このワザを受けたポケモンは、にげられない。 | 次の自分の番、このポケモンは「スカイハリケーン」が使えない。",""
"cmo1u7q8t1u7x5uee3u799bue","猛惡菇","0986","attack","H","將對手的戰鬥寶可夢【中毒】。 | 增加對手的戰鬥寶可夢身上放置的傷害指示物的數量×50點傷害。","相手のバトルポケモンをどくにする。 | 相手のバトルポケモンにのっているダメカンの数×50ダメージ追加。","This attack does 50 more damage for each damage counter on your opponent’s Active Pokémon."
"cmo1u7z8i29n95ueel667ithj","黑暗鴉","0198","attack","G","將這隻寶可夢與備戰寶可夢互換。 | 造成自己的棄牌區的，持有「團結之翼」招式的寶可夢卡的張數×20點傷害。","このポケモンをベンチポケモンと入れ替える。 | 自分のトラッシュにある、ワザ「だんけつのつばさ」を持つポケモンの枚数×20ダメージ。","Switch this Pokémon with 1 of your Benched Pokémon. | This attack does 20 damage for each Pokémon in your discard pile that has the United Wings attack."
"cmo1u6y1j0hw65ueet0k71kpb","瑪力露麗","0184","attack","E","從自己的棄牌區選擇寶可夢卡與支援者卡合計最多3張，在給對手看過後加入手牌。","自分のトラッシュからポケモンとサポートを合計3枚まで選び、相手に見せて、手札に加える。",""
"cmp2dgjzm3jjs116chv82joyx","烈焰馬","","attack","G","將對手的戰鬥寶可夢【灼傷】。 | 將這隻寶可夢與備戰寶可夢互換。","",""
"cmo1u6y1o0hwe5uee59tw9cgm","巨翅飛魚","0226","attack","E","若希望，將這隻寶可夢與備戰寶可夢互換。","のぞむなら、このポケモンをベンチポケモンと入れ替える。",""
"cmo1u7z1e29az5ueeuq2y8ejx","巧鍛匠","0958","attack","G","擲1次硬幣若為正面，則增加30點傷害。 | 這個招式的傷害不計算對手的戰鬥寶可夢身上的附加效果。","コインを1回投げオモテなら、30ダメージ追加。 | このワザのダメージは、相手のバトルポケモンにかかっている効果を計算しない。","Flip a coin. If heads, this attack does 30 more damage. | This attack’s damage isn’t affected by any effects on your opponent’s Active Pokémon."
"cmo1u6y1v0hwq5ueexkrf45tb","沼躍魚","0259","attack","E","選擇1個這隻寶可夢身上附加的能量，放回手牌。","このポケモンについているエネルギーを1個選び、手札にもどす。",""
"cmo1u6y1q0hwi5ueet25v9ib8","醜醜魚","0349","attack","E","擲3次硬幣，造成正面出現的次數×10點傷害。","コインを3回投げ、オモテの数×10ダメージ。",""
"cmo1u6y2t0hye5uee7t19vrml","太陽伊布V","0196","attack","E","對手的1隻「寶可夢【V】」受到60點傷害。[在備戰區不計算弱點・抵抗力。] | 寶可夢【V】【氣絕】時，對手獲得2張獎賞卡。","相手の「ポケモンV」1匹に、60ダメージ。［ベンチは弱点・抵抗力を計算しない。］",""
"cmo1u6y2q0hya5ueezkezxe6u","大嘴娃","0303","attack","E","在下個對手的回合，受到這個招式的寶可夢使用招式所需的能量與【撤退】所需的能量，各增加1個【無】能量。","次の相手の番、このワザを受けたポケモンは、ワザを使うためのエネルギーとにげるためのエネルギーが、それぞれエネルギー1個ぶん多くなる。",""
"cmobmw3tf1ppn2pc7hhtltx9d","狡猾天狗","0275","attack","I","擲1次硬幣若為正面，則選擇1隻對手的寶可夢，將那隻寶可夢與附加的卡全部放回對手的牌庫並重洗。 | 將對手的戰鬥寶可夢【混亂】。","コインを1回投げオモテなら、相手のポケモンを1匹選び、そのポケモンと、ついているすべてのカードを、相手の山札にもどして切る。 | 相手のバトルポケモンをこんらんにする。","Flip a coin. If heads, choose 1 of your opponent’s Pokémon. Shuffle that Pokémon and all attached cards into their deck. | Your opponent’s Active Pokémon is now Confused."
"cmo1u6y2b0hxi5ueebxh1wcst","洛托姆","0479","attack","E","將對手的場上寶可夢身上附加的「寶可夢道具」全部丟棄。","相手の場のポケモンについている「ポケモンのどうぐ」を、すべてトラッシュする。","Discard all Pokémon Tools from all of your opponent’s Pokémon."
"cmo1u7qck1uea5ueejfcpp44u","赤面龍","0621","attack","I","這個招式的傷害不計算對手的戰鬥寶可夢身上的附加效果。 | 擲1次硬幣若為正面，則增加60點傷害。","このワザのダメージは、相手のバトルポケモンにかかっている効果を計算しない。 | コインを1回投げオモテなら、60ダメージ追加。","This attack’s damage isn’t affected by any effects on your opponent’s Active Pokémon. | Flip a coin. If heads, this attack does 60 more damage."
"cmo1u6y2i0hxu5ueeyeuj7yeb","麻麻鰻","0603","attack","E","這隻寶可夢也受到20點傷害。","このポケモンにも20ダメージ。","This Pokémon also does 20 damage to itself."
"cmo1u6w650eox5ueessinrdeb","其他多龍巴魯托VMAX","0887","attack","D","這個招式的傷害不計算對手的戰鬥寶可夢身上的附加效果。 | 將5個傷害指示物以任意方式放置於對手的備戰寶可夢身上。 | 寶可夢【VMAX】【氣絕】時，對手獲得3張獎賞卡。","このワザのダメージは、相手のバトルポケモンにかかっている効果を計算しない。 | ダメカン5個を、相手のベンチポケモンに好きなようにのせる。",""
"cmo1u6tae09nx5uee7rv34nw2","叉字蝠V","0169","ability","D","在自己的回合，當從手牌將這張卡放置於備戰區時，可使用1次。從牌庫抽卡直到自己的手牌滿6張為止。在這個回合，若已經使出了其他的「暗夜能源」，則這個特性無法使用。","自分の番に、このカードを手札からベンチに出したとき、1回使える。自分の手札が6枚になるように、山札を引く。この番、すでに別の「ナイトアセット」を使っていたなら、この特性は使えない。",""
"cmo1u6y360hz25ueejhfho9w7","愛管侍","0876","attack","E","從自己的牌庫選擇最多2張【基礎】寶可夢卡，放置於備戰區。並且重洗牌庫。","自分の山札からたねポケモンを2枚まで選び、ベンチに出す。そして山札を切る。","Put a Basic Pokémon {V} from your opponent’s discard pile onto their Bench. If you do, put damage counters on that Pokémon until its remaining HP is 30."
"cmo1u7xrv274p5ueedb51a8hj","火炎獅","0668","attack","G","將對手的戰鬥寶可夢【灼傷】。 | 對手的1隻備戰寶可夢也受到20點傷害。[在備戰區不計算弱點・抵抗力。]","相手のバトルポケモンをやけどにする。 | 相手のベンチポケモン1匹にも、20ダメージ。［ベンチは弱点・抵抗力を計算しない。］",""
"cmo1u8l5s3bqe5uee4sfvwhz0","大電海燕ex","0941","attack","H","將這隻寶可夢與備戰寶可夢互換。‌然後，從自己的手牌選擇最多2張「基本【雷】能量」卡，附於這隻寶可夢身上。 | 增加這隻寶可夢身上附加的【雷】能量的數量×40點傷害。","このポケモンをベンチポケモンと入れ替える。その後、自分の手札から「基本エネルギー」を2枚まで選び、このポケモンにつける。 | このポケモンについているエネルギーの数×40ダメージ追加。","This attack does 40 more damage for each {L} Energy attached to this Pokémon."
"cmo1u6y3g0hzi5uee6vlo54xk","月亮伊布V","0197","attack","E","在下個對手的回合，受到這個招式的寶可夢無法撤退。 | 若這隻寶可夢身上放置有傷害指示物，則增加80點傷害。 | 寶可夢【V】【氣絕】時，對手獲得2張獎賞卡。","次の相手の番、このワザを受けたポケモンは、にげられない。 | このポケモンにダメカンがのっているなら、80ダメージ追加。",""
"cmo1u6xm90h7d5uee84g71e9w","地幔岩","0525","attack","E","擲1次硬幣若為正面，則在下個對手的回合，這隻寶可夢不會受到招式的傷害與效果的影響。","コインを1回投げオモテなら、次の相手の番、このポケモンはワザのダメージや効果を受けない。","Flip a coin. If heads, during your opponent’s next turn, prevent all damage from and effects of attacks done to this Pokémon."
"cmo1u6y420i0n5uee88b8sxzb","詐唬魔","0860","attack","E","擲1次硬幣若為正面，則選擇1個對手的戰鬥寶可夢身上附加的能量，將其丟棄。","コインを1回投げオモテなら、相手のバトルポケモンについているエネルギーを1個選び、トラッシュする。",""
"cmo1u6xx00hog5uee9o5cgwgg","念力土偶","0344","attack","E","從自己的棄牌區選擇【超】能量，以任意方式附於自己的寶可夢身上，直到自己的場上寶可夢身上附加的能量的數量，和對手的場上寶可夢身上附加的能量的數量相同為止。","自分の場のポケモンについているエネルギーの数が、相手の場のポケモンについているエネルギーの数と同じになるまで、自分のトラッシュからエネルギーを選び、自分のポケモンに好きなようにつける。",""
"cmo1u6y4b0i135uee5k81r3j7","圖圖犬","0235","attack","E","從自己的手牌將任意數量的基本能量給對手看過後，增加給對手看過的基本能量的屬性種類的數量×30點傷害。","自分の手札から基本エネルギーを好きなだけ相手に見せて、見せた基本エネルギーのタイプの数×30ダメージ追加。",""
"cmo1u7y5227r95ueef4vs95a8","團珠蛛","0917","attack","G","擲1次硬幣若為正面，則將對手的戰鬥寶可夢【麻痺】。","コインを1回投げオモテなら、相手のバトルポケモンをマヒにする。","Flip a coin. If heads, your opponent’s Active Pokémon is now Paralyzed."
"cmo1u6xxa0how5uee2phhccru","奈克洛茲瑪V","0800","attack","E","對手的2隻備戰寶可夢也各受到20點傷害。[在備戰區不計算弱點・抵抗力。] | 若這隻寶可夢身上附有特殊能量，則增加120點傷害。 | 寶可夢【V】【氣絕】時，對手獲得2張獎賞卡。","相手のベンチポケモン2匹にも、それぞれ20ダメージ。［ベンチは弱点・抵抗力を計算しない。］ | このポケモンに特殊エネルギーがついているなら、120ダメージ追加。",""
"cmp2dfxat2oi6116cvl8fm0a0","催眠貘","","attack","G","對手選擇對手自己的1隻備戰寶可夢，與戰鬥寶可夢互換。然後，將新上場的寶可夢【睡眠】。","相手は相手自身のベンチポケモンを1匹選び、バトルポケモンと入れ替える。その後、新しく出てきたポケモンをねむりにする。",""
"cmo1u6xxq0hpp5ueekexujg3z","師父鼬","0620","attack","E","將對手的戰鬥寶可夢【混亂】。將這隻寶可夢與附加的卡，全部放回自己的牌庫並重洗。","相手のバトルポケモンをこんらんにする。このポケモンと、ついているすべてのカードを、自分の山札にもどして切る。",""
"cmo1u7y0e27jf5ueeiq3lddjq","流氓鱷","0553","attack","G","擲硬幣直到出現反面，選擇與正面出現的次數相同數量的對手的戰鬥寶可夢身上附加的能量，將其丟棄。 | 自己的所有備戰寶可夢也各受到30點傷害。 [在備戰區不計算弱點・抵抗力。]","ウラが出るまでコインを投げ、オモテの数ぶん、相手のバトルポケモンについているエネルギーを選び、トラッシュする。 | 自分のベンチポケモン全員にも、それぞれ30ダメージ。［ベンチは弱点・抵抗力を計算しない。］","Flip a coin until you get tails. For each heads, discard an Energy from your opponent’s Active Pokémon. | This attack also does 30 damage to each of your Benched Pokémon. (Don’t apply Weakness and Resistance for Benched Pokémon.)"
"cmo1u6y1a0hvq5uee8gvf1h1r","熔岩蝸牛","0219","attack","E","擲3次硬幣，選擇與反面出現的次數相同數量的這隻寶可夢身上附加的能量，將其丟棄。","コインを3回投げ、ウラの数ぶん、このポケモンについているエネルギーを選び、トラッシュする。",""
"cmo1u6y340hyy5uee83kpphop","仙子伊布V","0700","ability","E","在自己的回合時可使用1次，若使用，則自己的回合結束。從自己的牌庫選擇1張物品卡，在給對手看過後加入手牌。並且重洗牌庫。","自分の番に1回使えて、使ったなら、自分の番は終わる。自分の山札からグッズを1枚選び、相手に見せて、手札に加える。そして山札を切る。",""
"cmo1u6y3i0hzm5ueevduqoj2c","其他月亮伊布VMAX","0197","ability","E","在自己的回合，當從手牌使出這張卡並完成進化時，可使用1次。選擇1隻對手的備戰寶可夢，與戰鬥寶可夢互換。","自分の番に、このカードを手札から出して進化させたとき、1回使える。相手のベンチポケモンを1匹選び、バトルポケモンと入れ替える。",""
"cmo1u6y6b0i4j5ueewz6rll6p","岩殿居蟹","0558","attack","E","若這隻寶可夢身上附有「寶可夢道具」，則增加90點傷害。 | 這隻寶可夢也受到30點傷害。","コインを1回投げオモテなら、60ダメージ追加。",""
"cmo1u6y680i4f5uee02apswex","萌芽鹿","0586","attack","E","從自己的手牌將任意數量的「連擊」卡給對手看過後，造成其張數×40點傷害。然後，將給對手看過的「連擊」卡放回牌庫並重洗。","場に自分のスタジアムが出ているなら、80ダメージ追加。",""
"cmo1u6y6r0i5b5ueeaxryiws9","甜冷美后","0763","attack","E","在下個對手的回合，對手無法從手牌附上「特殊能量」，也無法使出「競技場」。 | 在對手的2隻寶可夢身上各放置5個傷害指示物。 | 寶可夢【V】【氣絕】時，對手獲得2張獎賞卡。","相手のバトルポケモンのにげるためのエネルギーの数×50ダメージ追加。",""
"cmo1u7y7127ul5ueeh4wxbwvm","巴布土撥","0923","ability","G","在自己的回合時可使用1次。從自己的牌庫選擇1張「基本【雷】能量」卡，附於這隻寶可夢身上。並且重洗牌庫。","自分の番に1回使える。自分の山札から「基本エネルギー」を1枚選び、このポケモンにつける。そして山札を切る。","Once during your turn, you may search your deck for a Basic {L} Energy card and attach it to this Pokémon. Then, shuffle your deck."
"cmo1u6y770i645uee1afhdio1","小獅獅","0667","attack","E","在下個對手的回合，受到這個招式的寶可夢使用招式所需的能量與【撤退】所需的能量，各增加1個【無】能量。","",""
"cmo1u6y7c0i6c5ueeojdi8hbt","海豹球","0363","attack","E","擲2次硬幣，增加正面出現的次數×20點傷害。 | 若這隻寶可夢與對手的戰鬥寶可夢，身上附加的能量數量相同，則增加90點傷害。 | 寶可夢【V】【氣絕】時，對手獲得2張獎賞卡。","",""
"cmo1u6y8h0i8c5uee3iiydyd1","沙河馬","0449","attack","E","選擇最多3個自己的戰鬥寶可夢身上放置的傷害指示物，改放於對手的戰鬥寶可夢身上。 | 在自己的回合時，支援者卡只可使用1張。","",""
"cmo1u6tcg09rh5ueeqz12pqfl","斑斑馬","0522","attack","E","對手的1隻寶可夢受到10點傷害。[在備戰區不計算弱點・抵抗力。]","相手のポケモン1匹に、10ダメージ。［ベンチは弱点・抵抗力を計算しない。］","This attack does 10 damage to 1 of your opponent’s Pokémon. (Don’t apply Weakness and Resistance for Benched Pokémon.)"
"cmo1u810c2cow5ueed5af5sk1","冰伊布","0471","attack","H","在下個對手的回合結束時，在受到這個招式的寶可夢身上放置9個傷害指示物。","次の相手の番の終わりに、このワザを受けたポケモンにダメカンを9個のせる。","At the end of your opponent’s next turn, put 9 damage counters on the Defending Pokémon."
"cmo1u6y7e0i6g5ueec9zmg5r2","雪妖女","0478","attack","E","將身上放置有傷害指示物的對手的戰鬥寶可夢與附加的卡，全部放回對手的手牌。 | 在不看正面的情況下，選擇1張對手的手牌，將其丟棄。","次の自分の番、このポケモンはワザが使えない。",""
"cmo1u7q3t1tzg5uees1vq0n7r","巨炭山","0839","attack","H","增加這隻寶可夢身上附加的【火】能量的數量×80點傷害。 | 將對手的牌庫上方2張卡丟棄。","このポケモンについているエネルギーの数×80ダメージ追加。 | 相手の山札を上から2枚トラッシュする。","This attack does 80 more damage for each {R} Energy attached to this Pokémon. | Discard the top 2 cards of your opponent’s deck."
"cmo1u7z3229dv5uee01udeww7","奇麒麟","0981","attack","G","選擇自己或者對手任一方，被選擇的玩家將手牌全部放回牌庫並重洗。然後，被選擇的玩家從牌庫抽出4張卡。","自分または相手のどちらかを選び、選ばれたプレイヤーは、手札をすべて山札にもどして切る。その後、選ばれたプレイヤーは山札を4枚引く。",""
"cmo1u6v650cy25uee4l465rd9","伽勒爾 急凍鳥","0144","ability","E","在自己的回合，當從手牌將這張卡放置於備戰區時，可使用1次。從自己的手牌選擇最多2張【超】能量卡，附於這隻寶可夢身上。","自分の番に、このカードを手札からベンチに出したとき、1回使える。自分の手札からエネルギーを2枚まで選び、このポケモンにつける。","When you play this Pokémon from your hand onto your Bench during your turn, you may attach up to 2 {P} Energy cards from your hand to this Pokémon."
"cmo1u6yf60ijy5ueevvewo7kj","貪心栗鼠","0819","attack","E","從自己的棄牌區選擇1張「寶可夢道具」卡，在給對手看過後加入手牌。","自分のトラッシュから「ポケモンのどうぐ」を1枚選び、相手に見せて、手札に加える。",""
"cmo1u8l8e3bur5ueeas5owjk3","轟鳴月ex","1005","attack","G","將對手的戰鬥寶可夢【昏厥】。然後，這隻寶可夢受到200點傷害。 | 若希望，將場上的競技場卡丟棄。這個情況下，增加120點傷害。","相手のバトルポケモンをきぜつさせる。その後、このポケモンに200ダメージ。 | のぞむなら、場に出ているスタジアムをトラッシュする。その場合、120ダメージ追加。","Knock Out your opponent’s Active Pokémon. If your opponent’s Active Pokémon is Knocked Out in this way, this Pokémon does 200 damage to itself. | You may discard a Stadium in play. If you do, this attack does 120 more damage."
"cmo1u6yj70iqv5uee8pzhf3p4","銅象","0878","attack","E","這隻寶可夢也受到20點傷害。","このポケモンにも20ダメージ。","This Pokémon also does 20 damage to itself."
"cmo1u81cg2d9g5ueeeq6nej6z","萌芽鹿","0586","ability","H","在自己的回合時可使用1次。從自己的牌庫選擇1張競技場卡，在給對手看過後加入手牌。並且重洗牌庫。","自分の番に1回使える。自分の山札からスタジアムを1枚選び、相手に見せて、手札に加える。そして山札を切る。","Once during your turn, you may search your deck for a Stadium card, reveal it, and put it into your hand. Then, shuffle your deck."
"cmo1u6tde09t25uee28kvob71","爆焰龜獸","0776","attack","E","在下個對手的回合，當這隻寶可夢受到招式的傷害時，在使用招式的寶可夢身上放置8個傷害指示物。","次の相手の番、このポケモンがワザのダメージを受けたとき、ワザを使ったポケモンにダメカンを8個のせる。","During your opponent’s next turn, if this Pokémon is damaged by an attack (even if it is Knocked Out), put 8 damage counters on the Attacking Pokémon."
"cmo1u81lh2dof5ueeynr2tsea","電海燕","0940","attack","H","擲1次硬幣若為正面，則將對手的戰鬥寶可夢【麻痺】。","コインを1回投げオモテなら、相手のバトルポケモンをマヒにする。","Flip a coin. If heads, your opponent’s Active Pokémon is now Paralyzed."
"cmo1u6ys60j6a5uee18a1nd82","熔蟻獸","0631","attack","E","從自己的棄牌區選擇1張【火】能量卡，附於這隻寶可夢身上。 | 若身上附有的能量比使用這個招式所需的能量多3個，則對手的1隻備戰寶可夢也受到180點傷害。[在備戰區不計算弱點・抵抗力。]","自分のトラッシュからエネルギーを1枚選び、このポケモンにつける。 | このワザを使うためのエネルギーより、3個多くエネルギーがついているなら、相手のベンチポケモン1匹にも、180ダメージ。［ベンチは弱点・抵抗力を計算しない。］","Attach a {R} Energy card from your discard pile to this Pokémon. | If this Pokémon has at least 3 extra Energy attached (in addition to this attack’s cost), this attack also does 180 damage to 1 of your opponent’s Benched Pokémon. (Don’t apply Weakness and Resistance for Benched Pokémon.)"
"cmo1u7z1029aa5uee9baukiow","花岩怪","0442","ability","G","只要這隻寶可夢在場上，雙方場上【基礎】寶可夢的「寶可夢【V】」的特性全部消除。","このポケモンがいるかぎり、おたがいの場のたねポケモンの「ポケモンV」の特性は、すべてなくなる。","Basic Pokémon {V} in play (both yours and your opponent’s) have no Abilities."
"cmo1u6y990i9o5uee3uquifvt","肯泰羅","0128","attack","E","增加這隻寶可夢身上放置的傷害指示物的數量×20點傷害。將這隻寶可夢【混亂】。 | 這隻寶可夢也受到30點傷害。","このポケモンにのっているダメカンの数×20ダメージ追加。このポケモンをこんらんにする。 | このポケモンにも30ダメージ。","This attack does 20 more damage for each damage counter on this Pokémon. This Pokémon is now Confused. | This Pokémon also does 30 damage to itself."
"cmo1u6ydl0ih65ueeu4b9zlxy","蝶結萌虻","0743","attack","E","若希望，選擇1個對手的戰鬥寶可夢身上附加的能量，改附於對手的備戰寶可夢身上。","のぞむなら、相手のバトルポケモンについているエネルギーを1個選び、相手のベンチポケモンにつけ替える。",""
"cmo1u7ycg283v5ueeh9ink50b","鐵甲蛹","0011","attack","E","擲1次硬幣若為正面，則在下個對手的回合，這隻寶可夢不會受到招式的傷害。","コインを1回投げオモテなら、次の相手の番、このポケモンはワザのダメージを受けない。","For each of your Durant in play, discard the top card of your opponent’s deck."
"cmobmwaip20fl2pc7ze03je5y","伽勒爾 踏冰人偶","0866","attack","E","從自己的手牌將任意數量的名稱中有「球」的物品卡丟棄，增加其張數×40點傷害。","自分の手札から名前に「ボール」とつくグッズを好きなだけトラッシュし、その枚数×40ダメージ追加。","Discard any number of Item cards that have the word “Ball” in their name from your hand. This attack does 40 more damage for each card you discarded in this way."
"cmo1u7wvn25jy5uee6wbx3xng","燭光靈","0607","attack","I","查看自己的牌庫上方1張卡，回復原樣。若希望，將那張卡丟棄。","自分の山札を上から1枚見て、もとにもどす。のぞむなら、そのカードをトラッシュする。","Look at the top card of your deck. You may discard that card."
"cmobmwair20fp2pc7uoczgfak","水伊布","0134","ability","D","若這隻寶可夢身上附有「回憶膠囊」，則雙方的場上【火】寶可夢的特性全部消除。","このポケモンに「メモリーカプセル」がついているなら、おたがいの場のポケモンの特性は、すべてなくなる。",""
"cmo1u81jm2dlm5ueet0f8w4v4","達摩狒狒","0555","attack","H","這隻寶可夢也受到70點傷害。","このポケモンにも70ダメージ。","This Pokémon also does 70 damage to itself."
"cmo1u7pfd1stg5ueeo320o4xp","樹林龜","0388","attack","H","在下個對手的回合，這隻寶可夢受到招式的傷害「-20」點。","次の相手の番、このポケモンが受けるワザのダメージは「-20」される。","During your opponent’s next turn, this Pokémon takes 20 less damage from attacks (after applying Weakness and Resistance)."
"cmobmwaj620gd2pc78fvf6cya","雪妖女","0478","ability","E","在自己的回合，當從手牌使出這張卡並完成進化時，可使用1次。從自己的棄牌區選擇1張【水】能量卡，附於自己的寶可夢身上。","自分の番に、このカードを手札から出して進化させたとき、1回使える。自分のトラッシュからエネルギーを1枚選び、自分のポケモンにつける。",""
"cmo1u6wfb0f505ueefgiiyf4b","狙射樹梟","0724","ability","D","這隻寶可夢不會受到對手的「寶可夢【V】・【GX】」招式的傷害。","このポケモンは、相手の「ポケモンV・GX」からワザのダメージを受けない。","Prevent all damage done to this Pokémon by attacks from your opponent’s Pokémon {V} and Pokémon-{GX}."
"cmo1u8jc938pz5ueej3u6i3v4","吼鯨王V","0321","attack","D","從自己的棄牌區選擇最多3張【水】能量卡，附於這隻寶可夢身上。 | 擲3次硬幣，造成正面出現的次數×120點傷害。 | 寶可夢【V】【氣絕】時，對手獲得2張獎賞卡。","",""
"cmo1u6ydp0ihe5ueeo8ci9d3k","其他黑馬蕾冠王VMAX","0898","attack","E","增加自己的場上寶可夢身上附加的【超】能量的數量×30點傷害。 | 寶可夢【VMAX】【氣絕】時，對手獲得3張獎賞卡。","自分の場のポケモンについているエネルギーの数×30ダメージ追加。",""
"cmo1u6yej0iiu5uee6z71p3iq","長鼻葉","0274","attack","E","擲1次硬幣若為正面，則將對手的戰鬥寶可夢【麻痺】。","コインを1回投げオモテなら、相手のバトルポケモンをマヒにする。",""
"cmo1u8jfj38vg5ueeveltoku2","其他霜奶仙VMAX","0869","attack","D","附給自己的所有備戰寶可夢各1張牌庫的【超】能量卡。並且重洗牌庫。 | 將自己的場上寶可夢身上附加的任意數量的能量丟棄，造成其張數×60點傷害。 | 寶可夢【VMAX】【氣絕】時，對手獲得3張獎賞卡。","",""
"cmo1u8jm4396e5uee06xnuiq3","鍬農炮蟲V","0738","attack","D","在下個對手的回合，對手無法從手牌使出物品卡。 | 選擇2個這隻寶可夢身上附加的能量，將其丟棄。 | 寶可夢【V】【氣絕】時，對手獲得2張獎賞卡。","",""
"cmo1u8jpf39br5ueerc75qsdu","齒輪兒","0599","attack","D","從自己的牌庫選擇1張【鋼】寶可夢卡，在給對手看過後加入手牌。並且重洗牌庫。","",""
"cmo1u6yiq0iq35ueem5o6vsjk","其他鬃岩狼人VMAX","0745","attack","E","選擇1隻對手場上的剩餘HP為「60」以下的寶可夢，將其【氣絕】。 | 對手的1隻備戰寶可夢也受到30點傷害。[在備戰區不計算弱點・抵抗力。] | 寶可夢【VMAX】【氣絕】時，對手獲得3張獎賞卡。","相手の場の残りHPが「60」以下のポケモンを1匹選び、きぜつさせる。 | 相手のベンチポケモン1匹にも、30ダメージ。［ベンチは弱点・抵抗力を計算しない。］",""
"cmo1u6tdg09t65ueespmkwvds","老翁龍","0780","attack","E","若自己的備戰寶可夢身上放置有傷害指示物，則增加90點傷害。","自分のベンチポケモンにダメカンがのっているなら、90ダメージ追加。","If your Benched Pokémon have any damage counters on them, this attack does 90 more damage."
"cmo1u6yly0ivo5ueekld7lcyq","毽子棉","0189","ability","E","這隻寶可夢可使用招式2次。（若對手的戰鬥寶可夢因第1次的招式而【氣絕】了，則在下一隻寶可夢放置於戰鬥場後，使用第2次的招式。）","このポケモンは、ワザを2回連続で使える。（1回目のワザで相手のバトルポケモンがきぜつしたなら、次のポケモンがバトル場に出たあと、2回目のワザを使う。）","This Pokémon may attack twice each turn. If the first attack Knocks Out your opponent’s Active Pokémon, you may attack again after your opponent chooses a new Active Pokémon."
"cmo1u8l8q3bvb5ueeevhe1m0d","古劍豹ex","1002","ability","G","若這隻寶可夢在戰鬥場上，則在自己的回合時可使用1次。從自己的牌庫選擇最多2張「基本【水】能量」卡，在給對手看過後加入手牌。並且重洗牌庫。","",""
"cmo1u6ybk0idp5ueesmtbtpy1","敲音猴","0810","attack","E","擲2次硬幣，造成正面出現的次數×30點傷害。","コインを2回投げ、オモテの数×30ダメージ。",""
"cmo1u6ynb0iy15ueezf8kd004","伽勒爾 達摩狒狒","0555","attack","E","將對手的戰鬥寶可夢【睡眠】。 | 若這隻寶可夢身上放置有傷害指示物，則這個招式只需要1個【水】能量即可使用。","相手のバトルポケモンをねむりにする。 | このワザは、このポケモンにダメカンがのっているなら、エネルギー1個で使える。","Your opponent’s Active Pokémon is now Asleep. | If this Pokémon has any damage counters on it, this attack can be used for {W}."
"cmo1u8jke393t5ueech184snt","烈箭鷹","0663","ability","D","當這隻寶可夢在戰鬥場上受到對手的寶可夢招式的傷害時，將使用招式的寶可夢【灼傷】。","","If this Pokémon is in the Active Spot and is damaged by an attack from your opponent’s Pokémon (even if this Pokémon is Knocked Out), the Attacking Pokémon is now Burned."
"cmo1u7ptp1ti15ueegam7pbi6","電蜘蛛ex","0596","attack","H","只要這隻寶可夢在備戰區，不會受到招式的傷害。 | 若對手的戰鬥寶可夢為「寶可夢【ex】・【V】」，則增加110點傷害。 | 將這隻寶可夢身上附加的能量卡全部丟棄。在下個對手的回合，對手無法從手牌使出物品卡。","相手のバトルポケモンが「ポケモンex・V」なら、110ダメージ追加。 | このポケモンについているエネルギーを、すべてトラッシュする。次の相手の番、相手は手札からグッズを出して使えない。","If your opponent’s Active Pokémon is a Pokémon {ex} or Pokémon {V}, this attack does 110 more damage. | Discard all Energy from this Pokémon. During your opponent’s next turn, they can’t play any Item cards from their hand."
"cmo1u81lv2doz5uee1y0l8ia2","勇基拉","0064","attack","H","增加對手的戰鬥寶可夢身上附加的能量的數量×30點傷害。","相手のバトルポケモンについているエネルギーの数×30ダメージ追加。","This attack does 30 more damage for each Energy attached to your opponent’s Active Pokémon."
"cmo1u6yd60igh5ueeeu5tpiqo","勾魂眼","0302","attack","E","從自己的牌庫選擇1張訓練家卡，在給對手看過後加入手牌。並且重洗牌庫。 | 在下個對手的回合，受到這個招式的寶可夢無法撤退。","自分の山札からトレーナーズを1枚選び、相手に見せて、手札に加える。そして山札を切る。 | 次の相手の番、このワザを受けたポケモンは、にげられない。","Search your deck for a Trainer card, reveal it, and put it into your hand. Then, shuffle your deck. | During your opponent’s next turn, the Defending Pokémon can’t retreat."
"cmo1u82fy2f205ueeartubtnx","鐵包袱","0991","attack","H","減少對手的戰鬥寶可夢【撤退】所需的能量的數量×50點傷害。","相手のバトルポケモンのにげるためのエネルギーの数×50ダメージぶん、このワザのダメージは小さくなる。","This attack does 50 less damage for each {C} in your opponent’s Active Pokémon’s Retreat Cost."
"cmo1u8jha38yg5ueeh2znfl54","無極汰那V","0890","attack","D","若希望，從自己的手牌選擇1張【惡】能量卡，附於備戰寶可夢身上。 | 若對手的戰鬥寶可夢為「寶可夢【VMAX】」，則增加120點傷害。 | 寶可夢【V】【氣絕】時，對手獲得2張獎賞卡。","",""
"cmobmw9ml1z0r2pc7ut7jxq3f","其他夢幻VMAX","0151","attack","E","選擇自己的備戰區的「匯流」寶可夢持有的1個招式，作為這個招式使用。 | 這個招式的傷害不計算對手的戰鬥寶可夢身上的附加效果。 | 寶可夢【VMAX】【氣絕】時，對手獲得3張獎賞卡。","自分のベンチの「フュージョン」のポケモンが持っているワザを1つ選び、このワザとして使う。 | このワザのダメージは、相手のバトルポケモンにかかっている効果を計算しない。",""
"cmobmwa9o200v2pc7jq1qwoew","破破袋","0568","attack","E","從自己的牌庫選擇1張【基礎】寶可夢卡，放置於備戰區。並且重洗牌庫。 | 將對手的戰鬥寶可夢【中毒】。","自分の山札からたねポケモンを1枚選び、ベンチに出す。そして山札を切る。 | 相手のバトルポケモンをどくにする。",""
"cmo1u7o6v1qov5ueefphfuzm9","鋁鋼橋龍ex","1018","ability","H","在自己的回合，從手牌使出這張卡並完成進化時，可使用1次。從自己的棄牌區選擇最多2張「基本【鋼】能量」卡，以任意方式附於自己的【鋼】寶可夢身上。","自分の番に、このカードを手札から出して進化させたとき、1回使える。自分のトラッシュから「基本エネルギー」を2枚まで選び、自分のポケモンに好きなようにつける。","When you play this Pokémon from your hand to evolve 1 of your Pokémon during your turn, you may attach up to 2 Basic {M} Energy cards from your discard pile to your {M} Pokémon in any way you like."
"cmo1u6ye00ihy5uee95r9x3eo","好勝蟹","0739","attack","E","擲2次硬幣，造成正面出現的次數×40點傷害。","コインを2回投げ、オモテの数×40ダメージ。",""
"cmo1u7yep287s5uee4r2pokn3","派拉斯","0046","attack","G","將對手的戰鬥寶可夢【睡眠】。","相手のバトルポケモンをねむりにする。",""
"cmo1u8l8o3bv75ueeiemh7mqi","噴火龍ex","0006","ability","G","在自己的回合，從手牌使出這張卡並完成進化時，可使用1次。從自己的牌庫選擇最多3張「基本【火】能量」卡，以任意方式附於自己的寶可夢身上。並且重洗牌庫。","",""
"cmo1u7p2w1s805ueeex1ncmjj","妖火紅狐","0655","ability","J","在自己的回合，若從自己的手牌將1張「基本【火】能量」卡丟棄，則可使用1次。從牌庫抽卡直到自己的手牌滿7張為止。","自分の番に、自分の手札から「基本エネルギー」を1枚トラッシュするなら、1回使える。自分の手札が7枚になるように、山札を引く。",""
"cmobmwa9w20182pc7wvhnkfxa","禿鷹娜","0630","attack","E","在下個對手的回合，無法從手牌使出寶可夢將受到這個招式的寶可夢進化。","次の相手の番、このワザを受けたポケモンは、手札からポケモンを出して進化できない。","During your opponent’s next turn, Pokémon can’t be played from your opponent’s hand to evolve the Defending Pokémon."
"cmobmw9pz1z652pc7j2i1or2b","蓋諾賽克特V","0649","ability","E","在自己的回合時，可使用1次。從牌庫抽卡直到自己的手牌的張數與自己的場上「匯流」寶可夢的數量相同為止。","自分の番に1回使える。自分の手札の枚数が、自分の場の「フュージョン」のポケモンの数と同じ枚数になるように、山札を引く。",""
"cmo1u7y8p27xi5ueezbqcpxr6","藏飽栗鼠","0820","attack","G","若這隻寶可夢附有「寶可夢道具」卡，則增加80點傷害。","このポケモンに「ポケモンのどうぐ」がついているなら、80ダメージ追加。","If this Pokémon has a Pokémon Tool attached, this attack does 80 more damage."
"cmo1u7yfh28945uee47xy15cb","卡蒂狗","0058","attack","G","選擇1個對手的戰鬥寶可夢身上附加的【水】能量，將其丟棄。","相手のバトルポケモンについているエネルギーを1個選び、トラッシュする。","Discard a {W} Energy from your opponent’s Active Pokémon."
"cmobmwaat202o2pc7wj3wp85o","黏美龍","0706","ability","E","只要這隻寶可夢在戰鬥場上，對手從手牌將能量附於寶可夢身上時，附上前擲1次硬幣。若為反面，則那個能量不附上，將其丟棄。","このポケモンがバトル場にいるかぎり、相手は手札からエネルギーをポケモンにつけるとき、つける前にコインを1回投げる。ウラなら、そのエネルギーはつけたことにならず、トラッシュする。","As long as this Pokémon is in the Active Spot, whenever your opponent tries to attach an Energy card from their hand to a Pokémon, they must flip a coin. If tails, your opponent discards that Energy card instead of attaching it, and this doesn’t use up their Energy attachment for the turn."
"cmo1u8i7x36tz5ueemfw88a6q","毒骷蛙","0454","ability","D","只要這隻寶可夢在場上，對手的戰鬥寶可夢因【中毒】而放置的傷害指示物的數量增加2個。","","Put 2 more damage counters on your opponent’s Poisoned Pokémon during Pokémon Checkup."
"cmo1u6yee0iim5ueemst4eeh1","其他巨金怪VMAX","0376","attack","E","在下個自己的回合，這隻寶可夢「極巨衝刺」的傷害「+150」點。 | 寶可夢【VMAX】【氣絕】時，對手獲得3張獎賞卡。","自分の山札から好きなカードを2枚まで選び、手札に加える。そして山札を切る。 | 次の自分の番、このポケモンの「ダイラッシュ」のダメージは「+150」される。",""
"cmo1u7ygt28bg5ueeytrf7s7d","呆呆獸","0079","attack","G","將這隻寶可夢恢復「30」HP，特殊狀態也全部恢復。","このポケモンのHPを「30」回復し、特殊状態もすべて回復する。",""
"cmo1u6ye90iie5ueembabqzkl","飄浮泡泡","0351","ability","E","若自己的棄牌區有8張以上的「競技場」卡，則這隻寶可夢使用招式所需的能量全部消除。","自分のトラッシュに「スタジアム」が8枚以上あるなら、このポケモンがワザを使うためのエネルギーは、すべてなくなる。","If you have 8 or more Stadium cards in your discard pile, ignore all Energy in this Pokémon’s attack costs."
"cmo1u7q4x1u1c5ueeko9ab762","厄鬼椪 礎石面具ex","1017","ability","H","這隻寶可夢不會受到對手的擁有特性的寶可夢招式的傷害。","このポケモンは、相手の特性を持つポケモンからワザのダメージを受けない。","Prevent all damage from attacks done to this Pokémon by your opponent’s Pokémon that have an Ability."
"cmo1u8j7a38i65ueeaxfftsez","薩戮德","0893","attack","E","從自己的牌庫選擇1張【草】寶可夢卡，在給對手看過後加入手牌。並且重洗牌庫。若在後攻玩家的最初回合使用，則可加入手牌的【草】寶可夢卡張數改為最多3張。 | 增加這隻寶可夢身上附加的【草】能量的數量×20點傷害。","","Search your deck for a {G} Pokémon, reveal it, and put it into your hand. If you go second and it’s your first turn, search for up to 3 {G} Pokémon instead of 1. Then, shuffle your deck. | This attack does 20 more damage for each {G} Energy attached to this Pokémon."
"cmp2dgk5e3jrf116c8wcdpb62","鐵包袱","","ability","G","若這隻寶可夢在備戰區，則在自己的回合時可使用1次。將對手的戰鬥寶可夢與備戰寶可夢互換（由對手選擇放置於戰鬥場的寶可夢）。然後，將這隻寶可夢與附加的卡全部丟棄。","","Once during your turn, if this Pokémon is on your Bench, you may switch out your opponent’s Active Pokémon to the Bench. (Your opponent chooses the new Active Pokémon.) If you do, discard this Pokémon and all attached cards."
"cmo1u8kq63azi5ueepaoj89w4","閃焰王牌","0815","ability","E","這隻寶可夢使用的招式，對對手的戰鬥寶可夢造成的傷害，依對手已經獲得的獎賞卡每1張「+30」點。","","This Pokémon’s attacks do 30 more damage to your opponent’s Active Pokémon for each Prize card your opponent has taken (before applying Weakness and Resistance)."
"cmo1u8ihb37a65uee98n3po0h","瑪力露","0183","attack","E","對手的1隻備戰寶可夢受到20點傷害。[在備戰區不計算弱點・抵抗力。] | 造成自己的備戰區的，持有「一同滾動」招式的寶可夢的數量×20點傷害。","","This attack does 20 damage to 1 of your opponent’s Benched Pokémon. (Don’t apply Weakness and Resistance for Benched Pokémon.) | This attack does 20 damage for each of your Benched Pokémon that has the Let’s All Rollout attack."
"cmobmwabc203k2pc7063lxjun","其他藏飽栗鼠VMAX","0820","attack","E","若這個招式的傷害將對手的【基礎】寶可夢【氣絕】，則多獲得2張獎賞卡。 | 從自己的牌庫抽出3張卡。 | 寶可夢【VMAX】【氣絕】時，對手獲得3張獎賞卡。","このワザのダメージで、相手のたねポケモンがきぜつしたなら、サイドを2枚多くとる。 | 自分の山札を3枚引く。",""
"cmo1u7z2d29cn5ueegi156w64","古鼎鹿ex","1003","ability","G","只要這隻寶可夢在戰鬥場上，對手場上的身上放置有傷害指示物的寶可夢（寶可夢【ex】除外）的特性全部消除。","このポケモンがバトル場にいるかぎり、相手の場のダメカンがのっているポケモン（ポケモンexをのぞく）の特性は、すべてなくなる。","As long as this Pokémon is in the Active Spot, your opponent’s Pokémon in play that have any damage counters on them have no Abilities, except for Pokémon {ex}."
"cmobmwafg20af2pc7to2xej30","索爾迦雷歐","0791","ability","E","若這隻寶可夢在備戰區，則在自己的回合時可使用1次。將這隻寶可夢與自己的戰鬥寶可夢互換。","このポケモンがベンチにいるなら、自分の番に1回使える。このポケモンを自分のバトルポケモンと入れ替える。","Once during your turn, if this Pokémon is on your Bench, you may switch it with your Active Pokémon."
"cmo1u8inq37l45uee2ct9m7t4","千針魚","0211","ability","E","當這隻寶可夢在戰鬥場上受到對手的寶可夢招式的傷害而【氣絕】時，在使用招式的寶可夢身上放置6個傷害指示物。","","If this Pokémon is in the Active Spot and is Knocked Out by damage from an attack from your opponent’s Pokémon, put 6 damage counters on the Attacking Pokémon."
"cmo1u70wi0mtd5ueenoyylg3q","伊布","0133","attack","E","擲硬幣直到出現反面，造成正面出現的次數×30點傷害。","ウラが出るまでコインを投げ、オモテの数×30ダメージ。",""
"cmobmx4s43cvi2pc70861h0o7","沙河馬","0449","attack","H","‌將對手的戰鬥寶可夢與備戰寶可夢互換。[由對手選擇放置於戰鬥場的寶可夢。]","","Switch out your opponent’s Active Pokémon to the Bench. (Your opponent chooses the new Active Pokémon.)"
"cmo1u81ma2dpj5ueedrpb6ail","沙丘娃","0769","attack","H","在下個對手的回合，受到這個招式的寶可夢使用招式時，對手擲1次硬幣。若為反面，則那個招式失敗。","次の相手の番、このワザを受けたポケモンがワザを使うとき、相手はコインを1回投げる。ウラならそのワザは失敗。","During your opponent’s next turn, if the Defending Pokémon tries to use an attack, your opponent flips a coin. If tails, that attack doesn’t happen."
"cmobmx4s63cvm2pc71lvf8ohs","河馬獸","0450","attack","H","雙方的所有身上放置有傷害指示物的備戰寶可夢也各受到40點傷害。[在備戰區不計算弱點・抵抗力。]","","This attack also does 40 damage to each Benched Pokémon that has any damage counters on it (both yours and your opponent’s). (Don’t apply Weakness and Resistance for Benched Pokémon.)"
"cmobmwahy20eg2pc7xahmpeua","火伊布","0136","ability","D","若這隻寶可夢身上附有「回憶膠囊」，則雙方的場上【草】寶可夢的特性全部消除。","このポケモンに「メモリーカプセル」がついているなら、おたがいの場のポケモンの特性は、すべてなくなる。",""
"cmo1u6yoe0izx5uee80d2tzch","快龍V","0149","attack","E","自己的所有備戰寶可夢也各受到20點傷害。[在備戰區不計算弱點・抵抗力。] | 寶可夢【V】【氣絕】時，對手獲得2張獎賞卡。","このワザのダメージは、相手のバトルポケモンにかかっている効果を計算しない。 | 自分のベンチポケモン全員にも、それぞれ20ダメージ。［ベンチは弱点・抵抗力を計算しない。］",""
"cmobmwaiw20fx2pc7i3rl4z4s","章魚桶","0224","ability","E","在自己的回合時，可使用1次。從自己的牌庫選擇1張「連擊」卡，在給對手看過後加入手牌。並且重洗牌庫。在這個回合，若已經使出了其他的「連擊搜索」，則這個特性無法使用。","自分の番に1回使える。自分の山札から「れんげき」のカードを1枚選び、相手に見せて、手札に加える。そして山札を切る。この番、すでに別の「れんげきサーチ」を使っていたなら、この特性は使えない。",""
"cmo1u6yhs0iof5ueewd4h3vk9","快拳郎","0107","attack","E","若對手的戰鬥寶可夢為進化寶可夢，則增加50點傷害。 | 這個招式的傷害不計算抵抗力。","相手のバトルポケモンが進化ポケモンなら、50ダメージ追加。 | このワザのダメージは抵抗力を計算しない。","If your opponent’s Active Pokémon is an Evolution Pokémon, this attack does 50 more damage. | This attack’s damage isn’t affected by Resistance."
"cmo1u7wo225785ueezmewyhh0","<火箭隊的>閃電鳥","0145","attack","I","若希望，選擇1個對手的戰鬥寶可夢身上附加的能量，改附於對手的備戰寶可夢身上。 | 若這隻寶可夢身上附有「火箭隊能量」，則增加60點傷害。","のぞむなら、相手のバトルポケモンについているエネルギーを1個選び、相手のベンチポケモンにつけ替える。 | このポケモンに「ロケット団エネルギー」がついているなら、60ダメージ追加。","You may move an Energy from your opponent’s Active Pokémon to 1 of their Benched Pokémon. | If this Pokémon has any Team Rocket’s Energy attached, this attack does 60 more damage."
"cmobmw9nf1z232pc7o103flhw","其他布莉姆溫VMAX","0858","ability","F","在自己的回合時，可使用1次。選擇最多2個放置於自己的場上寶可夢身上的傷害指示物，改放於對手的戰鬥寶可夢身上。","自分の番に1回使える。自分の場のポケモンにのっているダメカンを2個まで選び、相手のバトルポケモンにのせ替える。",""
"cmo1u7pfw1suc5ueehx6gxsea","木棉球","0546","attack","I","將這隻寶可夢恢復「10」HP。","このポケモンのHPを「10」回復する。","Heal 10 damage from this Pokémon."
"cmo1u7o5j1qmm5ueellh8mrx7","<火箭隊的>黑暗鴉","0198","attack","I","從自己的牌庫選擇1張支援者卡，在給對手看過後加入手牌。並且重洗牌庫。 | 選擇1個對手的戰鬥寶可夢持有的招式。在下個對手的回合，受到這個招式的寶可夢無法使用被選擇的招式。","自分の山札からサポートを1枚選び、相手に見せて、手札に加える。そして山札を切る。 | 相手のバトルポケモンが持つワザを1つ選ぶ。次の相手の番、このワザを受けたポケモンは、選ばれたワザが使えない。","Search your deck for a Supporter card, reveal it, and put it into your hand. Then, shuffle your deck. | Choose 1 of your opponent’s Active Pokémon’s attacks. During your opponent’s next turn, that Pokémon can’t use that attack."
"cmo1u7pz71tri5uee02mi3a0q","莉莉艾的花療環環","0764","attack","I","從自己的牌庫選擇任意數量的【基礎】寶可夢的「莉莉艾的寶可夢」，放置於備戰區。並且重洗牌庫。 | 將這隻寶可夢與附加的卡，全部放回手牌。","自分の山札からたねポケモンの「リーリエのポケモン」を好きなだけ選び、ベンチに出す。そして山札を切る。 | このポケモンと、ついているすべてのカードを、手札にもどす。","You may search your deck for any number of Basic Lillie’s Pokémon and put them onto your Bench. Then, shuffle your deck. | Put this Pokémon and all attached cards into your hand."
"cmo1u7ykd28hl5ueesd7l1fhv","水伊布","0134","attack","G","將這隻寶可夢恢復「30」HP。 | 若對手的戰鬥寶可夢為「寶可夢【ex】・【V】」，則增加90點傷害。","このポケモンのHPを「30」回復する。 | 相手のバトルポケモンが「ポケモンex・V」なら、90ダメージ追加。","Heal 30 damage from this Pokémon. | If your opponent’s Active Pokémon is a Pokémon {ex} or Pokémon {V}, this attack does 90 more damage."
"cmo1u8lab3by05ueeernqwgzj","<赫普的>啪嚓海膽ex","0871","ability","I","這隻寶可夢在戰鬥場受到對手的寶可夢招式的傷害時，在使用招式的寶可夢身上放置3個傷害指示物。","このポケモンが、バトル場で相手のポケモンからワザのダメージを受けたとき、ワザを使ったポケモンにダメカンを3個のせる。","If this Pokémon is in the Active Spot and is damaged by an attack from your opponent’s Pokémon (even if this Pokémon is Knocked Out), place 3 damage counters on the Attacking Pokémon."
"cmo1u83f42gpq5ueelhtq398b","幼基拉斯","0246","attack","I","擲1次硬幣若為正面，則選擇1個對手的戰鬥寶可夢身上附加的能量，將其丟棄。","コインを1回投げオモテなら、相手のバトルポケモンについているエネルギーを1個選び、トラッシュする。","Flip a coin. If heads, discard an Energy from your opponent’s Active Pokémon."
"cmo1u7wyh25ov5ueemf1pogin","蜈蚣王","0545","ability","I","這隻寶可夢在戰鬥場上受到對手的寶可夢招式的傷害時，將使用招式的寶可夢【中毒】。","このポケモンが、バトル場で相手のポケモンからワザのダメージを受けたとき、ワザを使ったポケモンをどくにする。","If this Pokémon is in the Active Spot and is damaged by an attack from your opponent’s Pokémon (even if this Pokémon is Knocked Out), the Attacking Pokémon is now Poisoned."
"cmp2dgkbf3jze116ckf2grov7","木木梟","","attack","H","從自己的牌庫抽出1張卡。","自分の山札を1枚引く。","Draw a card."
"cmobmw4271q3s2pc7598acj5m","脫殼忍者","0292","ability","I","這隻寶可夢就算受到對手的「寶可夢【ex】」招式的傷害而【昏厥】，對手也無法獲得獎賞卡。","このポケモンが、相手の「ポケモンex」からワザのダメージを受けてきぜつしても、相手はサイドをとれない。","If this Pokémon is Knocked Out by damage from an attack from your opponent’s Pokémon {ex}, your opponent can’t take any Prize cards for it."
"cmo1u8lde3c3d5ueem099fbmn","纏紅鶴","0973","attack","G","增加對手的備戰寶可夢的數量×20點傷害。","","This attack does 20 more damage for each of your opponent’s Benched Pokémon."
"cmo1u6yk10isc5ueemu5skdrm","懶人獺","0287","attack","E","將這隻寶可夢【睡眠】。","このポケモンをねむりにする。",""
"cmo1u81lr2dov5ueehm9ge1uo","凱西","0063","ability","H","若這隻寶可夢在戰鬥場上，則在自己的回合時可使用1次。將這隻寶可夢與附加的卡，全部放回自己的牌庫並重洗。","このポケモンがバトル場にいるなら、自分の番に1回使える。このポケモンと、ついているすべてのカードを、自分の山札にもどして切る。","Once during your turn, if this Pokémon is in the Active Spot, you may shuffle it and all attached cards into your deck."
"cmo1u7wme254c5ueewvrxux2j","<火箭隊的>索偵蟲","0824","attack","I","選擇1張對手的反面朝上的獎賞卡，查看那張卡的正面後，回復原樣。","ウラになっている相手のサイドを1枚選び、そのカードのオモテを見て、もとにもどす。","Look at 1 of your opponent’s face-down Prize cards."
"cmo1u7z8b29mx5ueeysneml3p","晶光芽","0969","attack","G","從自己的牌庫選擇1張從這隻寶可夢進化而來的卡，放置於這隻寶可夢身上完成進化。並且重洗牌庫。","このポケモンから進化するカードを、自分の山札から1枚選び、このポケモンにのせて進化させる。そして山札を切る。","Search your deck for a card that evolves from this Pokémon and put it onto this Pokémon to evolve it. Then, shuffle your deck."
"cmo1u6yke0it05uee7fd1auru","毛毛角羊","0832","attack","E","若希望，將這隻寶可夢與備戰寶可夢互換。","のぞむなら、このポケモンをベンチポケモンと入れ替える。","You may switch this Pokémon with 1 of your Benched Pokémon."
"cmo1u6yjy0is75ueewsx0gxe3","請假王","0289","ability","E","若場上有競技場卡，則這隻寶可夢無法使用招式。","場にスタジアムが出ているなら、このポケモンはワザが使えない。","If a Stadium is in play, this Pokémon can’t attack."
"cmo1u7xtv27855ueeqlj3drz5","帕底亞 肯泰羅","0128","attack","G","增加這隻寶可夢身上放置的傷害指示物的數量×10點傷害。 | 這隻寶可夢也受到30點傷害。","このポケモンにのっているダメカンの数×10ダメージ追加。 | このポケモンにも30ダメージ。","This attack does 10 more damage for each damage counter on this Pokémon. | This Pokémon also does 30 damage to itself."
"cmo1u7q4g1u0k5ueet6nelgkz","毛崖蟹","0950","attack","I","擲2次硬幣，選擇與正面出現的次數相同數量的對手的戰鬥寶可夢身上附加的能量，將其丟棄。","コインを2回投げ、オモテの数ぶん、相手のバトルポケモンについているエネルギーを選び、トラッシュする。","Flip 2 coins. For each heads, discard an Energy from your opponent’s Active Pokémon."
"cmo1u6ylw0ivk5uee9ymohnap","熱帶龍","0357","attack","E","若在上個對手的回合，自己的寶可夢因招式的傷害而【氣絕】了，則增加90點傷害。","前の相手の番に、ワザのダメージで、自分のポケモンがきぜつしていたなら、90ダメージ追加。","If any of your Pokémon were Knocked Out by damage from an attack from your opponent’s Pokémon during their last turn, this attack does 90 more damage."
"cmo1u7wnf25645ueeidfsg6a8","珍珠貝","0366","attack","I","在下個對手的回合，這隻寶可夢受到招式的傷害「-10」點。","次の相手の番、このポケモンが受けるワザのダメージは「-10」される。",""
"cmo1u7y0z27kf5ueerlutsoud","飯匙蛇","0336","attack","G","將對手的戰鬥寶可夢【中毒】。 | 若對手的戰鬥寶可夢【中毒】，則增加120點傷害。","相手のバトルポケモンをどくにする。 | 相手のバトルポケモンがどくなら、120ダメージ追加。",""
"cmo1u6ymy0ixg5ueepmlddrpz","焚焰蚣","0851","attack","E","在下個自己的回合，這隻寶可夢使用的招式，對對手的戰鬥寶可夢造成的傷害「+90」點。","次の自分の番、このポケモンが使うワザの、相手のバトルポケモンへのダメージは「+90」される。","During your next turn, this Pokémon’s attacks do 90 more damage to your opponent’s Active Pokémon (before applying Weakness and Resistance)."
"cmo1u7pfk1sts5ueej0to23cs","葉伊布ex","0470","attack","H","造成對手的所有寶可夢身上附加的能量的數量×60點傷害。 | 將自己的所有備戰寶可夢各恢復「100」HP。","相手のポケモン全員についているエネルギーの数×60ダメージ。 | 自分のベンチポケモン全員のHPを、それぞれ「100」回復する。","This attack does 60 damage for each Energy attached to all of your opponent’s Pokémon. | Heal 100 damage from each of your Benched Pokémon."
"cmo1u7peo1ss85uee2uustzrb","赫拉克羅斯","0214","attack","H","擲1次硬幣若為正面，則將對手的戰鬥寶可夢【麻痺】。","コインを1回投げオモテなら、相手のバトルポケモンをマヒにする。","Flip a coin. If heads, your opponent’s Active Pokémon is now Paralyzed."
"cmo1u6ynd0iy55ueesxuk8d3g","弱丁魚","0746","ability","E","若這隻寶可夢身上附有3個以上【水】能量，則這隻寶可夢的最大HP增加「150」。","このポケモンにエネルギーが3個以上ついているなら、このポケモンの最大HPは「150」大きくなる。","If this Pokémon has 3 or more {W} Energy attached, it gets +150 HP."
"cmp2dfyxq2qrb116cuoh1hocy","烈咬陸鯊ex","","attack","G","只要這隻寶可夢在備戰區，不會受到招式的傷害。 | 從自己的棄牌區選擇最多3張「基本【鬥】能量」卡，以任意方式附於備戰寶可夢身上。 | 將2個這隻寶可夢身上附加的能量丟棄，對手的1隻寶可夢受到120點傷害。[在備戰區不計算弱點・抵抗力。]","自分のトラッシュから「基本エネルギー」を3枚まで選び、ベンチポケモンに好きなようにつける。 | このポケモンについているエネルギーを2個トラッシュし、相手のポケモン1匹に、120ダメージ。［ベンチは弱点・抵抗力を計算しない。］","Attach up to 3 Basic {F} Energy cards from your discard pile to your Benched Pokémon in any way you like."
"cmo1u7y8d27wy5uee3bua8oph","佛烈托斯","0205","attack","G","擲硬幣直到出現反面，造成正面出現的次數×50點傷害。 | 在下個對手的回合，這隻寶可夢受到招式的傷害「-50」點。","ウラが出るまでコインを投げ、オモテの数×50ダメージ。 | 次の相手の番、このポケモンが受けるワザのダメージは「-50」される。",""
"cmp2xpu860wtb10781jzamurl","大針蜂ex","","attack","J","造成自己的場上的「大針蜂（包含『寶可夢【ex】』）」的數量×110點傷害。","自分の場の「スピアー（『ポケモンex』をふくむ）」の数×110ダメージ。",""
"cmobmwaa1201g2pc7go0z6ru6","龍頭地鼠","0530","attack","E","在下個對手的回合，受到這個招式的寶可夢無法撤退。","次の相手の番、このワザを受けたポケモンは、にげられない。","During your opponent’s next turn, the Defending Pokémon can’t retreat."
"cmo1u7o6n1qoj5ueeehmilaih","蓋諾賽克特ex","0649","ability","I","在自己的回合時可使用1次。從自己的牌庫選擇最多2張【鋼】屬性的進化寶可夢卡，在給對手看過後加入手牌。並且重洗牌庫。","自分の番に1回使える。自分の山札からタイプの進化ポケモンを2枚まで選び、相手に見せて、手札に加える。そして山札を切る。","Once during your turn, you may search your deck for up to 2 Evolution {M} Pokémon, reveal them, and put them into your hand. Then, shuffle your deck."
"cmo1u7pul1tjl5ueeadrpk3ef","逐電犬","0836","attack","H","從自己的牌庫選擇最多2張「基本【雷】能量」卡，以任意方式附於備戰寶可夢身上。並且重洗牌庫。","自分の山札から「基本エネルギー」を2枚まで選び、ベンチポケモンに好きなようにつける。そして山札を切る。","Search your deck for up to 2 Basic {L} Energy cards and attach them to your Benched Pokémon in any way you like. Then, shuffle your deck."
"cmo1u6wbg0eyb5uee7fy3vdl6","顫弦蠑螈","0849","attack","D","擲1次硬幣若為正面，則將對手的牌庫上方5張卡丟棄。若為反面，則將自己的牌庫上方5張卡丟棄。 | 這隻寶可夢也受到30點傷害。","コインを1回投げオモテなら、相手の山札を上から5枚トラッシュする。ウラなら、自分の山札を上から5枚トラッシュする。 | このポケモンにも30ダメージ。","Flip a coin. If heads, discard the top 5 cards of your opponent’s deck. If tails, discard the top 5 cards of your deck. | This Pokémon also does 30 damage to itself."
"cmo1u83n82h3l5ueehhswixi4","洛托姆","0479","attack","I","在不看正面的情況下，從對手的手牌選擇1張，查看那張卡的正面後放回對手的牌庫並重洗。 | 造成自己的所有寶可夢身上附加的「寶可夢道具」卡的數量×30點傷害。","相手の手札からオモテを見ないで1枚選び、そのカードのオモテを見て、相手の山札にもどして切る。 | 自分のポケモン全員についている「ポケモンのどうぐ」の数×30ダメージ。","Choose a random card from your opponent’s hand. Your opponent reveals that card and shuffles it into their deck. | This attack does 30 damage for each Pokémon Tool attached to all of your Pokémon."
"cmo1u7qa11u9y5ueeqkbgzv0u","騎士蝸牛","0589","attack","I","這隻寶可夢也受到30點傷害。","このポケモンにも30ダメージ。","This Pokémon also does 30 damage to itself."
"cmo1u7qay1ubm5uee2ghh1eb1","赫普的鋼鎧鴉","0823","attack","I","對手的1隻備戰寶可夢也受到50點傷害。[在備戰區不計算弱點・抵抗力。] | 在下個對手的回合，這隻寶可夢受到招式的傷害「-60」點。","相手のベンチポケモン1匹にも、50ダメージ。［ベンチは弱点・抵抗力を計算しない。］ | 次の相手の番、このポケモンが受けるワザのダメージは「-60」される。","This attack also does 50 damage to 1 of your opponent’s Benched Pokémon. (Don’t apply Weakness and Resistance for Benched Pokémon.) | During your opponent’s next turn, this Pokémon takes 60 less damage from attacks (after applying Weakness and Resistance)."
"cmo1u7qc31udi5ueer64rw9xk","阿羅拉 椰蛋樹ex","0103","attack","H","從自己的手牌選擇任意數量的基本能量卡，以任意方式附於自己的寶可夢身上。 | 擲1次硬幣若為正面，則將對手的戰鬥場的【基礎】寶可夢【昏厥】。若為反面，則選擇1隻對手的備戰區的【基礎】寶可夢，將其【昏厥】。","自分の手札から基本エネルギーを好きなだけ選び、自分のポケモンに好きなようにつける。 | コインを1回投げオモテなら、相手のバトル場のたねポケモンをきぜつさせる。ウラなら、相手のベンチのたねポケモンを1匹選び、きぜつさせる。","You may attach any number of Basic Energy cards from your hand to your Pokémon in any way you like."
"cmo1u7zg82a0j5ueecg2b1bes","晶光花ex","0970","ability","G","只要這隻寶可夢在戰鬥場上，對手的可放置於備戰區的寶可夢數量改為3隻。若對手的備戰區有4隻以上，則對手將寶可夢丟棄直到備戰寶可夢變為3隻為止。[變更備戰寶可夢數量的效果，以變少者為優先。]","このポケモンがバトル場にいるかぎり、相手がベンチに出せるポケモンの数は3匹になる。相手のベンチに4匹以上いるなら、相手はベンチが3匹になるまでポケモンをトラッシュする。［ベンチの数を変更する効果は、少ない数が優先される。］","As long as this Pokémon is in the Active Spot, your opponent can’t have more than 3 Benched Pokémon. If they have 4 or more Benched Pokémon, they discard Benched Pokémon until they have 3 Pokémon on the Bench. If more than one effect changes the number of Benched Pokémon allowed, use the smaller number."
"cmo1u6yrv0j5u5ueel0t5og9r","海星星","0120","attack","E","從自己的手牌選擇1張【水】能量卡，附於這隻寶可夢身上。","自分の手札からエネルギーを1枚選び、このポケモンにつける。","Attach a {W} Energy card from your hand to this Pokémon."
"cmo1u83fs2gqv5uee6ec8k8xv","雙彈瓦斯","0110","attack","I","將對手的戰鬥寶可夢【混亂】。 | 在上個自己的回合，若這隻寶可夢使出了「充滿瓦斯」，則增加120點傷害。","相手のバトルポケモンをこんらんにする。 | 前の自分の番に、このポケモンが「じゅうまんガス」を使っていたなら、120ダメージ追加。","Your opponent’s Active Pokémon is now Confused. | If this Pokémon used Pervasive Gas during your last turn, this attack does 120 more damage."
"cmo1u7yig28e95ueet94omaj1","卡拉卡拉","0104","ability","G","只要這隻寶可夢在備戰區，自己的「嘎啦嘎啦」使用的招式，對對手的戰鬥寶可夢造成的傷害「+30」點。","このポケモンがベンチにいるかぎり、自分の「ガラガラ」が使うワザの、相手のバトルポケモンへのダメージは「+30」される。","As long as this Pokémon is on your Bench, attacks used by your Marowak do 30 more damage to your opponent’s Active Pokémon (before applying Weakness and Resistance)."
"cmo1u6v5k0cx25ueed2zt7l1p","茸茸羊","0180","ability","E","在自己的回合時，可使用1次。從自己的棄牌區選擇1張【雷】能量卡，附於備戰寶可夢身上。","自分の番に1回使える。自分のトラッシュからエネルギーを1枚選び、ベンチポケモンにつける。","Once during your turn, you may attach a {L} Energy card from your discard pile to 1 of your Benched Pokémon."
"cmo1u7pyb1tpy5ueealf0nhpj","小灰怪","0605","attack","H","擲1次硬幣若為正面，則在下個對手的回合，這隻寶可夢不會受到招式的傷害與效果的影響。","コインを1回投げオモテなら、次の相手の番、このポケモンはワザのダメージや効果を受けない。",""
"cmo1u7pno1t7r5ueepqajbcv6","急凍鳥","0144","attack","I","從自己的牌庫選擇最多2張「基本【水】能量」卡，附於這隻寶可夢身上。並且重洗牌庫。","自分の山札から「基本エネルギー」を2枚まで選び、このポケモンにつける。そして山札を切る。","Search your deck for up to 2 Basic {W} Energy cards and attach them to this Pokémon. Then, shuffle your deck."
"cmo1u7pyx1tr25uee31923t2c","花舞鳥","0741","attack","H","從自己的棄牌區選擇最多2張基本能量卡，附於1隻備戰寶可夢身上。 | 將對手的戰鬥寶可夢【混亂】。","自分のトラッシュから基本エネルギーを2枚まで選び、ベンチポケモン1匹につける。 | 相手のバトルポケモンをこんらんにする。",""
"cmo1u7qg81ukk5ueeuu7st7fg","高傲雉雞","0521","attack","I","從自己的牌庫抽出4張卡。 | 擲1次硬幣若為正面，則在下個對手的回合，這隻寶可夢不會受到招式的傷害與效果的影響。","自分の山札を4枚引く。 | コインを1回投げオモテなら、次の相手の番、このポケモンはワザのダメージや効果を受けない。","Draw 4 cards. | Flip a coin. If heads, during your opponent’s next turn, prevent all damage from and effects of attacks done to this Pokémon."
"cmp2dfy1h2pir116ci9qglmp2","大王銅象ex","","ability","G","這隻寶可夢受到招式的傷害「-30」點。","このポケモンが受けるワザのダメージは「-30」される。","This Pokémon takes 30 less damage from attacks (after applying Weakness and Resistance)."
"cmo1u7yje28fx5ueeiy7y2ac5","金魚王","0119","attack","G","擲1次硬幣若為正面，則在下個對手的回合，這隻寶可夢不會受到招式的傷害與效果的影響。 | 增加這隻寶可夢身上附加的【水】能量的數量×30點傷害。","コインを1回投げオモテなら、次の相手の番、このポケモンはワザのダメージや効果を受けない。 | このポケモンについているエネルギーの数×30ダメージ追加。","Flip a coin. If heads, during your opponent’s next turn, prevent all damage from and effects of attacks done to this Pokémon. | This attack does 30 more damage for each {W} Energy attached to this Pokémon."
"cmo1u7pln1t4a5uee92u2qk2r","熾焰咆哮虎ex","0727","ability","H","這隻寶可夢使用招式所需的【無】能量，減少對手的備戰寶可夢的數量。","相手のベンチポケモンの数ぶん、このポケモンがワザを使うためのエネルギーは少なくなる。","Attacks used by this Pokémon cost {C} less for each of your opponent’s Benched Pokémon."
"cmobmwaae20202pc7r4clzzyu","美錄梅塔","0809","attack","E","在下個對手的回合，這隻寶可夢不會受到擁有特性的寶可夢招式的傷害。 | 選擇1個這隻寶可夢身上附加的能量，將其丟棄。","次の相手の番、このポケモンは特性を持つポケモンからワザのダメージを受けない。 | このポケモンについているエネルギーを1個選び、トラッシュする。","During your opponent’s next turn, prevent all damage done to this Pokémon by attacks from Pokémon that have an Ability. | Discard an Energy from this Pokémon."
"cmo1u7z3029dr5ueedu0ju5h6","麒麟奇","0203","attack","G","擲1次硬幣若為正面，則將對手的戰鬥寶可夢【麻痺】。","コインを1回投げオモテなら、相手のバトルポケモンをマヒにする。","Flip a coin. If heads, your opponent’s Active Pokémon is now Paralyzed."
"cmo1u7z8g29n55ueesudp2wzd","晶光花","0970","ability","G","這隻寶可夢【昏厥】時，自己擲1次硬幣。若為正面，則對手無法獲得獎賞卡。","このポケモンがきぜつしたとき、自分はコインを1回投げる。オモテなら、相手はサイドをとれない。","When this Pokémon is Knocked Out, flip a coin. If heads, your opponent can’t take any Prize cards for it. | Your opponent’s Active Pokémon is now Poisoned. During Pokémon Checkup, put 6 damage counters on that Pokémon instead of 1."
"cmo1u7pfh1sto5ueea5nekdd9","葉伊布","0470","attack","H","從自己的手牌選擇1張「基本【草】能量」卡，附於備戰寶可夢身上。然後，將附上那張卡的寶可夢的HP全部恢復。","自分の手札から「基本エネルギー」を1枚選び、ベンチポケモンにつける。その後、つけたポケモンのHPをすべて回復する。","Attach a Basic {G} Energy card from your hand to 1 of your Benched Pokémon. If you do, heal all damage from that Pokémon."
"cmp2dfxhb2or9116csqxcbxxc","摩托蜥","","attack","G","這隻寶可夢也受到10點傷害。","このポケモンにも10ダメージ。","This Pokémon also does 10 damage to itself."
"cmo1u7yj328fd5ueezi81tarf","蔓藤怪","0114","attack","G","在這個回合，若從手牌使出了「莉佳的招待」，則增加60點傷害。","この番、手札から「エリカの招待」を出して使っていたなら、60ダメージ追加。",""
"cmo1u7wcq24nh5ueeeicjf5lq","百變怪","0132","ability","G","若這隻寶可夢在戰鬥場上，則只有在自己的最初回合可使用1次。從自己的牌庫選擇1張【基礎】寶可夢卡（「百變怪」除外）。然後，將這隻寶可夢與附加的卡全部丟棄，將所選的寶可夢放置於這隻寶可夢原先所在的地方。並且重洗牌庫。","このポケモンがバトル場にいるなら、最初の自分の番にだけ1回使える。自分の山札からたねポケモン（「メタモン」をのぞく）を1枚選ぶ。その後、このポケモンと、ついているすべてのカードをトラッシュし、このポケモンがいた場所に、選んだポケモンを出す。そして山札を切る。",""
"cmo1u6wv40fwp5ueee8cospia","代拉基翁","0639","attack","D","在下個對手的回合，這隻寶可夢受到招式的傷害「-30」點。 | 若場上有自己的競技場卡，則增加80點傷害。","次の相手の番、このポケモンが受けるワザのダメージは「-30」される。 | 場に自分のスタジアムが出ているなら、80ダメージ追加。","During your opponent’s next turn, this Pokémon takes 30 less damage from attacks (after applying Weakness and Resistance). | If you have a Stadium in play, this attack does 80 more damage."
"cmo1u6wrx0fr45ueevq3x4rc4","火恐龍","0005","attack","D","將自己的牌庫上方3張卡丟棄。","自分の山札を上から3枚トラッシュする。","Discard the top 3 cards of your deck."
"cmo1u80wh2cib5ueemz6wja5x","一家鼠ex","0925","ability","G","這隻寶可夢在戰鬥場受到對手的寶可夢招式的傷害時，將與自己場上「一對鼠」與「一家鼠（包含『寶可夢【ex】』）」的數量×3個的相同數量的傷害指示物，放置於使用招式的寶可夢身上。","このポケモンが、バトル場で相手のポケモンからワザのダメージを受けたとき、自分の場の「ワッカネズミ」と「イッカネズミ（『ポケモンex』をふくむ）」の数×3個ぶんのダメカンを、ワザを使ったポケモンにのせる。","If this Pokémon is in the Active Spot and is damaged by an attack from your opponent’s Pokémon (even if this Pokémon is Knocked Out), put 3 damage counters on the Attacking Pokémon for each of your Tandemaus, Maushold, and Maushold {ex} in play."
"cmo1u83la2h0c5ueednoap3fw","裹蜜蟲","1011","attack","I","選擇1個這隻寶可夢身上附加的能量，放回手牌。","このポケモンについているエネルギーを1個選び、手札にもどす。","Put an Energy attached to this Pokémon into your hand."
"cmo1u6xk10h3l5ueeg2t5tpmv","大針蜂","0015","attack","E","若對手的戰鬥寶可夢身上附有特殊能量，則將那隻寶可夢【氣絕】。 | 選擇1個這隻寶可夢身上附加的能量，將其丟棄。","相手のバトルポケモンに特殊エネルギーがついているなら、そのポケモンをきぜつさせる。 | このポケモンについているエネルギーを1個選び、トラッシュする。","If your opponent’s Active Pokémon has any Special Energy attached, it is Knocked Out. | Discard an Energy from this Pokémon."
"cmo1u6t7v09jg5uee8f3fj1lt","以歐路普V","0826","attack","D","若希望，將這隻寶可夢與備戰寶可夢互換。 | 增加對手的戰鬥寶可夢身上附加的能量的數量×30點傷害。 | 寶可夢【V】【氣絕】時，對手獲得2張獎賞卡。","のぞむなら、このポケモンをベンチポケモンと入れ替える。 | 相手のバトルポケモンについているエネルギーの数×30ダメージ追加。",""
"cmo1u8j9g38lq5ueeo2nbps6n","其他巴大蝶VMAX","0012","attack","D","將對手的戰鬥寶可夢【中毒】與【混亂】。 | 寶可夢【VMAX】【氣絕】時，對手獲得3張獎賞卡。","",""
"cmo1u6vs30e0h5uee1iiipoyr","伽勒爾 大蔥鴨","0083","attack","D","擲1次硬幣若為正面，則增加30點傷害。","コインを1回投げオモテなら、30ダメージ追加。","Flip a coin. If heads, this attack does 30 more damage."
"cmo1u6ww00fy95ueeldlu7bqc","灰塵山","0569","attack","D","在給對手看過自己的棄牌區的所有「寶可夢道具」後，造成其張數×30點傷害。然後，將給對手看過的「寶可夢道具」放回牌庫並重洗。 | 將對手的戰鬥寶可夢【中毒】。","自分のトラッシュにある「ポケモンのどうぐ」をすべて相手に見せて、その枚数×30ダメージ。その後、見せた「ポケモンのどうぐ」を山札にもどして切る。 | 相手のバトルポケモンをどくにする。","This attack does 30 damage for each Pokémon Tool card in your discard pile. Then, shuffle those cards into your deck. | Your opponent’s Active Pokémon is now Poisoned."
"cmo1u6wh60f8d5ueexbwu755k","雷鳥海獸","0881","ability","D","只要這隻寶可夢在場上，每次對手從手牌將能量附於寶可夢身上，在那隻寶可夢身上放置2個傷害指示物。","このポケモンがいるかぎり、相手は手札からエネルギーをポケモンにつけるたび、そのポケモンにダメカンを2個のせる。",""
"cmo1u7qdj1ufz5uee8478e1uj","<火箭隊的>喵喵","0052","attack","I","在不看正面的情況下，從對手的手牌選擇1張，查看那張卡的正面後放回對手的牌庫並重洗。 | 擲3次硬幣，造成正面出現的次數×20點傷害。","相手の手札からオモテを見ないで1枚選び、そのカードのオモテを見て、相手の山札にもどして切る。 | コインを3回投げ、オモテの数×20ダメージ。","Choose a random card from your opponent’s hand. Your opponent reveals that card and shuffles it into their deck. | Flip 3 coins. This attack does 20 damage for each heads."
"cmo1u7wr425ch5ueeebwj3wma","袋獸","0115","attack","I","擲2次硬幣，造成正面出現的次數×90點傷害。","コインを2回投げ、オモテの数×90ダメージ。","Flip 2 coins. This attack does 90 damage for each heads."
"cmo1u6w5r0eo95uee2dnemjq2","皮可西","0036","ability","D","在自己的回合，當從手牌使出這張卡並完成進化時，可使用1次。選擇1個對手的戰鬥寶可夢身上附加的能量，放回對手的牌庫上方。","自分の番に、このカードを手札から出して進化させたとき、1回使える。相手のバトルポケモンについているエネルギーを1個選び、相手の山札の上にもどす。","When you play this Pokémon from your hand to evolve 1 of your Pokémon during your turn, you may put an Energy attached to your opponent’s Active Pokémon on top of their deck."
"cmo1u6wvw0fy15ueejdsaf88v","流氓鱷","0553","attack","D","將對手的牌庫上方3張卡丟棄。 | 將這隻寶可夢【混亂】。","相手の山札を上から3枚トラッシュする。 | このポケモンをこんらんにする。","Discard the top 3 cards of your opponent’s deck. | This Pokémon is now Confused."
"cmo1u6wso0fsg5ueeqcphsp1x","伽勒爾 達摩狒狒V","0555","attack","D","擲1次硬幣若為正面，則將對手的戰鬥寶可夢【麻痺】。 | 這隻寶可夢也受到30點傷害。 | 寶可夢【V】【氣絕】時，對手獲得2張獎賞卡。","コインを1回投げオモテなら、相手のバトルポケモンをマヒにする。 | このポケモンにも30ダメージ。",""
"cmo1u81tf2e1p5ueeli6ktt47","叉字蝠","0169","ability","H","在這個回合，若從手牌使出了「‌阿杏的秘招」，則在自己的回合時可使用1次。從牌庫抽卡直到自己的手牌滿8張為止。","この番、手札から「アンズの秘技」を出して使っていたなら、自分の番に1回使える。自分の手札が8枚になるように、山札を引く。","Once during your turn, if you played Janine’s Secret Art from your hand this turn, you may draw cards until you have 8 cards in your hand."
"cmo1u7ygk28b05ueeo3mdng48","隆隆石","0075","attack","G","擲硬幣直到出現反面，造成正面出現的次數×40點傷害。","ウラが出るまでコインを投げ、オモテの数×40ダメージ。","Flip a coin until you get tails. This attack does 40 damage for each heads."
"cmo1u7ygr28bc5ueep3wdnyof","烈焰馬","0078","attack","G","將對手的戰鬥寶可夢【灼傷】。 | 將這隻寶可夢與備戰寶可夢互換。","相手のバトルポケモンをやけどにする。 | このポケモンをベンチポケモンと入れ替える。",""
"cmo1u8jcn38qn5ueevok23jq3","多多冰","0583","attack","D","擲1次硬幣若為正面，則將對手的戰鬥寶可夢【麻痺】。","",""
"cmo1u6wwq0fzh5ueez5hhl5g4","咕妞妞","0293","attack","D","擲硬幣直到出現反面，造成正面出現的次數×40點傷害。","ウラが出るまでコインを投げ、オモテの数×40ダメージ。",""
"cmo1u81tl2e215ueegg70xf37","索羅亞克","0571","attack","H","造成對手的場上的「寶可夢【ex】・【V】」的數量×60點傷害。","相手の場の「ポケモンex・V」の数×60ダメージ。","This attack does 60 damage for each of your opponent’s Pokémon {ex} and Pokémon {V} in play."
"cmo1u8j9n38m25ueemqt0k69v","獨角蟲","0013","attack","D","從自己的牌庫選擇1張【基礎】寶可夢卡，放置於備戰區。並且重洗牌庫。","自分の山札からたねポケモンを1枚選び、ベンチに出す。そして山札を切る。",""
"cmo1u84t02j3i5uee1nfrgx17","恰雷姆","0308","attack","H","擲2次硬幣，造成正面出現的次數×40點傷害。","コインを2回投げ、オモテの数×40ダメージ。","Flip 2 coins. This attack does 40 damage for each heads."
"cmo1u7yhe28cg5ueetbauc6rx","臭泥","0088","attack","G","在下個對手的回合，受到這個招式的寶可夢【撤退】所需的能量增加1個。","次の相手の番、このワザを受けたポケモンは、にげるためのエネルギーが、1個ぶん多くなる。","During your opponent’s next turn, the Defending Pokémon’s Retreat Cost is {C} more."
"cmo1u85as2jy75ueebtf0x4at","音波龍ex","0715","attack","H","若希望，將這隻寶可夢與備戰寶可夢互換。 | 這隻寶可夢也受到30點傷害。","のぞむなら、このポケモンをベンチポケモンと入れ替える。 | このポケモンにも30ダメージ。","You may switch this Pokémon with 1 of your Benched Pokémon. | This Pokémon also does 30 damage to itself."
"cmp2dg0vm2ti6116cmzaxmapg","蒼炎刃鬼","","attack","H","將對手的所有寶可夢身上附加的特殊能量卡全部丟棄。 | 在下個自己的回合，這隻寶可夢無法使用招式。","相手のポケモン全員についている特殊エネルギーを、すべてトラッシュする。 | 次の自分の番、このポケモンはワザが使えない。","During your next turn, this Pokémon can’t attack."
"cmo1u6xmo0h815ueeyz4vqptk","花岩怪","0442","attack","E","將與對手棄牌區的寶可夢卡張數相同數量的傷害指示物，以任意方式放置在對手的寶可夢身上。然後，將對手棄牌區的寶可夢卡全部放回對手的牌庫並重洗。","相手のトラッシュにあるポケモンの枚数ぶんのダメカンを、相手のポケモンに好きなようにのせる。その後、相手のトラッシュにあるポケモンをすべて、相手の山札にもどして切る。","For each Pokémon in your opponent’s discard pile, put 1 damage counter on your opponent’s Pokémon in any way you like. If you placed any damage counters in this way, your opponent shuffles all Pokémon from their discard pile into their deck."
"cmo1u7qaw1ubi5ueesv9ska3m","美錄梅塔ex","0809","attack","H","擲2次硬幣，造成正面出現的次數×100點傷害。","コインを2回投げ、オモテの数×100ダメージ。","Flip 2 coins. This attack does 100 damage for each heads."
"cmo1u81ua2e355ueecah27y4i","大王銅象","0879","ability","H","只要這隻寶可夢在戰鬥場上，對手無法從手牌使出競技場卡。","このポケモンがバトル場にいるかぎり、相手は手札からスタジアムを出せない。","As long as this Pokémon is in the Active Spot, your opponent can’t play any Stadium cards from their hand."
"cmo1u8ja438mu5ueeyd37jtuo","派拉斯特","0047","attack","D","擲1次硬幣若為正面，則將對手的戰鬥寶可夢【麻痺】。","","Flip a coin. If heads, your opponent’s Active Pokémon is now Paralyzed."
"cmobmwajb20gl2pc743nhh4v8","變澀蜥","0817","attack","E","將這隻寶可夢與備戰寶可夢互換。","このポケモンをベンチポケモンと入れ替える。","Switch this Pokémon with 1 of your Benched Pokémon."
"cmo1u7yjc28ft5uee9le690xt","角金魚","0118","attack","G","擲3次硬幣，造成正面出現的次數×10點傷害。","コインを3回投げ、オモテの数×10ダメージ。","Flip 3 coins. This attack does 10 damage for each heads."
"cmo1u8jah38na5uee3vm48b0f","椰蛋樹","0103","attack","D","選擇對手的戰鬥寶可夢持有的1個招式。在下個對手的回合，受到這個招式的寶可夢無法使用被選擇的招式。","","Choose 1 of your opponent’s Active Pokémon’s attacks. During your opponent’s next turn, that Pokémon can’t use that attack."
"cmo1u6y130hve5uee95ikw26o","火伊布V","0136","attack","E","從自己的牌庫選擇1張【火】能量卡，附於這隻寶可夢身上。並且重洗牌庫。 | 將對手的戰鬥寶可夢【灼傷】。 | 寶可夢【V】【氣絕】時，對手獲得2張獎賞卡。","自分の山札からエネルギーを1枚選び、このポケモンにつける。そして山札を切る。 | 相手のバトルポケモンをやけどにする。",""
"cmo1u6yp10j115ueeefg3yurm","蘋裹龍","0841","attack","E","造成對手場上擁有特性的寶可夢的數量×50點傷害。 | 若對手的戰鬥寶可夢為「寶可夢【V】」，則增加80點傷害。","相手の場の特性を持つポケモンの数×50ダメージ。 | 相手のバトルポケモンが「ポケモンV」なら、80ダメージ追加。","This attack does 50 damage for each of your opponent’s Pokémon in play that has an Ability. | If your opponent’s Active Pokémon is a Pokémon {V}, this attack does 80 more damage."
"cmo1u6v8t0d2n5uees78keawd","索羅亞克","0571","ability","E","在自己的回合時，可使用1次。從自己的棄牌區選擇1張【1階進化】寶可夢卡（「索羅亞克」除外）。然後，將這隻寶可夢與附加的卡全部丟棄，將所選的寶可夢放置於這隻寶可夢原先所在的地方。","自分の番に1回使える。自分のトラッシュから1進化ポケモン（「ゾロアーク」をのぞく）を1枚選ぶ。その後、このポケモンと、ついているすべてのカードを、トラッシュし、このポケモンがいた場所に、選んだポケモンを出す。","Once during your turn, you may choose a Stage 1 Pokémon, except any Zoroark, from your discard pile. If you do, discard this Pokémon and all attached cards, and put the chosen Pokémon in its place."
"cmo1u6y940i9g5ueeozmy4zyx","伽勒爾 呆呆王","0199","ability","E","在自己的回合時，可使用1次。選擇自己的1隻寶可夢，擲1次硬幣。若為正面，則將那隻寶可夢恢復「90」HP。若為反面，則在那隻寶可夢身上放置3個傷害指示物。","自分の番に1回使える。自分のポケモンを1匹選び、コインを1回投げる。オモテなら、そのポケモンのHPを「90」回復する。ウラなら、そのポケモンにダメカンを3個のせる。","Once during your turn, you may choose 1 of your Pokémon and flip a coin. If heads, heal 90 damage from that Pokémon. If tails, put 3 damage counters on that Pokémon."
"cmo1u7yjo28gd5uee0e7n5u8c","飛天螳螂","0123","attack","G","從自己的棄牌區選擇1張「基本【草】能量」卡，附於備戰寶可夢身上。","自分のトラッシュから「基本エネルギー」を1枚選び、ベンチポケモンにつける。","Attach a Basic {G} Energy card from your discard pile to 1 of your Benched Pokémon."
"cmo1u8jan38nj5uee8fbamqyb","遠古巨蜓","0469","attack","D","若希望，將這隻寶可夢與備戰寶可夢互換。","","You may switch this Pokémon with 1 of your Benched Pokémon."
"cmo1u6xl90h5p5uee0hdifcvf","其他雷鳥龍VMAX","0880","attack","E","在下個對手的回合，當這隻寶可夢受到招式的傷害時，在使用招式的寶可夢身上放置12個傷害指示物。 | 寶可夢【VMAX】【氣絕】時，對手獲得3張獎賞卡。","次の相手の番、このポケモンがワザのダメージを受けたとき、ワザを使ったポケモンにダメカンを12個のせる。",""
"cmo1u6yrm0j5i5ueetgtumy8i","畢力吉翁","0640","attack","E","從自己的棄牌區選擇最多2張寶可夢卡，在給對手看過後加入手牌。","自分のトラッシュからポケモンを2枚まで選び、相手に見せて、手札に加える。","Put up to 2 Pokémon from your discard pile into your hand."
"cmo1u7zf029yf5uee8mks1qct","太陽伊布","0196","attack","G","增加對手的戰鬥寶可夢身上放置的傷害指示物的數量×10點傷害。 | 擲1次硬幣若為正面，則將對手的戰鬥寶可夢【麻痺】。","相手のバトルポケモンにのっているダメカンの数×10ダメージ追加。 | コインを1回投げオモテなら、相手のバトルポケモンをマヒにする。","This attack does 10 more damage for each damage counter on your opponent’s Active Pokémon. | Flip a coin. If heads, your opponent’s Active Pokémon is now Paralyzed."
"cmo1u7pwh1tmu5ueed7m7qirm","太陽伊布ex","0196","attack","H","在不看正面的情況下，從對手的手牌選擇1張，將其丟棄。 | 從對手的所有進化的寶可夢身上，各移除1張「進化卡」使其退化。將移除的卡放回對手的牌庫並重洗。","相手の手札からオモテを見ないで1枚選び、トラッシュする。 | 相手の進化しているポケモン全員の上から、それぞれ「進化カード」を1枚ずつはがして退化させる。はがしたカードは、相手の山札にもどして切る。","Discard a random card from your opponent’s hand. | Devolve each of your opponent’s evolved Pokémon by shuffling the highest Stage Evolution card on it into your opponent’s deck."
"cmo1u7z1729an5ueeqv1qft1o","蒼炎刃鬼","0937","attack","G","將這隻寶可夢恢復「30」HP。 | 若對手的戰鬥寶可夢為「寶可夢【ex】・【V】」，則增加100點傷害。","このポケモンのHPを「30」回復する。 | 相手のバトルポケモンが「ポケモンex・V」なら、100ダメージ追加。","Heal 30 damage from this Pokémon. | If your opponent’s Active Pokémon is a Pokémon {ex} or Pokémon {V}, this attack does 100 more damage."
"cmo1u7q751u555ueeiowmn6pm","蜈蚣王","0545","attack","H","在對手的戰鬥寶可夢身上放置傷害指示物直到剩餘HP變為「10」為止。","相手のバトルポケモンの残りHPが「10」になるように、ダメカンをのせる。",""
"cmo1u7wv625j65uee2elpi30z","沙鈴仙人掌","0556","attack","I","在這個回合，若這隻寶可夢恢復了HP，則增加100點傷害。","この番に、このポケモンのHPを回復していたなら、100ダメージ追加。","If this Pokémon was healed during this turn, this attack does 100 more damage."
"cmo1u6yhj0inz5ueevp7kv94o","樂天河童","0272","ability","E","在自己的回合，當從手牌使出這張卡並完成進化時，可使用1次。在這個回合，自己的【基礎】寶可夢使用的招式，對對手的戰鬥寶可夢造成的傷害「+100」點。","自分の番に、このカードを手札から出して進化させたとき、1回使える。この番、自分のたねポケモンが使うワザの、相手のバトルポケモンへのダメージは「+100」される。","When you play this Pokémon from your hand to evolve 1 of your Pokémon during your turn, you may use this Ability. During this turn, your Basic Pokémon’s attacks do 100 more damage to your opponent’s Active Pokémon (before applying Weakness and Resistance)."
"cmo1u8jbd38on5uee3addviee","甜舞妮","0762","attack","D","選擇1隻對手的備戰寶可夢，與戰鬥寶可夢互換。","","Switch 1 of your opponent’s Benched Pokémon with their Active Pokémon."
"cmo1u7pph1tav5ueewd7qseny","雷吉艾斯","0378","attack","H","對手的所有備戰寶可夢也各受到10點傷害。[在備戰區不計算弱點・抵抗力。]","相手のベンチポケモン全員にも、それぞれ10ダメージ。［ベンチは弱点・抵抗力を計算しない。］","This attack also does 10 damage to each of your opponent’s Benched Pokémon. (Don’t apply Weakness and Resistance for Benched Pokémon.)"
"cmobmwaha20dc2pc72k0wpz18","暴雪王","0460","ability","E","只要這隻寶可夢在場上，自己的場上的所有「一擊」寶可夢（「暴雪王」除外）的最大HP各增加「50」。無論有多少隻擁有這個特性的寶可夢，這個效果也不會重複。","このポケモンがいるかぎり、自分の場の「いちげき」のポケモン（「ユキノオー」をのぞく）全員の最大HPは、それぞれ「50」大きくなる。この効果は、この特性を持つポケモンが何匹いても、重ならない。","Your Single Strike Pokémon in play, except any Abomasnow, get +50 HP. You can’t apply more than 1 Toughness Boost Ability at a time."
"cmo1u8jge38ww5ueenk9gquu4","酷豹","0510","ability","D","這隻寶可夢不會【麻痺】。","","This Pokémon can’t be Paralyzed."
"cmo1u6v7q0d0u5uee25it6g6j","伽勒爾 閃電鳥","0145","ability","E","在自己的回合，當從手牌將這張卡放置於備戰區時，可使用1次。從自己的手牌選擇最多2張【鬥】能量卡，附於這隻寶可夢身上。","自分の番に、このカードを手札からベンチに出したとき、1回使える。自分の手札からエネルギーを2枚まで選び、このポケモンにつける。","When you play this Pokémon from your hand onto your Bench during your turn, you may attach up to 2 {F} Energy cards from your hand to this Pokémon."
"cmo1u6yop0j0h5ueeizos8p24","基格爾德","0718","attack","E","對手的1隻寶可夢受到對手已經獲得的獎賞卡的張數×40點傷害。[在備戰區不計算弱點・抵抗力。]","相手のポケモン1匹に、相手がすでにとったサイドの枚数×40ダメージ。［ベンチは弱点・抵抗力を計算しない。］","This attack does 40 damage to 1 of your opponent’s Pokémon for each Prize card your opponent has taken. (Don’t apply Weakness and Resistance for Benched Pokémon.)"
"cmo1u7yzk297u5ueel8rykm92","赫拉克羅斯","0214","attack","G","這個招式的傷害不計算抵抗力。","このワザのダメージは抵抗力を計算しない。","This attack’s damage isn’t affected by Resistance."
"cmo1u85a02jwr5uee7kl0q95h","變隱龍","0352","attack","H","擲1次硬幣若為正面，則在下個對手的回合，這隻寶可夢不會受到招式的傷害與效果的影響。","コインを1回投げオモテなら、次の相手の番、このポケモンはワザのダメージや効果を受けない。","Flip a coin. If heads, during your opponent’s next turn, prevent all damage from and effects of attacks done to this Pokémon."
"cmo1u7wmb25485ueej7lpj521","蘭螳花","0754","attack","I","從自己的手牌將2張「基本【草】能量」卡丟棄。若無法丟棄2張卡，則這個招式失敗。","自分の手札から「基本エネルギー」を2枚トラッシュする。2枚トラッシュできないなら、このワザは失敗。","Discard 2 Basic {G} Energy cards from your hand. If you can’t discard 2 cards in this way, this attack does nothing."
"cmo1u8jh738yc5ueeci5yjg74","袋獸","0115","attack","D","若在上個對手的回合，自己的寶可夢因招式的傷害而【氣絕】了，則增加90點傷害。","","If any of your Pokémon were Knocked Out by damage from an attack from your opponent’s Pokémon during their last turn, this attack does 90 more damage."
"cmo1u6v4a0cut5uee4wiw0wzm","花舞鳥","0741","ability","E","只要這隻寶可夢在場上，自己的所有「匯流」寶可夢，受到對手的寶可夢招式的傷害「-20」點。無論有多少隻擁有這個特性的寶可夢，這個效果也不會重複。","このポケモンがいるかぎり、自分の「フュージョン」のポケモン全員が、相手のポケモンから受けるワザのダメージは「-20」される。この効果は、この特性を持つポケモンが何匹いても、重ならない。","All of your Fusion Strike Pokémon take 20 less damage from attacks from your opponent’s Pokémon (after applying Weakness and Resistance). You can’t apply more than 1 Lesson in Zeal Ability at a time."
"cmobmw9q71z6h2pc7voj2gwfn","拉帝亞斯","0380","ability","E","在自己的回合時，可使用1次。從自己的手牌選擇1張【超】能量卡，附於自己的「拉帝歐斯」身上。","自分の番に1回使える。自分の手札からエネルギーを1枚選び、自分の「ラティオス」につける。","Once during your turn, you may attach a {P} Energy card from your hand to 1 of your Latios."
"cmo1u7wvz25kj5ueec173nb37","冷水猴","0515","attack","I","從自己的牌庫抽出1張卡。","自分の山札を1枚引く。","Draw a card."
"cmo1u7yit28ex5ueesst8189c","雙彈瓦斯","0110","ability","G","這隻寶可夢在戰鬥場上受到對手的寶可夢招式的傷害而【昏厥】時，自己擲1次硬幣。若為正面，則將使用招式的寶可夢【昏厥】。","このポケモンが、バトル場で相手のポケモンからワザのダメージを受けてきぜつしたとき、自分はコインを1回投げる。オモテなら、ワザを使ったポケモンをきぜつさせる。","If this Pokémon is in the Active Spot and is Knocked Out by damage from an attack from your opponent’s Pokémon, flip a coin. If heads, the Attacking Pokémon is Knocked Out."
"cmo1u7o5h1qmi5ueelrg3lci3","<火箭隊的>叉字蝠ex","0169","ability","I","在自己的回合，從手牌使出這張卡並完成進化時，可使用1次。在對手的2隻寶可夢身上各放置2個傷害指示物。","自分の番に、このカードを手札から出して進化させたとき、1回使える。相手のポケモン2匹に、それぞれダメカンを2個のせる。","When you play this Pokémon from your hand to evolve 1 of your Pokémon during your turn, you may choose 2 of your opponent’s Pokémon and put 2 damage counters on each of them."
"cmo1u856j2jqq5ueebw68rdeu","卡璞・鳴鳴ex","0785","attack","H","增加自己的備戰寶可夢的數量×20點傷害。","自分のベンチポケモンの数×20ダメージ追加。","This attack does 20 more damage for each of your Benched Pokémon."
"cmo1u8jib39095ueek4fnoc4q","龍捲雲","0641","attack","D","選擇1個對手的戰鬥寶可夢身上附加的特殊能量，將其丟棄。 | 選擇1個這隻寶可夢身上附加的能量，將其丟棄。","","Discard a Special Energy from your opponent’s Active Pokémon. | Discard an Energy from this Pokémon."
"cmobmwa8f1zyv2pc74xbrmj3x","伽勒爾 魔靈珊瑚","0864","attack","E","從對手的棄牌區選擇1張【基礎】寶可夢的「寶可夢【V】」卡，放置於對手的備戰區。然後，在身上放置傷害指示物直到那隻寶可夢的剩餘HP變為「30」為止。","相手のトラッシュからたねポケモンの「ポケモンV」を1枚選び、相手のベンチに出す。その後、そのポケモンの残りHPが「30」になるように、ダメカンをのせる。",""
"cmobmwab9203g2pc7xoiw3vo1","藏飽栗鼠V","0820","attack","E","擲1次硬幣若為正面，則將對手的戰鬥寶可夢【麻痺】。 | 從自己的牌庫抽出3張卡。 | 寶可夢【V】【氣絕】時，對手獲得2張獎賞卡。","コインを1回投げオモテなら、相手のバトルポケモンをマヒにする。 | 自分の山札を3枚引く。",""
"cmo1u81722d065ueexdkc7sq4","瑪力露","0183","attack","H","擲硬幣直到出現反面，造成正面出現的次數×10點傷害。","ウラが出るまでコインを投げ、オモテの数×10ダメージ。","Flip a coin until you get tails. This attack does 10 damage for each heads."
"cmo1u8jcl38qj5uee6j0qs7ll","迷你冰","0582","attack","D","擲1次硬幣若為正面，則將對手的戰鬥寶可夢【麻痺】。","",""
"cmo1u7z1u29br5ueebl5e8dv9","毒骷蛙","0454","attack","G","將對手的戰鬥寶可夢【中毒】。","相手のバトルポケモンをどくにする。","Your opponent’s Active Pokémon is now Poisoned."
"cmo1u83fj2gqf5ueeguxd6x3i","赫普的沙包蛇","0843","attack","I","從自己的牌庫選擇1張競技場卡，在給對手看過後加入手牌。並且重洗牌庫。","自分の山札からスタジアムを1枚選び、相手に見せて、手札に加える。そして山札を切る。","Search your deck for a Stadium card, reveal it, and put it into your hand. Then, shuffle your deck."
"cmo1u80tk2cda5uee22sb2kgt","鐵毒蛾","0994","ability","G","在自己的回合，從備戰區將這隻寶可夢放置於戰鬥場時，可使用1次。選擇自己的場上寶可夢身上附加的任意數量的【火】能量卡，改附於這隻寶可夢身上。","自分の番に、このポケモンがベンチからバトル場に出たとき、1回使える。自分の場のポケモンについているエネルギーを好きなだけ選び、このポケモンにつけ替える。","Once during your turn, when this Pokémon moves from your Bench to the Active Spot, you may move any amount of {R} Energy from your other Pokémon to it."
"cmo1u8jjo392l5uee2f9ujmc2","黑魯加V","0229","attack","D","將對手的戰鬥寶可夢【灼傷】。 | 若自己的備戰區的【火】寶可夢身上放置有傷害指示物，則增加100點傷害。 | 寶可夢【V】【氣絕】時，對手獲得2張獎賞卡。","",""
"cmo1u8jdh38s35ueef1z39nhy","胖可丁","0040","attack","D","將對手的戰鬥寶可夢【睡眠】。 | 擲2次硬幣，造成正面出現的次數×90點傷害。","","Your opponent’s Active Pokémon is now Asleep. | Flip 2 coins. This attack does 90 damage for each heads."
"cmo1u858v2juv5ueeq5delp6m","帝牙盧卡ex","0483","attack","H","從自己的牌庫抽出1張卡。 | 增加這隻寶可夢身上附加的【鋼】能量的數量×20點傷害。","自分の山札を1枚引く。 | このポケモンについているエネルギーの数×20ダメージ追加。","Draw a card. | This attack does 20 more damage for each {M} Energy attached to this Pokémon."
"cmo1u859a2jvj5ueeo1k3cgkr","蒼響ex","0888","attack","H","從自己的牌庫選擇1張「基本【鋼】能量」卡，附於這隻寶可夢身上。並且重洗牌庫。 | 在下個自己的回合，這隻寶可夢無法使用「猛擊在地」。","自分の山札から「基本エネルギー」を1枚選び、このポケモンにつける。そして山札を切る。 | 次の自分の番、このポケモンは「スラッシュダウン」が使えない。","Search your deck for a Basic {M} Energy card and attach it to this Pokémon. Then, shuffle your deck. | During your next turn, this Pokémon can’t use Slashing Strike."
"cmo1u80u62ceb5ueeywqka434","古劍豹","1002","attack","G","從自己的棄牌區選擇最多2張「基本【水】能量」卡，附於自己的1隻寶可夢身上。 | 選擇2個這隻寶可夢身上附加的能量，將其丟棄。","自分のトラッシュから「基本エネルギー」を2枚まで選び、自分のポケモン1匹につける。 | このポケモンについているエネルギーを2個選び、トラッシュする。",""
"cmo1u8j8638jm5ueevazy004g","焚焰蚣V","0851","attack","D","若希望，選擇1個這隻寶可夢身上附加的能量，將其丟棄。這個情況下，選擇1個對手的戰鬥寶可夢身上附加的能量，將其丟棄。 | 寶可夢【V】【氣絕】時，對手獲得2張獎賞卡。","",""
"cmo1u8jew38uc5ueen6ogddss","怖思壺","0855","ability","D","在自己的回合，若從自己的手牌將1張持有「瘋狂派對」招式的寶可夢卡丟棄，則可使用1次。從自己的牌庫抽出2張卡。","","You must discard a Pokémon that has the Mad Party attack from your hand in order to use this Ability. Once during your turn, you may draw 2 cards."
"cmo1u7ph71swl5ueecw9gph6p","裹蜜蟲","1011","attack","H","在下個對手的回合，這隻寶可夢不會受到【基礎】寶可夢招式的傷害。","次の相手の番、このポケモンはたねポケモンからワザのダメージを受けない。","During your opponent’s next turn, prevent all damage done to this Pokémon by attacks from Basic Pokémon."
"cmo1u8jfh38vc5ueerbxcnhc9","布莉姆溫","0858","ability","D","當這隻寶可夢在戰鬥場上受到對手的寶可夢招式的傷害時，將使用招式的寶可夢【混亂】。","","If this Pokémon is in the Active Spot and is damaged by an attack from your opponent’s Pokémon (even if this Pokémon is Knocked Out), the Attacking Pokémon is now Confused."
"cmo1u7pnh1t7f5ueeshh625jz","<小霞的>拉普拉斯","0131","attack","I","從自己的牌庫選擇最多3張「小霞的寶可夢」，在給對手看過後加入手牌。並且重洗牌庫。","自分の山札から「カスミのポケモン」を3枚まで選び、相手に見せて、手札に加える。そして山札を切る。","Search your deck for up to 3 Misty’s Pokémon, reveal them, and put them into your hand. Then, shuffle your deck."
"cmo1u6xn30h8q5ueewuefa60g","蜈蚣王","0545","attack","E","將對手的戰鬥寶可夢【中毒】。 | 若對手的戰鬥寶可夢【中毒】，則增加120點傷害。","相手のバトルポケモンをどくにする。 | 相手のバトルポケモンがどくなら、120ダメージ追加。","Your opponent’s Active Pokémon is now Poisoned. | If your opponent’s Active Pokémon is Poisoned, this attack does 120 more damage."
"cmp2dfxuh2p93116cjg30eltd","雷丘","","attack","G","從自己的牌庫選擇最多2張「基本【雷】能量」卡，附於這隻寶可夢身上。並且重洗牌庫。 | 將這隻寶可夢身上附加的能量卡全部丟棄。","自分の山札から「基本エネルギー」を2枚まで選び、このポケモンにつける。そして山札を切る。 | このポケモンについているエネルギーを、すべてトラッシュする。","Discard all Energy from this Pokémon."
"cmo1u7srv1yl15uee6g984eds","霓虹魚V","0457","ability","F","在自己的回合，當從手牌將這張卡放置於備戰區時，可使用1次。從自己的牌庫選擇1張支援者卡，在給對手看過後加入手牌。並且重洗牌庫。","自分の番に、このカードを手札からベンチに出したとき、1回使える。自分の山札からサポートを1枚選び、相手に見せて、手札に加える。そして山札を切る。",""
"cmo1u845z2hzv5uee4nrkoleg","藏飽栗鼠ex","0820","attack","G","只要這隻寶可夢在備戰區，不會受到招式的傷害。 | 查看自己的牌庫上方3張卡。將那些卡加入手牌。或者將那些卡丟棄，從自己的牌庫抽出3張卡。 | 在下個自己的回合，這隻寶可夢無法使用「滑落回轉」。 | 寶可夢【ex】【昏厥】時，對手獲得2張獎賞卡。","自分の山札を上から3枚見る。そのカードを手札に加える。または、そのカードをトラッシュし、自分の山札を3枚引く。 | 次の自分の番、このポケモンは「ずっこけローリング」が使えない。",""
"cmo1u7z00298m5uee1ciihgpx","烈箭鷹","0663","attack","G","在下個對手的回合，受到這個招式的寶可夢無法撤退。 | 若這隻寶可夢身上放置有傷害指示物，則增加90點傷害。","次の相手の番、このワザを受けたポケモンは、にげられない。 | このポケモンにダメカンがのっているなら、90ダメージ追加。","During your opponent’s next turn, the Defending Pokémon can’t retreat. | If this Pokémon has any damage counters on it, this attack does 90 more damage."
"cmo1u816v2czu5uee9k4yvob4","海豚俠","0964","attack","H","這隻寶可夢也受到這隻寶可夢身上放置的傷害指示物的數量×10點傷害。 | 擲2次硬幣，造成正面出現的次數×90點傷害。","このポケモンにも、このポケモンにのっているダメカンの数×10ダメージ。 | コインを2回投げ、オモテの数×90ダメージ。","This Pokémon also does 10 damage to itself for each damage counter on it. | Flip 2 coins. This attack does 90 damage for each heads."
"cmo1u8jfo38vo5uee8nwx2q20","伽勒爾 魔靈珊瑚V","0864","ability","D","只要這隻寶可夢在戰鬥場上，每次對手從手牌將能量附於寶可夢身上時，在那隻寶可夢身上放置3個傷害指示物。","",""
"cmo1u7wxq25nj5uee3ap7y2sb","美洛耶塔ex","0648","ability","I","這隻寶可夢在先攻玩家的最初回合也可使用招式。","このポケモンは、先攻プレイヤーの最初の番でも、ワザが使える。","If you go first, this Pokémon can use attacks during your first turn."
"cmo1u81z62ebf5uee8t6wwq01","原蓋海龜","0564","attack","H","將這隻寶可夢與備戰寶可夢互換。","このポケモンをベンチポケモンと入れ替える。","Switch this Pokémon with 1 of your Benched Pokémon."
"cmo1u8jl739525uee4rww1hup","落雷獸","0309","attack","D","將這隻寶可夢身上附加的能量全部丟棄。","",""
"cmo1u7z1929ar5ueex37pk3fg","小鍛匠","0957","attack","G","從自己的棄牌區選擇1張物品卡，在給對手看過後加入手牌。","自分のトラッシュからグッズを1枚選び、相手に見せて、手札に加える。","Put an Item card from your discard pile into your hand."
"cmo1u80pt2c6x5ueem01o1dy1","灰塵山","0569","attack","G","從自己的手牌將任意數量的「寶可夢道具」卡丟棄，造成其張數×50點傷害。 | 將對手的戰鬥寶可夢【中毒】。","自分の手札から「ポケモンのどうぐ」を好きなだけトラッシュし、その枚数×50ダメージ。 | 相手のバトルポケモンをどくにする。","Discard any number of Pokémon Tool cards from your hand. This attack does 50 damage for each card you discarded in this way. | Your opponent’s Active Pokémon is now Poisoned."
"cmo1u6yra0j4y5ueexy77y4y2","綠毛蟲","0010","attack","E","從自己的牌庫選擇1張「綠毛蟲」卡，放置於備戰區。並且重洗牌庫。","自分の山札から「キャタピー」を1枚選び、ベンチに出す。そして山札を切る。","Search your deck for a Caterpie and put it onto your Bench. Then, shuffle your deck."
"cmo1u81z82ebj5uee1rr8j30a","肋骨海龜","0565","ability","H","只要這隻寶可夢在場上，自己的寶可夢使用的招式，對對手的戰鬥場的進化寶可夢造成的傷害「+30」點。","このポケモンがいるかぎり、自分のポケモンが使うワザの、相手のバトル場の進化ポケモンへのダメージは「+30」される。","Attacks used by your Pokémon do 30 more damage to your opponent’s Active Evolution Pokémon (before applying Weakness and Resistance)."
"cmo1u8jfq38vs5ueehwe8w7o8","臭泥","0088","attack","D","將對手的牌庫上方1張卡丟棄。","","Discard the top card of your opponent’s deck."
"cmo1u6tc409qx5ueeadnxcweb","沙螺蟒V","0844","attack","E","只要這張卡附於寶可夢身上，視為提供1個【無】能量。當附有這張卡的寶可夢在戰鬥場受到對手的寶可夢招式的傷害時，從自己的牌庫抽出1張卡。","",""
"cmo1u6yrh0j5a5ueejjibhm8j","甜冷美后V","0763","attack","E","將自己的任意數量的備戰寶可夢丟棄，增加丟棄的備戰寶可夢的數量×40點傷害。 | 寶可夢【V】【氣絕】時，對手獲得2張獎賞卡。","自分のベンチポケモンを好きなだけトラッシュし、トラッシュしたベンチポケモンの数×40ダメージ追加。",""
"cmo1u8jfe38v85ueelgtiihgu","臭臭泥","0089","attack","D","將對手的戰鬥寶可夢【中毒】。因這個【中毒】而放置的傷害指示物的數量改為3個。","","Your opponent’s Active Pokémon is now Poisoned. During Pokémon Checkup, put 3 damage counters on that Pokémon instead of 1."
"cmo1u7q2a1twr5ueeljyt1lp2","龍頭地鼠ex","0530","attack","I","對手的身上放置有傷害指示物的1隻備戰寶可夢也受到60點傷害。[在備戰區不計算弱點・抵抗力。] | 這個招式的傷害不計算抵抗力。","ダメカンがのっている相手のベンチポケモン1匹にも、60ダメージ。［ベンチは弱点・抵抗力を計算しない。］ | このワザのダメージは抵抗力を計算しない。","This attack also does 60 damage to 1 of your opponent’s Benched Pokémon that has any damage counters on it. (Don’t apply Weakness and Resistance for Benched Pokémon.) | This attack’s damage isn’t affected by Resistance."
"cmo1u815x2cya5ueecdyasbkn","熔蟻獸","0631","attack","H","擲3次硬幣，選擇與反面出現的次數相同數量的這隻寶可夢身上附加的能量，將其丟棄。","コインを3回投げ、ウラの数ぶん、このポケモンについているエネルギーを選び、トラッシュする。","Flip 3 coins. For each tails, discard an Energy from this Pokémon."
"cmo1u7wv925ja5ueecw1hr3lp","蓋蓋蟲","0588","ability","I","若自己的場上有「小嘴蝸」，則這隻寶可夢就算在自己的最初回合或者剛使出的回合，也可進化。","自分の場に「チョボマキ」がいるなら、このポケモンは、最初の自分の番や、出したばかりの番でも進化できる。","If you have Shelmet in play, this Pokémon can evolve during your first turn or the turn you play it."
"cmo1u7wym25p35ueeqerhl9ds","混混鱷","0552","attack","I","對手選擇2張對手自己的手牌，將其丟棄。","相手は相手自身の手札を2枚選び、トラッシュする。","Your opponent discards 2 cards from their hand."
"cmo1u8jn3397y5ueezi4hmbj5","沙基拉斯","0247","attack","D","從自己的牌庫選擇1張從這隻寶可夢進化而來的卡，放置於這隻寶可夢身上完成進化。然後重洗牌庫。","","Search your deck for a card that evolves from this Pokémon and put it onto this Pokémon to evolve it. Then, shuffle your deck."
"cmo1u7ou31rsy5ueegr3zxjbs","<大吾的>巨金怪ex","0376","ability","I","在自己的回合時可使用1次。從自己的牌庫選擇「基本【超】能量」卡與「基本【鋼】能量」卡最多各1張，以任意方式附於自己的【超】或者【鋼】寶可夢身上。並且重洗牌庫。","自分の番に1回使える。自分の山札から「基本エネルギー」と「基本エネルギー」をそれぞれ1枚まで選び、自分のまたはポケモンに好きなようにつける。そして山札を切る。","Once during your turn, you may search your deck for a Basic {P} Energy card, a Basic {M} Energy card, or 1 of each and attach them to your {P} Pokémon and {M} Pokémon in any way you like. Then, shuffle your deck."
"cmo1u8jh138y05ueehqy8k5o6","偷兒狐","0827","attack","D","從自己的牌庫抽出1張卡。","","Draw a card."
"cmobmw9q91z6l2pc753tj0o3h","拉帝歐斯","0381","ability","E","在自己的回合時，可使用1次。從自己的手牌選擇1張【超】能量卡，附於自己的「拉帝亞斯」身上。","自分の番に1回使える。自分の手札からエネルギーを1枚選び、自分の「ラティアス」につける。","Once during your turn, you may attach a {P} Energy card from your hand to 1 of your Latias."
"cmo1u7yzi297q5uees558ab8t","佛烈托斯ex","0205","ability","G","在自己的回合時可使用1次，若使用，則將這隻寶可夢【昏厥】。從自己的牌庫選擇最多5張「基本【草】能量」卡，以任意方式附於自己的寶可夢身上。並且重洗牌庫。","自分の番に1回使えて、使ったなら、このポケモンをきぜつさせる。自分の山札から「基本エネルギー」を5枚まで選び、自分のポケモンに好きなようにつける。そして山札を切る。",""
"cmobmxe423ryg2pc7b52watuu","雷丘","0026","ability","G","每次當自己的寶可夢受到對手的寶可夢招式的傷害而【昏厥】時，可使用1次。選擇1張【昏厥】的寶可夢身上附加的【雷】能量卡，改附於這隻寶可夢身上。","","When 1 of your Pokémon is Knocked Out by damage from an attack from your opponent’s Pokémon, you may move a {L} Energy from that Pokémon to this Pokémon."
"cmobmwab7203c2pc7lszsioak","掘地兔","0660","attack","E","這隻寶可夢也受到30點傷害。","このポケモンにも30ダメージ。","This Pokémon also does 30 damage to itself."
"cmo1u7cz317kb5ueekw8tw7n4","皮寶寶","0173","attack","G","從牌庫抽卡直到自己的手牌滿7張為止。","自分の手札が7枚になるように、山札を引く。",""
"cmobmwabi203t2pc7zjgxfskp","藍鴉","0822","attack","E","擲3次硬幣，造成正面出現的次數×30點傷害。","コインを3回投げ、オモテの数×30ダメージ。",""
"cmo1u8jhq38z95ueevnw0uhdt","伊布V","0133","attack","D","從自己的牌庫抽出3張卡。 | 在這個回合，若從手牌使出了支援者卡，則增加80點傷害。 | 寶可夢【V】【氣絕】時，對手獲得2張獎賞卡。","",""
"cmobmwaf6209z2pc7u9m0g3c5","哲爾尼亞斯","0716","attack","E","從自己的牌庫選擇最多3張各不同屬性的基本能量卡，以任意方式附於自己的寶可夢身上。並且重洗牌庫。","自分の山札から、それぞれちがうタイプの基本エネルギーを3枚まで選び、自分のポケモンに好きなようにつける。そして山札を切る。",""
"cmo1u7wv125iy5ueexwthfxd1","百合根娃娃","0548","attack","I","擲1次硬幣若為正面，則在下個對手的回合，這隻寶可夢不會受到招式的傷害與效果的影響。","コインを1回投げオモテなら、次の相手の番、このポケモンはワザのダメージや効果を受けない。","Flip a coin. If heads, during your opponent’s next turn, prevent all damage from and effects of attacks done to this Pokémon."
"cmo1u8las3bys5ueee9krvcog","大比鳥ex","0018","ability","G","在自己的回合時可使用1次。從自己的牌庫任意選擇1張卡加入手牌。並且重洗牌庫。在這個回合，若已經使出了其他的「音速搜索」，則這個特性無法使用。","自分の番に1回使える。自分の山札から好きなカードを1枚選び、手札に加える。そして山札を切る。この番、すでに別の「マッハサーチ」を使っていたなら、この特性は使えない。","Once during your turn, you may search your deck for a card and put it into your hand. Then, shuffle your deck. You can’t use more than 1 Quick Search Ability each turn."
"cmo1u8jot39ar5ueepexi9cx6","巨鉗螳螂V","0212","attack","D","選擇對手的戰鬥寶可夢身上附加的「寶可夢道具」卡與「特殊能量」卡各1張，將其丟棄。 | 寶可夢【V】【氣絕】時，對手獲得2張獎賞卡。","",""
"cmo1u8jj7391t5ueegbinmue3","蒼響","0888","attack","D","從自己的棄牌區選擇1張基本能量卡，附於這隻寶可夢身上。 | 若對手的場上有「寶可夢【VMAX】」，則增加150點傷害。","","Attach a basic Energy card from your discard pile to this Pokémon. | If your opponent has any Pokémon {VMAX} in play, this attack does 150 more damage."
"cmo1u7pn81t6z5ueestcu13up","<小霞的>寶石海星","0121","attack","I","在這個回合，若這隻寶可夢從「小霞的海星星」進化，則增加80點傷害。","この番に、このポケモンが「カスミのヒトデマン」から進化していたなら、80ダメージ追加。","If this Pokémon evolved from Misty’s Staryu during this turn, this attack does 80 more damage."
"cmo1u8jol39af5uee32xd9kqa","路卡利歐","0448","attack","D","從自己的牌庫抽出1張卡。 | 在下個自己的回合，這隻寶可夢無法使用招式。","","Draw a card. | During your next turn, this Pokémon can’t attack."
"cmo1u7ppz1tbo5ueeb3p0pnse","舞天鵝","0581","attack","I","選擇1個這隻寶可夢身上附加的能量，將其丟棄。","このポケモンについているエネルギーを1個選び、トラッシュする。","Discard an Energy from this Pokémon."
"cmo1u7y1927kv5ueegm6k9u6f","劈斬司令","0625","attack","G","這隻寶可夢也受到30點傷害。","このポケモンにも30ダメージ。","This Pokémon also does 30 damage to itself."
"cmo1u8jk5393d5ueej3dfnard","爆香猿","0514","attack","D","在下個自己的回合，這隻寶可夢無法使用招式。","","During your next turn, this Pokémon can’t attack."
"cmobmwajn20h52pc7tygil0q2","連擊武道熊師","0892","attack","E","造成自己的場上「連擊」寶可夢的數量×30點傷害。","自分の場の「れんげき」のポケモンの数×30ダメージ。",""
"cmo1u7ww625kv5uee9r46w1zw","藍蟾蜍","0536","attack","I","造成自己的場上的，持有「輪唱」招式的寶可夢的數量×40點傷害。","自分の場の、ワザ「りんしょう」を持つポケモンの数×40ダメージ。","This attack does 40 damage for each of your Pokémon in play that has the Round attack."
"cmo1u7z8r29np5ueet6esnh9h","獒教父","0943","attack","G","在下個對手的回合，這隻寶可夢受到招式的傷害時，將與受到的傷害相同數值的傷害指示物，放置於使用招式的寶可夢身上。","次の相手の番、このポケモンがワザのダメージを受けたとき、受けたダメージぶんのダメカンを、ワザを使ったポケモンにのせる。","During your opponent’s next turn, if this Pokémon is damaged by an attack (even if it is Knocked Out), put damage counters on the Attacking Pokémon equal to the damage done to this Pokémon."
"cmo1u82e92ez75ueef57hobap","彩粉蝶","0666","attack","H","從自己的牌庫，選擇自己的所有備戰寶可夢進化而來的卡各1張，放置於各自身上完成進化。並且重洗牌庫。","自分のベンチポケモン全員からそれぞれ進化するカードを、自分の山札から1枚ずつ選び、それぞれにのせて進化させる。そして山札を切る。",""
"cmo1u8jkn39465ueeqy4onhbl","鰓魚龍","0882","ability","D","只要這隻寶可夢在戰鬥場上，對手無法從手牌使出寶可夢並完成進化。","","As long as this Pokémon is in the Active Spot, your opponent can’t play any Pokémon from their hand to evolve their Pokémon."
"cmo1u7yc3283b5uee0poz961n","噴火龍ex","0006","attack","G","若這隻寶可夢身上放置有傷害指示物，則增加100點傷害。 | 選擇3個這隻寶可夢身上附加的能量，將其丟棄。 | 寶可夢【ex】【昏厥】時，對手獲得2張獎賞卡。","このポケモンにダメカンがのっているなら、100ダメージ追加。 | このポケモンについているエネルギーを3個選び、トラッシュする。",""
"cmo1u70zk0myq5ueegdx5wdgu","毛辮羊","0831","attack","E","擲1次硬幣若為正面，則增加40點傷害。","コインを1回投げオモテなら、40ダメージ追加。",""
"cmo1u8jqp39dj5uee7b2370on","圈圈熊","0217","attack","D","將對手的牌庫上方1張卡丟棄。","","Discard the top card of your opponent’s deck."
"cmo1u8jl4394y5ueej54vzmr2","電龍","0181","attack","D","將對手的戰鬥寶可夢【混亂】。","","Your opponent’s Active Pokémon is now Confused."
"cmo1u8jle395e5ueegmt53kvw","雷電獸","0310","attack","D","若希望，將這隻寶可夢與備戰寶可夢互換。 | 自己的1隻備戰寶可夢也受到30點傷害。[在備戰區不計算弱點・抵抗力。]","","You may switch this Pokémon with 1 of your Benched Pokémon. | This attack also does 30 damage to 1 of your Benched Pokémon. (Don’t apply Weakness and Resistance for Benched Pokémon.)"
"cmo1u7prm1teg5ueegefjh2hm","厄鬼椪 水井面具","1017","attack","I","從自己的牌庫選擇1張「基本【水】能量」卡，附於自己的寶可夢身上。並且重洗牌庫。 | 將這隻寶可夢恢復「30」HP。","自分の山札から「基本エネルギー」を1枚選び、自分のポケモンにつける。そして山札を切る。 | このポケモンのHPを「30」回復する。","Search your deck for a Basic {W} Energy card and attach it to 1 of your Pokémon. Then, shuffle your deck. | Heal 30 damage from this Pokémon."
"cmo1u7z8u29nt5ueecs2yfbpo","銅鏡怪","0436","attack","G","從牌庫抽卡直到自己的手牌與對手的手牌張數相同為止。","自分の手札が、相手の手札と同じ枚数になるように、山札を引く。",""
"cmo1u8jr539eb5uee9sobqlly","向尾喵","0300","attack","D","從自己的牌庫選擇1張能量卡，在給對手看過後加入手牌。並且重洗牌庫。","","Search your deck for an Energy card, reveal it, and put it into your hand. Then, shuffle your deck."
"cmo1u7qd71uff5uee1g3hpy1i","猛雷鼓ex","1021","attack","H","將自己的手牌全部丟棄，從牌庫抽出6張卡。 | 將自己的場上寶可夢身上附加的任意數量的基本能量卡丟棄，造成其張數×70點傷害。","自分の手札をすべてトラッシュし、山札を6枚引く。 | 自分の場のポケモンについている基本エネルギーを好きなだけトラッシュし、その枚数×70ダメージ。","Discard your hand and draw 6 cards. | You may discard any amount of Basic Energy from your Pokémon. This attack does 70 damage for each card you discarded in this way."
"cmo1u8jr139e35ueennjt6t4c","優雅貓","0301","attack","D","選擇1隻對手的備戰寶可夢，與戰鬥寶可夢互換。然後，將新上場的寶可夢【混亂】。","","Switch 1 of your opponent’s Benched Pokémon with their Active Pokémon. The new Active Pokémon is now Confused."
"cmo1u7wwd25l75ueeqvusagy3","肋骨海龜","0565","ability","I","這隻寶可夢不會受到對手的身上附有特殊能量卡的寶可夢招式的傷害與效果的影響。","このポケモンは、特殊エネルギーがついている相手のポケモンから、ワザのダメージや効果を受けない。","Prevent all damage from and effects of attacks done to this Pokémon by your opponent’s Pokémon that have any Special Energy attached."
"cmo1u8jm1396a5ueetfbatphd","卡璞・鳴鳴","0785","attack","D","從自己的牌庫抽出2張卡。","","Draw 2 cards."
"cmo1u8jme396u5ueeow7schp9","啪嚓海膽","0871","attack","D","從自己的牌庫抽出2張卡。 | 擲1次硬幣若為正面，則將對手的戰鬥寶可夢【麻痺】。","","Draw 2 cards. | Flip a coin. If heads, your opponent’s Active Pokémon is now Paralyzed."
"cmo1u81dn2dbl5ueekj0mufvc","鍬農炮蟲","0738","attack","H","增加自己的備戰區的「蟲電寶」的數量×80點傷害。","自分のベンチの「デンヂムシ」の数×80ダメージ追加。","This attack does 80 more damage for each of your Benched Charjabug."
"cmo1u8jrp39f35ueed150xn8d","姆克鷹","0398","attack","D","選擇自己的場上寶可夢身上附加的任意數量的能量，以任意方式改附於自己的寶可夢身上。 | 這隻寶可夢也受到30點傷害。","","Move any amount of Energy from your Pokémon to your other Pokémon in any way you like. | This Pokémon also does 30 damage to itself."
"cmo1u7wn6255o5ueeedrpo432","力壯雞","0256","attack","I","擲2次硬幣，造成正面出現的次數×40點傷害。","コインを2回投げ、オモテの数×40ダメージ。","Flip 2 coins. This attack does 40 damage for each heads."
"cmo1u7qch1ue65ueeaf6u1yjg","雙斧戰龍","0612","attack","H","若對手的戰鬥寶可夢身上附有特殊能量卡，則將那隻寶可夢【昏厥】。 | 將自己的牌庫上方3張卡丟棄。","相手のバトルポケモンに特殊エネルギーがついているなら、そのポケモンをきぜつさせる。 | 自分の山札を上から3枚トラッシュする。","If your opponent’s Active Pokémon has any Special Energy attached, it is Knocked Out. | Discard the top 3 cards of your deck."
"cmo1u8jnn398u5ueemktj7t8t","超甲狂犀V","0464","attack","D","選擇1個對手的戰鬥寶可夢身上附加的能量，將其丟棄。 | 在下個自己的回合，這隻寶可夢無法使用「重岩加農炮」。 | 寶可夢【V】【氣絕】時，對手獲得2張獎賞卡。","",""
"cmo1u8jnz399e5ueejvwq9lfs","基格爾德","0718","attack","D","若自己剩餘獎賞卡的張數，比對手剩餘獎賞卡的張數多，則增加80點傷害。","","If you have more Prize cards remaining than your opponent, this attack does 80 more damage."
"cmo1u82212eg05uee5vv8d65r","流氓熊貓","0675","attack","H","選擇1隻對手的備戰寶可夢，與戰鬥寶可夢互換。 | 將這隻寶可夢【混亂】。","相手のベンチポケモンを1匹選び、バトルポケモンと入れ替える。 | このポケモンをこんらんにする。","This Pokémon is now Confused."
"cmo1u81n62dr35ueerpnah2uw","大狼犬","0262","attack","H","若自己的備戰區有「大狼犬」，則增加90點傷害。 | 在下個對手的回合，受到這個招式的寶可夢無法撤退。","自分のベンチに「グラエナ」がいるなら、90ダメージ追加。 | 次の相手の番、このワザを受けたポケモンは、にげられない。","If Mightyena is on your Bench, this attack does 90 more damage. | During your opponent’s next turn, the Defending Pokémon can’t retreat."
"cmo1u8joc399z5ueeojb158r7","其他巨炭山VMAX","0839","attack","D","將自己的牌庫上方1張卡丟棄，若那張卡為能量卡，則增加90點傷害。然後，將丟棄的能量卡附於這隻寶可夢身上。 | 寶可夢【VMAX】【氣絕】時，對手獲得3張獎賞卡。","",""
"cmo1u7q711u4x5ueecled2utt","百足蜈蚣","0543","attack","H","將對手的戰鬥寶可夢【中毒】。","相手のバトルポケモンをどくにする。",""
"cmo1u85442jml5ueevlrq3ash","哎呀球菇","0590","attack","H","將對手的戰鬥寶可夢【睡眠】。","相手のバトルポケモンをねむりにする。","Your opponent’s Active Pokémon is now Asleep."
"cmo1u7wp625945ueedy46w1t8","<火箭隊的>班基拉斯","0248","ability","I","只要這隻寶可夢在戰鬥場上，每次寶可夢檢查時，在對手的所有【基礎】寶可夢身上各放置2個傷害指示物。","このポケモンがバトル場にいるかぎり、ポケモンチェックのたび、相手のたねポケモン全員に、それぞれダメカンを2個のせる。","During Pokémon Checkup, if this Pokémon is in the Active Spot, put 2 damage counters on each of your opponent’s Basic Pokémon."
"cmo1u7q3v1tzk5ueesng5alo7","拳拳蛸","0852","attack","H","這隻寶可夢也受到10點傷害。","このポケモンにも10ダメージ。","This Pokémon also does 10 damage to itself."
"cmo1u7qc01ude5ueevx8fe2nj","鐵頭殼","1023","attack","H","若對手的備戰寶可夢的數量為3隻以上，則增加80點傷害。","相手のベンチポケモンの数が3匹以上なら、80ダメージ追加。","If your opponent has 3 or more Benched Pokémon, this attack does 80 more damage."
"cmo1u7wn8255s5ueehzrzndlw","火焰雞","0257","attack","I","將2個這隻寶可夢身上附加的能量丟棄，對手的1隻備戰寶可夢也受到120點傷害。[在備戰區不計算弱點・抵抗力。]","このポケモンについているエネルギーを2個トラッシュし、相手のベンチポケモン1匹にも、120ダメージ。［ベンチは弱点・抵抗力を計算しない。］","Discard 2 Energy from this Pokémon. This attack also does 120 damage to 1 of your opponent’s Benched Pokémon. (Don’t apply Weakness and Resistance for Benched Pokémon.)"
"cmo1u82an2et25ueefuevc7s0","啃果蟲","0840","attack","H","將自己的1隻寶可夢恢復「30」HP。 | 擲1次硬幣若為正面，則增加30點傷害。","自分のポケモン1匹のHPを「30」回復する。 | コインを1回投げオモテなら、30ダメージ追加。","Flip a coin. If heads, this attack does 30 more damage."
"cmo1u8jps39cb5ueeu54vw8wg","齒輪怪","0601","attack","D","若自己的備戰區沒有「齒輪兒」「齒輪組」，則這個招式失敗。","","If you don’t have Klink and Klang on your Bench, this attack does nothing."
"cmo1u7xdd26f85ueezp0ycjrk","輕飄飄","0592","attack","I","在下個對手的回合，對手無法從手牌使出物品卡。","次の相手の番、相手は手札からグッズを出して使えない。","During your opponent’s next turn, they can’t play any Item cards from their hand."
"cmo1u8jq039cn5ueesz06muvm","伽勒爾 泥巴魚V","0618","ability","D","這隻寶可夢的最大HP，隨這隻寶可夢身上附加的【鋼】能量每1個增加「20」。","",""
"cmo1u82oq2fh65ueea2xd7u0c","金魚王","0119","ability","H","若場上有「祭典會場」，則這隻寶可夢可使用持有的招式2次。（若對手的戰鬥寶可夢因第1次的招式而【昏厥】了，則在下一隻寶可夢放置後，使用第2次的招式。）","場に「お祭り会場」が出ているなら、このポケモンは、持っているワザを2回連続で使える。（1回目のワザで相手のバトルポケモンがきぜつしたなら、次のバトルポケモンが出たあと、2回目のワザを使う。）","If Festival Grounds is in play, this Pokémon may use an attack it has twice. If the first attack Knocks Out your opponent’s Active Pokémon, you may attack again after your opponent chooses a new Active Pokémon."
"cmo1u7yhj28co5ueev5dzayvx","大舌貝","0090","attack","G","在下個對手的回合，這隻寶可夢受到招式的傷害「-30」點。","次の相手の番、このポケモンが受けるワザのダメージは「-30」される。",""
"cmo1u8jqr39dn5ueeh9x6heif","洛奇亞","0249","attack","D","選擇1個這隻寶可夢身上附加的能量，放回手牌。","","Put an Energy attached to this Pokémon into your hand."
"cmo1u8jr739ef5ueeyc7i7xop","七夕青鳥","0334","ability","D","這隻寶可夢不會受到對手的「寶可夢【V】・【GX】」招式的傷害。","","Prevent all damage done to this Pokémon by attacks from your opponent’s Pokémon {V} and Pokémon-{GX}."
"cmo1u7wy325o75uee9t8dmaok","投摔鬼","0538","attack","I","減少對手的戰鬥寶可夢【撤退】所需的能量的數量×30點傷害。","相手のバトルポケモンのにげるためのエネルギーの数×30ダメージぶん、このワザのダメージは小さくなる。","This attack does 30 less damage for each {C} in your opponent’s Active Pokémon’s Retreat Cost."
"cmo1u8jrj39ev5ueeggdjw4uc","聒噪鳥","0441","attack","D","從自己的牌庫選擇最多2張基本能量卡，在給對手看過後加入手牌。並且重洗牌庫。","",""
"cmo1u7zo92ae65ueepgge3ot6","雙劍鞘","0680","attack","G","在下個自己的回合，這隻寶可夢無法使用「猛擊在地」。","次の自分の番、このポケモンは「スラッシュダウン」が使えない。","During your next turn, this Pokémon can’t use Slashing Strike."
"cmo1u7xzf27hr5ueenc6sxvuk","飄飄球","0425","attack","G","造成這隻寶可夢身上放置的傷害指示物的數量×30點傷害。","このポケモンにのっているダメカンの数×30ダメージ。",""
"cmo1u8js539fo5uee67alfh5j","藏飽栗鼠","0820","attack","D","在造成傷害前，將對手的戰鬥寶可夢身上附加的「寶可夢道具」丟棄。 | 將這隻寶可夢與附加的卡，全部放回手牌。","","Before doing damage, discard all Pokémon Tools from your opponent’s Active Pokémon. | Put this Pokémon and all attached cards into your hand."
"cmo1u6wuf0fvh5ueecfszivsm","滾滾蝙蝠","0527","attack","D","對手的所有寶可夢各受到30點傷害。若自己的手牌有1張卡以上，則這個招式失敗。[在備戰區不計算弱點・抵抗力。]","相手のポケモン全員に、それぞれ30ダメージ。自分の手札が1枚でもあるなら、このワザは失敗。［ベンチは弱点・抵抗力を計算しない。］",""
"cmo1u7q2v1txs5ueen88vto7j","師父鼬","0620","attack","I","這個招式的傷害不計算抵抗力。","このワザのダメージは抵抗力を計算しない。","This attack’s damage isn’t affected by Resistance."
"cmo1u7z2629cb5ueeo9i5aaur","鹽石寶","0932","attack","G","將自己的1隻寶可夢恢復「20」HP。","自分のポケモン1匹のHPを「20」回復する。","Heal 20 damage from 1 of your Pokémon."
"cmo1u7wz925q85ueeefuyv3cx","斧牙龍","0611","attack","I","在下個自己的回合，這隻寶可夢無法使用招式。","次の自分の番、このポケモンはワザが使えない。","During your next turn, this Pokémon can’t use attacks."
"cmo1u7yda285b5ueeirtlsqdi","阿柏怪ex","0024","attack","G","在下個對手的回合，受到這個招式的寶可夢無法撤退。 | 對手選擇對手自己的2張手牌，將其丟棄。 | 寶可夢【ex】【昏厥】時，對手獲得2張獎賞卡。","次の相手の番、このワザを受けたポケモンは、にげられない。 | 相手は相手自身の手札を2枚選び、トラッシュする。",""
"cmo1u8jvr39kx5ueeujq0w2ag","焚焰蚣","0851","attack","D","將對手的戰鬥寶可夢【灼傷】。","","Your opponent’s Active Pokémon is now Burned."
"cmo1u7xs727595uee0p61l5pv","骨紋巨聲鱷ex","0911","attack","G","將自己的所有寶可夢各恢復「30」HP。 | 減少這隻寶可夢身上放置的傷害指示物的數量×10點傷害。 | 寶可夢【ex】【昏厥】時，對手獲得2張獎賞卡。","自分のポケモン全員のHPを、それぞれ「30」回復する。 | このポケモンにのっているダメカンの数×10ダメージぶん、このワザのダメージは小さくなる。","Heal 30 damage from each of your Pokémon. | This attack does 10 less damage for each damage counter on this Pokémon."
"cmo1u7y0t27k35ueel7jyow1p","故勒頓ex","1007","ability","G","在自己的回合時可使用1次，若使用，則回合結束。從自己的棄牌區選擇最多2張「基本【鬥】能量」卡，以任意方式附於自己的【鬥】屬性的【基礎】寶可夢身上。","自分の番に1回使えて、使ったなら、番は終わる。自分のトラッシュから「基本エネルギー」を2枚まで選び、自分のタイプのたねポケモンに好きなようにつける。",""
"cmo1u8jcw38r35uee81ixi7rv","凍原熊","0614","attack","D","這隻寶可夢也受到50點傷害。","","This Pokémon also does 50 damage to itself."
"cmobmwah520d42pc7cvb27juj","櫻花兒","0421","ability","E","在自己的回合時，可不限次數使用。從自己的手牌選擇1張【草】能量卡，附於自己的寶可夢（「擁有規則的寶可夢」除外）身上。","自分の番に何回でも使える。自分の手札からエネルギーを1枚選び、自分のポケモン（「ルールを持つポケモン」をのぞく）につける。",""
"cmo1u80ta2ccu5ueextwwu8p1","陸地水母","0949","ability","G","只要這隻寶可夢在場上，對手的棄牌區的卡，無法因對手的特性或者訓練家卡的效果而加入手牌。","このポケモンがいるかぎり、相手のトラッシュにあるカードは、相手の特性またはトレーナーズの効果で、手札に加えられない。","Cards in your opponent’s discard pile can’t be put into their hand by an effect of your opponent’s Abilities or Trainer cards."
"cmo1u8jlq395y5uee3ot3jitw","電蜘蛛","0596","attack","D","擲1次硬幣若為正面，則將對手的戰鬥寶可夢【麻痺】。 | 造成對手的戰鬥寶可夢身上放置的傷害指示物的數量×20點傷害。","","Flip a coin. If heads, your opponent’s Active Pokémon is now Paralyzed. | This attack does 20 damage for each damage counter on your opponent’s Active Pokémon."
"cmo1u7zyl2avt5ueewdgdsyru","雄偉牙ex","0984","ability","G","在自己的回合結束時，若這隻寶可夢在戰鬥場上，則一定要使用1次。將自己的牌庫上方5張卡丟棄。","自分の番の終わりに、このポケモンがバトル場にいるなら、必ず1回使う。自分の山札を上から5枚トラッシュする。","Once at the end of your turn (after your attack), if this Pokémon is in the Active Spot, you must discard the top 5 cards of your deck."
"cmo1u6y660i4b5uee6cynujaa","暴雪王","0460","attack","E","從自己的牌庫選擇1張【超】能量卡，附於自己的寶可夢身上。並且重洗牌庫。若在後攻玩家的最初回合使用，則可附上的張數改為最多3張，附於自己的1隻寶可夢身上。 | 若自己的場上的能量有5個以上，則增加90點傷害。","",""
"cmo1u7qdc1ufn5ueeez9glyhy","<火箭隊的>拉達","0020","attack","I","擲2次硬幣，若全部為反面，則這隻寶可夢也受到90點傷害。","コインを2回投げ、すべてウラなら、このポケモンにも90ダメージ。","Flip 2 coins. If both of them are tails, this Pokémon also does 90 damage to itself."
"cmo1u6y2k0hxy5ueeey6rimif","麻麻小魚","0602","attack","E","擲1次硬幣若為正面，則將對手的戰鬥寶可夢【麻痺】。","コインを1回投げオモテなら、相手のバトルポケモンをマヒにする。","Flip a coin. If heads, your opponent’s Active Pokémon is now Paralyzed."
"cmo1u7qbv1ud65ueetd66zu06","賽富豪","1000","attack","H","在這個回合，若這隻寶可夢從「索財靈」進化，則增加90點傷害。 | 若希望，將這隻寶可夢與附加的卡，全部放回自己的牌庫並重洗。","この番、このポケモンが「コレクレー」から進化していたなら、90ダメージ追加。 | のぞむなら、このポケモンと、ついているすべてのカードを、自分の山札にもどして切る。","If this Pokémon evolved from Gimmighoul during this turn, this attack does 90 more damage. | You may shuffle this Pokémon and all attached cards into your deck."
"cmo1u8jdu38sn5ueezv7nunpa","布魯皇","0210","attack","D","在下個對手的回合，受到這個招式的寶可夢無法撤退。","","During your opponent’s next turn, the Defending Pokémon can’t retreat."
"cmo1u6ydi0ih15ueeo0lle6ra","泥偶巨人","0623","attack","E","若這隻寶可夢身上附有「寶可夢道具」，則增加90點傷害。 | 這隻寶可夢也受到30點傷害。","このポケモンに「ポケモンのどうぐ」がついているなら、90ダメージ追加。 | このポケモンにも30ダメージ。",""
"cmo1u8jds38sj5ueeiljx39ym","沙奈朵V","0282","attack","D","在這個回合，若這隻寶可夢恢復了HP，則增加80點傷害。 | 寶可夢【V】【氣絕】時，對手獲得2張獎賞卡。","",""
"cmo1u7qge1ukw5ueeaez0eqf8","泡沫栗鼠","0572","attack","I","擲2次硬幣，造成正面出現的次數×20點傷害。","コインを2回投げ、オモテの数×20ダメージ。","Flip 2 coins. This attack does 20 damage for each heads."
"cmo1u7y5j27s15ueet2ms1xks","熱辣娃","0951","attack","G","從自己的牌庫選擇1張「基本【火】能量」卡，附於這隻寶可夢身上。並且重洗牌庫。","自分の山札から「基本エネルギー」を1枚選び、このポケモンにつける。そして山札を切る。","Search your deck for a Basic {R} Energy card and attach it to this Pokémon. Then, shuffle your deck."
"cmo1u7ygm28b45uee9o8ug6n7","隆隆岩ex","0076","attack","G","在下個自己的回合，這隻寶可夢使用的招式，對對手的戰鬥寶可夢造成的傷害「+120」點。 | 這個招式的傷害不計算抵抗力。 | 寶可夢【ex】【昏厥】時，對手獲得2張獎賞卡。","次の自分の番、このポケモンが使うワザの、相手のバトルポケモンへのダメージは「+120」される。 | このワザのダメージは抵抗力を計算しない。","During your next turn, attacks used by this Pokémon do 120 more damage to your opponent’s Active Pokémon (before applying Weakness and Resistance). | This attack’s damage isn’t affected by Resistance."
"cmo1u7wqh25bd5ueepcbfntw8","<火箭隊的>雙彈瓦斯","0110","attack","I","造成雙方的場上的，名稱中有「瓦斯彈」或者「雙彈瓦斯」的寶可夢的數量×40點傷害。","おたがいの場の、名前に「ドガース」または「マタドガス」とつくポケモンの数×40ダメージ。","This attack does 40 damage for each Pokémon in play that has “Koffing” or “Weezing” in its name (both yours and your opponent’s)."
"cmo1u7wvu25ka5uee878j42pb","燃燒蟲","0636","attack","I","在造成傷害前，將對手的戰鬥寶可夢身上附加的「寶可夢道具」卡丟棄。","ダメージを与える前に、相手のバトルポケモンについている「ポケモンのどうぐ」をトラッシュする。","Before doing damage, discard all Pokémon Tools from your opponent’s Active Pokémon."
"cmo1u8jni398m5uee5p6okrue","路卡利歐V","0448","attack","D","對手的1隻備戰寶可夢也受到20點傷害。[在備戰區不計算弱點・抵抗力。] | 在下個自己的回合，這隻寶可夢無法使用「擊潰粉碎」。 | 寶可夢【V】【氣絕】時，對手獲得2張獎賞卡。","",""
"cmo1u7yz8297a5uee4xlfaypn","毽子草","0187","attack","G","擲1次硬幣若為正面，則在下個對手的回合，這隻寶可夢不會受到招式的傷害與效果的影響。","コインを1回投げオモテなら、次の相手の番、このポケモンはワザのダメージや効果を受けない。",""
"cmo1u7wxh25n35ueeldzy5x2n","小灰怪","0605","attack","I","選擇1個對手的場上寶可夢身上附加的能量，改附於對手的其他寶可夢身上。","相手の場のポケモンについているエネルギーを1個選び、相手の別のポケモンにつけ替える。","Move an Energy from 1 of your opponent’s Pokémon to another of their Pokémon."
"cmobmw3zj1pzj2pc7eelbet14","大竺葵","0154","ability","I","只要這隻寶可夢在場上，自己的所有寶可夢身上附加的「基本【草】能量」卡，視為各提供2個【草】能量。這個特性的效果不會重複。","このポケモンがいるかぎり、自分のポケモン全員についている「基本エネルギー」は、それぞれエネルギー2個ぶんとしてはたらく。この特性の効果は重ならない。",""
"cmo1u7xyq27gj5uee0g3djzae","海地鼠","0960","attack","G","擲1次硬幣若為正面，則在下個對手的回合，這隻寶可夢不會受到招式的傷害與效果的影響。","コインを1回投げオモテなら、次の相手の番、このポケモンはワザのダメージや効果を受けない。","Flip a coin. If heads, during your opponent’s next turn, prevent all damage from and effects of attacks done to this Pokémon."
"cmobmw40w1q1n2pc7y5cf503j","雪吞蟲","0872","attack","I","擲1次硬幣若為正面，則在下個對手的回合，這隻寶可夢不會受到招式的傷害與效果的影響。","コインを1回投げオモテなら、次の相手の番、このポケモンはワザのダメージや効果を受けない。","Flip a coin. If heads, during your opponent’s next turn, prevent all damage from and effects of attacks done to this Pokémon."
"cmobmw40y1q1r2pc77sm0ux8n","雪絨蛾","0873","attack","I","對手的所有寶可夢各受到20點傷害。將對手的戰鬥寶可夢【睡眠】。[在備戰區不計算弱點・抵抗力。]","相手のポケモン全員に、それぞれ20ダメージ。相手のバトルポケモンをねむりにする。［ベンチは弱点・抵抗力を計算しない。］","This attack does 20 damage to each of your opponent’s Pokémon. (Don’t apply Weakness and Resistance for Benched Pokémon.) Your opponent’s Active Pokémon is now Asleep."
"cmo1u8hyx36ek5uee5wdnc680","雙刃丸","0502","attack","D","若希望，選擇1個對手的戰鬥寶可夢身上附加的能量，放回對手的手牌。","","You may put an Energy attached to your opponent’s Active Pokémon into their hand."
"cmo1u829f2er25uee0h1anjc7","沙漠蜻蜓ex","0330","attack","H","若希望，將這隻寶可夢與備戰寶可夢互換。 | 對手的所有「寶可夢【ex】・【V】」各受到100點傷害。這個招式的傷害不計算弱點・抵抗力。","のぞむなら、このポケモンをベンチポケモンと入れ替える。 | 相手の「ポケモンex・V」全員に、それぞれ100ダメージ。このワザのダメージは弱点・抵抗力を計算しない。","You may switch this Pokémon with 1 of your Benched Pokémon."
"cmo1u8hzo36fw5ueep6361ptq","頑皮雷彈","0101","ability","D","若這隻寶可夢在備戰區，則在自己的回合時可使用1次，若使用，則將這隻寶可夢【氣絕】。從自己的牌庫選擇最多2張【雷】能量卡，以任意方式附於自己的【雷】寶可夢身上。並且重洗牌庫。","","Once during your turn, if this Pokémon is on your Bench, you may search your deck for up to 2 {L} Energy cards and attach them to your {L} Pokémon in any way you like. Then, shuffle your deck. If you searched your deck in this way, this Pokémon is Knocked Out."
"cmo1u8jqu39dr5ueeye9tu2yv","熊寶寶","0216","attack","D","在下個對手的回合，受到這個招式的寶可夢無法撤退。","",""
"cmo1u70wu0mty5ueelly93pq1","甲賀忍蛙V","0658","attack","E","擲3次硬幣，造成正面出現的次數×80點傷害。 | 寶可夢【V】【氣絕】時，對手獲得2張獎賞卡。","コインを3回投げ、オモテの数×80ダメージ。",""
"cmo1u83ua2hfn5uee0sarrxk0","咚咚鼠","0702","attack","G","增加對手的戰鬥寶可夢身上放置的傷害指示物的數量×10點傷害。","相手のバトルポケモンにのっているダメカンの数×10ダメージ追加。",""
"cmo1u7pi31sy55uee1m27fjza","鐵斑葉ex","1010","ability","H","在自己的回合，從手牌將這張卡放置於備戰區時，可使用1次。將這隻寶可夢與戰鬥寶可夢互換。互換的情況下，選擇自己的場上寶可夢身上附加的任意數量的能量卡，改附於這隻寶可夢身上。","自分の番に、このカードを手札からベンチに出したとき、1回使える。このポケモンをバトルポケモンと入れ替える。入れ替えた場合、自分の場のポケモンについているエネルギーを好きなだけ選び、このポケモンにつけ替える。","When you play this Pokémon from your hand onto your Bench during your turn, you may switch it with your Active Pokémon. If you do, you may move any amount of Energy from your other Pokémon to this Pokémon."
"cmo1u8i1436id5ueeujc7szow","怪力","0068","attack","D","造成自己的棄牌區的【鬥】寶可夢的張數×20點傷害。 | 這隻寶可夢也受到50點傷害。","","This attack does 20 damage for each {F} Pokémon in your discard pile. | This Pokémon also does 50 damage to itself."
"cmo1u7z2829cf5ueer8f8n7op","鹽石壘","0933","attack","G","擲3次硬幣，造成正面出現的次數×60點傷害。","コインを3回投げ、オモテの数×60ダメージ。","Flip 3 coins. This attack does 60 damage for each heads."
"cmobmwaj320g92pc7onk3150l","雪童子","0361","attack","E","擲1次硬幣若為正面，則將對手的戰鬥寶可夢【麻痺】。","コインを1回投げオモテなら、相手のバトルポケモンをマヒにする。","Flip a coin. If heads, your opponent’s Active Pokémon is now Paralyzed."
"cmo1u8i2q36l55ueeum45l1k4","堅盾劍怪V","0681","attack","D","這個招式的傷害不計算對手的戰鬥寶可夢身上的附加效果。 | 寶可夢【V】【氣絕】時，對手獲得2張獎賞卡。","",""
"cmp2dgb6w382t116cpugivsn9","小火龍","","ability","I","若這隻寶可夢身上沒有附加能量卡，則這隻寶可夢【撤退】所需的能量全部消除。","このポケモンにエネルギーがついていないなら、このポケモンはにげるためのエネルギーが、すべてなくなる。","If this Pokémon has no Energy attached, it has no Retreat Cost."
"cmo1u7yea28735uee3dtr83o8","胖可丁ex","0040","ability","G","若這隻寶可夢身上附有特殊能量卡，則這隻寶可夢的最大HP「+100」。","このポケモンに特殊エネルギーがついているなら、このポケモンの最大HPは「＋100」される。","If this Pokémon has any Special Energy attached, it gets +100 HP."
"cmo1u7q7f1u5l5ueey7ifjqfj","灰塵山","0569","attack","I","將對手的戰鬥寶可夢【中毒】。","相手のバトルポケモンをどくにする。","Your opponent’s Active Pokémon is now Poisoned."
"cmo1u79h511kp5ueeizqmbdxp","甲賀忍蛙V-UNION","0658","ability","E","對手從手牌使出物品時，這隻寶可夢不會受到其效果的影響。 | 這隻寶可夢不會【中毒】。 | 在自己的回合時，可使用1次。查看對手的手牌。","このポケモンは、相手が手札からグッズを出して使ったとき、その効果を受けない。",""
"cmo1u80pv2c715ueetctfb0lq","莫魯貝可","0877","ability","G","若這隻寶可夢身上沒有附加能量卡，則這隻寶可夢【撤退】所需的能量全部消除。","このポケモンにエネルギーがついていないなら、このポケモンのにげるためのエネルギーは、すべてなくなる。","If this Pokémon has no Energy attached, it has no Retreat Cost."
"cmo1u8i0c36h05ueenbn58hs3","胡地V","0065","attack","D","將3個傷害指示物以任意方式放置於對手的寶可夢身上。 | 造成對手的手牌的張數×30點傷害。 | 寶可夢【V】【氣絕】時，對手獲得2張獎賞卡。","",""
"cmo1u7xbn26c75uee2eqivvux","爆香猴","0513","attack","I","從自己的牌庫抽出1張卡。","自分の山札を1枚引く。","Draw a card."
"cmo1u8kf43agu5uee8svk5tsj","薩戮德","0893","attack","E","將這隻寶可夢恢復「30」HP。","","Heal 30 damage from this Pokémon."
"cmo1u8kfl3ahm5uee4nnma226","燒火蚣","0850","attack","E","將對手的戰鬥寶可夢【灼傷】。","",""
"cmo1u7z6k29jw5ueenrj7o1py","古簡蝸ex","1001","attack","G","對手的1隻備戰寶可夢受到對手已經獲得的獎賞卡的張數×60點傷害。[在備戰區不計算弱點・抵抗力。] | 寶可夢【ex】【昏厥】時，對手獲得2張獎賞卡。","相手のベンチポケモン1匹に、相手がすでにとったサイドの枚数×60ダメージ。［ベンチは弱点・抵抗力を計算しない。］",""
"cmo1u8kgj3aj75ueesf3c0xxh","暴噬龜","0834","ability","E","這隻寶可夢受到招式的傷害「-30」點。","","This Pokémon takes 30 less damage from attacks (after applying Weakness and Resistance)."
"cmo1u8kh23ak35uee6tkb156g","雪吞蟲","0872","attack","D","從自己的牌庫選擇1張【基礎】寶可夢卡，放置於備戰區。並且重洗牌庫。","自分の山札からたねポケモンを1枚選び、ベンチに出す。そして山札を切る。","Search your deck for a Basic Pokémon and put it onto your Bench. Then, shuffle your deck."
"cmo1u7q2l1txb5ueet7rtaapx","始祖小鳥","0566","attack","I","擲2次硬幣，增加正面出現的次數×30點傷害。","コインを2回投げ、オモテの数×30ダメージ追加。","Flip 2 coins. This attack does 30 more damage for each heads."
"cmo1u79h711kt5ueenaa9xgt7","超夢V-UNION","0150","ability","E","這隻寶可夢不會受到對手的寶可夢使用招式的效果的影響。","このポケモンは、相手のポケモンが使うワザの効果を受けない。",""
"cmo1u80vg2cgj5ueelq1p4vya","大鋼蛇","0208","attack","G","自己的所有備戰寶可夢也各受到30點傷害。 [在備戰區不計算弱點・抵抗力。]","自分のベンチポケモン全員にも、それぞれ30ダメージ。［ベンチは弱点・抵抗力を計算しない。］","This attack also does 30 damage to each of your Benched Pokémon. (Don’t apply Weakness and Resistance for Benched Pokémon.)"
"cmo1u80uk2cez5ueevky2mylc","鐵臂膀ex","0992","attack","G","若對手的寶可夢因這個招式的傷害而【昏厥】了，則多獲得1張獎賞卡。","このワザのダメージで、相手のポケモンがきぜつしたなら、サイドを1枚多くとる。",""
"cmo1u7w3l247i5ueel8ry2n8c","摔角鷹人","0701","ability","G","在自己的回合，從手牌將這張卡放置於備戰區時，可使用1次。在對手的2隻備戰寶可夢身上，各放置1個傷害指示物。","自分の番に、このカードを手札からベンチに出したとき、1回使える。相手のベンチポケモン2匹に、それぞれダメカンを1個のせる。","When you play this Pokémon from your hand onto your Bench during your turn, you may choose 2 of your opponent’s Benched Pokémon and put 1 damage counter on each of them."
"cmo1u8ie6374p5uee5e5g1lbx","大岩蛇","0095","attack","E","這隻寶可夢也受到60點傷害。","","This Pokémon also does 60 damage to itself."
"cmo1u80vs2ch35ueehvbviu4q","七夕青鳥ex","0334","ability","G","在自己的回合時可使用1次。將自己的所有寶可夢各恢復「20」HP。","自分の番に1回使える。自分のポケモン全員のHPを、それぞれ「20」回復する。","Once during your turn, you may heal 20 damage from each of your Pokémon."
"cmo1u79ha11kx5ueeeq2lzyk4","蒼響V-UNION","0888","attack","E","對戰中可放置1次，在自己的回合將自己的棄牌區中4種蒼響【V-UNION】加以組合，放置於備戰區。 | 從自己的棄牌區選擇最多2張【鋼】能量卡，附於這隻寶可夢身上。 | 在下個對手的回合，受到這個招式的寶可夢使用招式的傷害「-150」點。 | 選擇3個這隻寶可夢身上附加的能量，將其丟棄。 | 寶可夢【V-UNION】【氣絕】時，對手獲得3張獎賞卡。","自分のトラッシュからエネルギーを2枚まで選び、このポケモンにつける。 | 次の相手の番、このワザを受けたポケモンが使うワザのダメージは「-150」される。 | このポケモンについているエネルギーを3個選び、トラッシュする。",""
"cmo1u855y2jpq5ueew9k91bkh","蓋歐卡ex","0382","attack","H","若希望，將對手的戰鬥寶可夢與備戰寶可夢互換。[由對手選擇放置於戰鬥場的寶可夢。] | 選擇2個這隻寶可夢身上附加的能量，將其丟棄。","のぞむなら、相手のバトルポケモンをベンチポケモンと入れ替える。［バトル場に出すポケモンは相手が選ぶ。］ | このポケモンについているエネルギーを2個選び、トラッシュする。","You may switch out your opponent’s Active Pokémon to the Bench. (Your opponent chooses the new Active Pokémon.) | Discard 2 Energy from this Pokémon."
"cmo1u6p3s02eu5uee2a6zubkd","無畏小子","0236","attack","I","擲硬幣直到出現反面，增加正面出現的次數×30點傷害。","ウラが出るまでコインを投げ、オモテの数×30ダメージ追加。","Flip a coin until you get tails. This attack does 30 more damage for each heads."
"cmo1u8ier375p5uee7f7a6nui","師父鼬","0620","attack","E","將對手的戰鬥寶可夢【混亂】。將這隻寶可夢與附加的卡，全部放回自己的牌庫並重洗。","","Your opponent’s Active Pokémon is now Confused. Shuffle this Pokémon and all attached cards into your deck."
"cmo1u7pjc1t0a5ueeuugwde67","熔岩蝸牛ex","0219","attack","H","只要這隻寶可夢在備戰區，不會受到招式的傷害。 | 將對手的戰鬥寶可夢【灼傷】。 | 將雙方的牌庫上方各1張卡丟棄，增加其中能量卡的張數×140點傷害。","相手のバトルポケモンをやけどにする。 | おたがいの山札を上から1枚ずつトラッシュし、その中にあるエネルギーの枚数×140ダメージ追加。","Your opponent’s Active Pokémon is now Burned. | Discard the top card of each player’s deck. This attack does 140 more damage for each Energy card discarded in this way."
"cmo1u6y3b0hza5ueeti266dj8","頑皮熊貓","0674","attack","E","從自己的牌庫選擇最多2張【惡】能量卡，附於這隻寶可夢身上。並且重洗牌庫。","自分の山札からエネルギーを2枚まで選び、このポケモンにつける。そして山札を切る。",""
"cmo1u7qa31ua25uee74hyvbsz","齒輪兒","0599","attack","I","在下個對手的回合，這隻寶可夢受到招式的傷害「-10」點。","次の相手の番、このポケモンが受けるワザのダメージは「-10」される。","During your opponent’s next turn, this Pokémon takes 10 less damage from attacks (after applying Weakness and Resistance)."
"cmo1u7xf526i95ueehuf7uv06","鐵蟻","0632","attack","I","若自己的備戰區有「鐵蟻」，則增加20點傷害。","自分のベンチに「アイアント」がいるなら、20ダメージ追加。","If Durant is on your Bench, this attack does 20 more damage."
"cmo1u8kfs3ahy5ueekwurtxzs","焰后蜥","0758","attack","E","將對手的戰鬥寶可夢【混亂】。 | 造成對手的戰鬥寶可夢處於特殊狀態的數量×90點傷害。","","Your opponent’s Active Pokémon is now Confused. | This attack does 90 damage for each Special Condition affecting your opponent’s Active Pokémon."
"cmo1u7pvg1tl15ueehmr1vkvi","鐵荊棘ex","0995","ability","H","只要這隻寶可夢在戰鬥場上，雙方場上「擁有規則的寶可夢」（「未來」寶可夢除外）的特性全部消除。","このポケモンがバトル場にいるかぎり、おたがいの場の「ルールを持つポケモン」（「未来」のポケモンをのぞく）の特性は、すべてなくなる。","As long as this Pokémon is in the Active Spot, Pokémon with a Rule Box in play (both yours and your opponent’s) have no Abilities, except for Future Pokémon. (Pokémon {ex}, Pokémon {V}, etc. have Rule Boxes.)"
"cmo1u811s2cr95ueevv174jzh","洗翠 風速狗","0059","attack","H","若自己的備戰寶可夢身上放置有傷害指示物，則增加90點傷害。 | 將對手的戰鬥寶可夢【灼傷】。","自分のベンチポケモンにダメカンがのっているなら、90ダメージ追加。 | 相手のバトルポケモンをやけどにする。","If your Benched Pokémon have any damage counters on them, this attack does 90 more damage. | Your opponent’s Active Pokémon is now Burned."
"cmo1u7y6z27uh5ueer2aupa9t","布土撥","0922","attack","G","擲1次硬幣若為正面，則將對手的戰鬥寶可夢【麻痺】。","コインを1回投げオモテなら、相手のバトルポケモンをマヒにする。","Flip a coin. If heads, your opponent’s Active Pokémon is now Paralyzed."
"cmo1u8kkc3apk5ueemtv0zqkj","雙劍鞘","0680","attack","E","擲1次硬幣若為正面，則選擇1個對手的戰鬥寶可夢身上附加的能量，將其丟棄。","",""
"cmo1u8idf373g5uee70ba5kex","帝王拿波V","0395","ability","E","只要這隻寶可夢在戰鬥場上，對手場上的【基礎】寶可夢（「擁有規則的寶可夢」除外）的特性全部消除。","",""
"cmo1u81202crl5ueeft5puxt9","甲賀忍蛙ex","0658","attack","H","只要這隻寶可夢在備戰區，不會受到招式的傷害。 | 若希望，從自己的牌庫任意選擇1張卡加入手牌。並且重洗牌庫。 | 將2個這隻寶可夢身上附加的能量丟棄，對手的2隻寶可夢各受到120點傷害。[在備戰區不計算弱點・抵抗力。]","のぞむなら、自分の山札から好きなカードを1枚選び、手札に加える。そして山札を切る。 | このポケモンについているエネルギーを2個トラッシュし、相手のポケモン2匹に、それぞれ120ダメージ。［ベンチは弱点・抵抗力を計算しない。］","You may search your deck for a card and put it into your hand. Then, shuffle your deck."
"cmo1u7xaw26av5ueehzbbao8z","寶包繭","0541","ability","I","在自己的回合時可使用1次。將自己的戰鬥寶可夢恢復「20」HP。","自分の番に1回使える。自分のバトルポケモンのHPを「20」回復する。","Once during your turn, you may heal 20 damage from your Active Pokémon."
"cmo1u8kgz3ajz5ueev8xwp1o7","電擊獸","0125","attack","E","在下個自己的回合，這隻寶可夢無法使用「揮大拳」。","",""
"cmo1u8idn373t5uee064ofj7w","倫琴貓","0405","attack","E","對手的1隻寶可夢受到40點傷害。將這隻寶可夢與備戰寶可夢互換。[在備戰區不計算弱點・抵抗力。] | 若對手的戰鬥寶可夢身上放置有傷害指示物，則增加100點傷害。","","This attack does 40 damage to 1 of your opponent’s Pokémon. (Don’t apply Weakness and Resistance for Benched Pokémon.) Switch this Pokémon with 1 of your Benched Pokémon. | If your opponent’s Active Pokémon already has any damage counters on it, this attack does 100 more damage."
"cmo1u8ifl37755ueesddlln3o","愛管侍","0876","attack","E","從自己的牌庫抽出2張卡。 | 造成自己的手牌的張數×10點傷害。","","Draw 2 cards. | This attack does 10 damage for each card in your hand."
"cmo1u7xr6273g5uee24jgng7k","新葉喵","0906","attack","G","從自己的牌庫選擇最多2張基本能量卡，在給對手看過後加入手牌。並且重洗牌庫。","自分の山札から基本エネルギーを2枚まで選び、相手に見せて、手札に加える。そして山札を切る。",""
"cmo1u7xb726bf5uee6lt5116r","萌芽鹿","0586","attack","I","將對手的戰鬥寶可夢與備戰寶可夢互換。[由對手選擇放置於戰鬥場的寶可夢。]","相手のバトルポケモンをベンチポケモンと入れ替える。［バトル場に出すポケモンは相手が選ぶ。］","Switch out your opponent’s Active Pokémon to the Bench. (Your opponent chooses the new Active Pokémon.)"
"cmo1u7xb926bj5ueecjswzen5","小嘴蝸","0616","ability","I","若自己的場上有「蓋蓋蟲」，則這隻寶可夢就算在自己的最初回合或者剛使出的回合，也可進化。","自分の場に「カブルモ」がいるなら、このポケモンは、最初の自分の番や、出したばかりの番でも進化できる。","If you have Karrablast in play, this Pokémon can evolve during your first turn or the turn you play it."
"cmo1u8kh93akf5ueekjv12syi","卡璞・鳴鳴V","0785","attack","E","增加對手的場上寶可夢身上附加的能量的數量×40點傷害。 | 寶可夢【V】【氣絕】時，對手獲得2張獎賞卡。","",""
"cmo1u8kh63akb5uee5apzjnt7","逐電犬","0836","attack","E","在下個對手的回合，受到這個招式的寶可夢無法撤退。 | 若這隻寶可夢身上放置有傷害指示物，則這個招式只需要1個【雷】能量即可使用。","","During your opponent’s next turn, the Defending Pokémon can’t retreat. | If this Pokémon has any damage counters on it, this attack can be used for {L}."
"cmo1u7xbz26cs5ueet734k47j","雙刃丸","0502","attack","I","造成這隻寶可夢身上附加的能量的數量×30點傷害。","このポケモンについているエネルギーの数×30ダメージ。","This attack does 30 damage for each Energy attached to this Pokémon."
"cmo1u8khl3akz5ueep19g4948","噗噗豬","0326","attack","E","將對手的戰鬥寶可夢【混亂】。","","Your opponent’s Active Pokémon is now Confused."
"cmo1u8khx3alj5uee82jvozd0","超能妙喵","0678","ability","E","在自己的回合時，可使用1次。選擇1個放置於自己的場上寶可夢身上的傷害指示物，改放於對手的場上寶可夢身上。","","Once during your turn, you may move 1 damage counter from 1 of your Pokémon to 1 of your opponent’s Pokémon."
"cmo1u7yg128a45ueeygnersc3","豪力","0067","attack","G","將對手的牌庫上方1張卡丟棄。","相手の山札を上から1枚トラッシュする。",""
"cmo1u8idy374d5ueesy0i9yvv","奈克洛茲瑪V","0800","attack","E","對手的2隻備戰寶可夢也各受到20點傷害。[在備戰區不計算弱點・抵抗力。] | 若這隻寶可夢身上附有特殊能量，則增加120點傷害。 | 寶可夢【V】【氣絕】時，對手獲得2張獎賞卡。","",""
"cmo1u81832d1z5ueedbfj2j2z","雄偉牙","0984","attack","H","將對手的牌庫上方1張卡丟棄。在這個回合，若從手牌使出了「古代」支援者卡，則再丟棄3張。","相手の山札を上から1枚トラッシュする。この番、手札から「古代」のサポートを出して使っていたなら、さらに3枚トラッシュする。","Discard the top card of your opponent’s deck. If you played an Ancient Supporter card from your hand during this turn, discard 3 more cards in this way."
"cmo1u7o6t1qor5ueeyi79eo4m","鋁鋼龍","0884","attack","H","增加這隻寶可夢身上放置的傷害指示物的數量×10點傷害。","このポケモンにのっているダメカンの数×10ダメージ追加。","This attack does 10 more damage for each damage counter on this Pokémon."
"cmo1u8ki73alz5ueewteew5ph","天蠍王","0472","attack","E","擲2次硬幣，增加正面出現的次數×40點傷害。","","Flip 2 coins. This attack does 40 more damage for each heads."
"cmo1u8i8i36uz5uee0or4r7fd","赫拉克羅斯","0214","attack","E","擲2次硬幣，若全部為正面，則增加160點傷害。","","Flip 2 coins. If both of them are heads, this attack does 160 more damage."
"cmo1u8kix3an75uee8ys37rca","巨炭山","0839","attack","E","擲與這隻寶可夢身上附加的能量的數量相同次數的硬幣，造成正面出現的次數×90點傷害。 | 這隻寶可夢也受到50點傷害。","","Flip a coin for each Energy attached to this Pokémon. This attack does 90 damage for each heads. | This Pokémon also does 50 damage to itself."
"cmo1u7q7j1u5t5ueenc3jdir6","索羅亞克","0571","attack","I","造成對手的備戰寶可夢的數量×30點傷害。 | 選擇1個對手的戰鬥寶可夢持有的招式，作為這個招式使用。","相手のベンチポケモンの数×30ダメージ。 | 相手のバトルポケモンが持つワザを1つ選び、このワザとして使う。","This attack does 30 damage for each of your opponent’s Benched Pokémon. | Choose 1 of your opponent’s Active Pokémon’s attacks and use it as this attack."
"cmo1u8kj63ann5ueeze1shl1s","巨石丁","0874","attack","E","若場上有競技場卡，則增加30點傷害。 | 在下個自己的回合，這隻寶可夢無法使用「兆幅鐵錘」。","","If a Stadium is in play, this attack does 30 more damage. | During your next turn, this Pokémon can’t use Giga Hammer."
"cmo1u8kot3ax95ueesxzlkloy","敲音猴","0810","attack","E","擲2次硬幣，造成正面出現的次數×30點傷害。","",""
"cmo1u8igt379a5ueefq41lqg6","白蓬蓬","0830","ability","E","在自己的回合時，可使用1次。從自己的牌庫選擇最多2張基本能量卡，在給對手看過後加入手牌。並且重洗牌庫。","",""
"cmo1u6yc30iel5ueexvoma7vt","飄浮泡泡 雨水的樣子","0351","ability","E","若自己的棄牌區有8張以上的「競技場」卡，則這隻寶可夢使用招式所需的能量全部消除。","自分のトラッシュに「スタジアム」が8枚以上あるなら、このポケモンがワザを使うためのエネルギーは、すべてなくなる。","If you have 8 or more Stadium cards in your discard pile, ignore all Energy in this Pokémon’s attack costs."
"cmo1u8kje3ao05ueemfgjz19p","超音蝠","0041","attack","E","將這隻寶可夢與備戰寶可夢互換。","このポケモンをベンチポケモンと入れ替える。","Switch this Pokémon with 1 of your Benched Pokémon."
"cmo1u6ydn0iha5ueerzg9d49b","黑馬蕾冠王V","0898","attack","E","在對手的2隻寶可夢身上各放置5個傷害指示物。 | 寶可夢【V】【氣絕】時，對手獲得2張獎賞卡。","次の相手の番、相手は手札から、「特殊エネルギー」を出してつけられず「スタジアム」も出せない。 | 相手のポケモン2匹に、それぞれダメカンを5個のせる。",""
"cmo1u6xrm0hgn5uee2lkdfqwu","大嘴蝠","0042","ability","E","在自己的回合，當從手牌使出這張卡並完成進化時，可使用1次。從自己的牌庫抽出2張卡。","自分の番に、このカードを手札から出して進化させたとき、1回使える。自分の山札を2枚引く。","When you play this Pokémon from your hand to evolve 1 of your Pokémon during your turn, you may draw 2 cards."
"cmo1u7xyc27fv5ueel1y77l3d","紅蓮鎧騎","0936","ability","G","在自己的回合時，可不限次數使用。選擇1個自己的備戰寶可夢身上附加的【火】能量，改附於戰鬥寶可夢身上。","自分の番に何回でも使える。自分のベンチポケモンについているエネルギーを1個選び、バトルポケモンにつけ替える。","As often as you like during your turn, you may move a {R} Energy from 1 of your Benched Pokémon to your Active Pokémon."
"cmo1u8kj83anr5ueehoon6tb3","伽勒爾 呆殼獸","0080","attack","E","將雙方的戰鬥寶可夢【中毒】。 | 若這隻寶可夢處於特殊狀態，則增加120點傷害。","","Both Active Pokémon are now Poisoned. | If this Pokémon is affected by a Special Condition, this attack does 120 more damage."
"cmo1u8kk03ap05ueesglhfiiw","青銅鐘","0437","ability","E","在自己的回合時，可不限次數使用。選擇1個自己的場上寶可夢身上附加的【鋼】能量，改附於自己的其他寶可夢身上。","","As often as you like during your turn, you may move a {M} Energy from 1 of your Pokémon to another of your Pokémon."
"cmo1u8kpz3az65ueezfeqe1g7","騰蹴小將","0814","attack","E","在下個自己的回合，這隻寶可夢無法使用招式。","",""
"cmo1u7qgn1ulc5ueexdgv72s2","勇士雄鷹","0628","attack","I","擲1次硬幣若為正面，則增加40點傷害。","コインを1回投げオモテなら、40ダメージ追加。","Flip a coin. If heads, this attack does 40 more damage."
"cmo1u81e02dc95ueekmbu5yyv","蝶結萌虻","0743","attack","H","在下個自己的回合，受到這個招式的寶可夢【昏厥】時，多獲得2張獎賞卡。","次の自分の番、このワザを受けたポケモンがきぜつしたとき、サイドを2枚多くとる。","You may move an Energy from your opponent’s Active Pokémon to 1 of their Benched Pokémon."
"cmo1u8kk83apc5ueey5ae4dj4","獨劍鞘","0679","attack","E","擲1次硬幣若為正面，則增加30點傷害。","",""
"cmo1u83lq2h145ueec9gedxuz","<阿響的>火爆獸","0157","attack","I","增加自己的棄牌區的「阿響的冒險」的張數×60點傷害。","自分のトラッシュにある「ヒビキの冒険」の枚数×60ダメージ追加。","This attack does 60 more damage for each Ethan’s Adventure card in your discard pile."
"cmo1u8ihn37aq5uee0ui7xhlh","美納斯","0350","ability","E","只要這隻寶可夢在場上，對手從手牌使出支援者時，這張卡的持有人與其手牌不會受到其效果的影響。","","Whenever your opponent plays a Supporter card from their hand, prevent all effects of that card done to you or your hand."
"cmo1u8kkq3aq85ueezhovchid","大舌舔","0463","attack","E","對手將對手自己的牌庫上方3張卡丟棄。或者對手選擇3張對手自己的手牌，將其丟棄。 | 將對手的戰鬥寶可夢與備戰寶可夢互換。[由對手選擇放置於戰鬥場的寶可夢。]","","Your opponent chooses to discard the top 3 cards of their deck or to discard 3 cards from their hand. | Your opponent switches their Active Pokémon with 1 of their Benched Pokémon."
"cmo1u7pli1t425uee8srw1qwp","火斑喵","0725","attack","H","擲1次硬幣若為正面，則將對手的戰鬥寶可夢【麻痺】。","コインを1回投げオモテなら、相手のバトルポケモンをマヒにする。","Flip a coin. If heads, your opponent’s Active Pokémon is now Paralyzed."
"cmo1u8kkx3aqk5ueej12gh1ud","伊布","0133","attack","D","從自己的牌庫選擇1張從「伊布」進化而來的卡，在給對手看過後加入手牌。並且重洗牌庫。 | 擲1次硬幣若為反面，則這個招式失敗。","",""
"cmo1u7xbb26bn5uee5d9uusta","敏捷蟲","0617","attack","I","擲1次硬幣若為正面，則選擇1個對手的戰鬥寶可夢身上附加的能量，將其丟棄。","コインを1回投げオモテなら、相手のバトルポケモンについているエネルギーを1個選び、トラッシュする。","Flip a coin. If heads, discard an Energy from your opponent’s Active Pokémon."
"cmo1u8kl13aqs5uee5009cxlw","長毛狗V","0508","attack","E","若這個招式的傷害將對手的【基礎】寶可夢【氣絕】，則多獲得1張獎賞卡。 | 這隻寶可夢也受到30點傷害。 | 寶可夢【V】【氣絕】時，對手獲得2張獎賞卡。","",""
"cmo1u8krf3b1m5ueeuka7s3kx","白馬蕾冠王V","0898","attack","E","對手的所有備戰寶可夢也各受到10點傷害。[在備戰區不計算弱點・抵抗力。] | 寶可夢【V】【氣絕】時，對手獲得2張獎賞卡。","",""
"cmo1u8kln3ars5ueeqvvsjtf4","老翁龍","0780","attack","E","從自己的牌庫選擇最多2張【基礎】寶可夢卡，放置於備戰區。並且重洗牌庫。 | 擲硬幣直到出現反面，增加正面出現的次數×30點傷害。","",""
"cmo1u7ye4286r5uee593dsyyi","六尾","0037","attack","G","擲1次硬幣若為正面，則將對手的戰鬥寶可夢【灼傷】。","コインを1回投げオモテなら、相手のバトルポケモンをやけどにする。",""
"cmp2dg10j2tp0116cc7hmm26i","振翼髮","","attack","H","選擇1隻自己的備戰區的「古代」寶可夢，將所選的寶可夢身上放置的傷害指示物，全部改放於對手的戰鬥寶可夢身上。 | 在下個對手的回合，受到這個招式的寶可夢使用招式的傷害「-30」點。","自分のベンチの「古代」のポケモンを1匹選び、選んだポケモンにのっているダメカンをすべて、相手のバトルポケモンにのせ替える。 | 次の相手の番、このワザを受けたポケモンが使うワザのダメージは「-30」される。","During your opponent’s next turn, attacks used by the Defending Pokémon do 30 less damage (before applying Weakness and Resistance)."
"cmo1u7pxk1toq5uee1f93bg3y","艾姆利多","0481","attack","H","從自己的手牌選擇最多2張「基本【超】能量」卡，以任意方式附於自己的寶可夢身上。 | 若自己的備戰區沒有「由克希」「亞克諾姆」，則這個招式失敗。","自分の手札から「基本エネルギー」を2枚まで選び、自分のポケモンに好きなようにつける。 | 自分のベンチに「ユクシー」「アグノム」がいないなら、このワザは失敗。","If you don’t have Uxie and Azelf on your Bench, this attack does nothing."
"cmo1u8ko33aw15uee1ng7zpki","時拉比V","0251","attack","E","從自己的手牌選擇任意數量的【草】基本能量卡，以任意方式附於自己的寶可夢身上。 | 將這隻寶可夢與備戰寶可夢互換。 | 寶可夢【V】【氣絕】時，對手獲得2張獎賞卡。","",""
"cmo1u8i8l36v35uee1ry9vj5d","裙兒小姐","0549","attack","E","擲1次硬幣若為正面，則將對手的戰鬥寶可夢【睡眠】。若為反面，則將對手的戰鬥寶可夢【混亂】。","",""
"cmo1u8kow3axd5uee93h680rf","岩殿居蟹","0558","attack","E","擲1次硬幣若為正面，則增加60點傷害。","","Flip a coin. If heads, this attack does 60 more damage."
"cmo1u8kp63axt5ueeveawi6eb","轟擂金剛猩","0812","attack","E","將這隻寶可夢恢復「30」HP。 | 將自己的場上寶可夢身上附加的任意數量的能量丟棄，增加其張數×30點傷害。","","Heal 30 damage from this Pokémon. | Discard any amount of Energy from your Pokémon. This attack does 30 more damage for each card you discarded in this way."
"cmo1u8i8w36vn5ueectsp8ulc","火神蛾","0637","attack","E","選擇2個這隻寶可夢身上附加的能量，將其丟棄。","","Discard 2 Energy from this Pokémon."
"cmo1u7o0q1qed5ueemxygfowo","N的達摩狒狒","0555","attack","I","造成對手的棄牌區的基本能量卡的張數×30點傷害。 | 將這隻寶可夢身上附加的能量卡全部丟棄，對手的1隻備戰寶可夢也受到90點傷害。[在備戰區不計算弱點・抵抗力。]","相手のトラッシュにある基本エネルギーの枚数×30ダメージ。 | このポケモンについているエネルギーをすべてトラッシュし、相手のベンチポケモン1匹にも、90ダメージ。［ベンチは弱点・抵抗力を計算しない。］","This attack does 30 damage for each Basic Energy card in your opponent’s discard pile. | Discard all Energy from this Pokémon, and this attack also does 90 damage to 1 of your opponent’s Benched Pokémon. (Don’t apply Weakness and Resistance for Benched Pokémon.)"
"cmo1u7dgx18f95ueectl22d46","魔尼尼","0439","attack","G","對手選擇對手自己的場上寶可夢持有的1個招式。被選擇的招式作為這個招式使用。","相手は相手自身の場のポケモンが持っているワザを1つ選ぶ。選ばれたワザをこのワザとして使う。","Your opponent chooses an attack from 1 of their Pokémon in play. Use the chosen attack as this attack."
"cmo1u7qa51ua65ueedgqt26xl","齒輪組","0600","attack","I","在下個對手的回合，這隻寶可夢受到招式的傷害「-20」點。","次の相手の番、このポケモンが受けるワザのダメージは「-20」される。","During your opponent’s next turn, this Pokémon takes 20 less damage from attacks (after applying Weakness and Resistance)."
"cmo1u7xfg26it5ueefg4ov04e","哈約克","0507","attack","I","將對手的戰鬥寶可夢與備戰寶可夢互換。[由對手選擇放置於戰鬥場的寶可夢。]","相手のバトルポケモンをベンチポケモンと入れ替える。［バトル場に出すポケモンは相手が選ぶ。］","Switch out your opponent’s Active Pokémon to the Bench. (Your opponent chooses the new Active Pokémon.)"
"cmo1u8ktj3b575uee7g4sif6p","黑馬蕾冠王V","0898","attack","E","從自己的棄牌區選擇1張【超】能量卡，附於這隻寶可夢身上。 | 在下個對手的回合，受到這個招式的寶可夢無法撤退。 | 寶可夢【V】【氣絕】時，對手獲得2張獎賞卡。","",""
"cmo1u7pgp1svp5uee8c9nfzr2","小木靈","0708","attack","H","將這隻寶可夢恢復「20」HP。","このポケモンのHPを「20」回復する。","Heal 20 damage from this Pokémon."
"cmo1u8iah36yc5ueeai9yhiy5","地鼠","0050","attack","E","擲1次硬幣若為正面，則在下個對手的回合，這隻寶可夢不會受到招式的傷害與效果的影響。","",""
"cmo1u8ih7379y5ueecd7y8e41","巨翅飛魚","0226","attack","E","若希望，將這隻寶可夢與備戰寶可夢互換。","","You may switch this Pokémon with 1 of your Benched Pokémon."
"cmo1u8ihi37ai5ueeahb6d11r","巨沼怪","0260","ability","E","在自己的回合時，可使用1次。從自己的手牌選擇1張【水】或者【鬥】能量卡，附於自己的寶可夢身上。","","Once during your turn, you may attach a {W} Energy card or a {F} Energy card from your hand to 1 of your Pokémon."
"cmo1u7yer287w5ueemivzbr5w","派拉斯特","0047","attack","G","擲2次硬幣，從自己的牌庫選擇最多與正面出現的次數相同數量的【草】寶可夢卡，放置於備戰區。並且重洗牌庫。","コインを2回投げ、オモテの数ぶんまで、自分の山札からポケモンを選び、ベンチに出す。そして山札を切る。",""
"cmo1u6xkd0h455ueedyixrctm","巨牙鯊","0319","attack","E","選擇1隻對手的備戰寶可夢，與戰鬥寶可夢互換。 | 在下個自己的回合，這隻寶可夢無法使用招式。","相手のベンチポケモンを1匹選び、バトルポケモンと入れ替える。 | 次の自分の番、このポケモンはワザが使えない。","Switch 1 of your opponent’s Benched Pokémon with their Active Pokémon. | During your next turn, this Pokémon can’t attack."
"cmo1u8ihr37ay5ueelhnjcg9r","冰伊布V","0471","attack","E","從自己的牌庫選擇1張從這隻寶可夢進化而來的卡，放置於這隻寶可夢身上完成進化。並且重洗牌庫。 | 將場上的競技場卡丟棄。 | 寶可夢【V】【氣絕】時，對手獲得2張獎賞卡。","",""
"cmo1u7xra273o5ueepzab4t1l","蒂蕾喵","0907","attack","G","將對手的戰鬥寶可夢與備戰寶可夢互換。[由對手選擇放置於戰鬥場的寶可夢。]","相手のバトルポケモンをベンチポケモンと入れ替える。［バトル場に出すポケモンは相手が選ぶ。］",""
"cmo1u7zmy2abx5uee7xainltl","固拉多","0383","attack","G","從自己的手牌選擇1張「基本【鬥】能量」卡，附於自己的寶可夢身上。 | 將最多4張自己的場上寶可夢身上附加的能量卡丟棄，造成其張數×60點傷害。","自分の手札から「基本エネルギー」を1枚選び、自分のポケモンにつける。 | 自分の場のポケモンについているエネルギーを4枚までトラッシュし、その枚数×60ダメージ。",""
"cmo1u8ihz37ba5ueeee68mc5d","霹靂電球","0100","attack","E","擲1次硬幣若為反面，則這個招式失敗。","",""
"cmo1u7xrr274h5ueeiqf3o46i","火神蛾","0637","attack","G","從自己的棄牌區選擇1張「基本【火】能量」卡，附於這隻寶可夢身上。","自分のトラッシュから「基本エネルギー」を1枚選び、このポケモンにつける。","Attach a Basic {R} Energy card from your discard pile to this Pokémon."
"cmo1u7pr11tdg5ueesqb8ylga","波普海豚","0963","attack","H","在下個自己的回合，這隻寶可夢無法使用招式。","次の自分の番、このポケモンはワザが使えない。","During your next turn, this Pokémon can’t attack."
"cmo1u8iju37ei5uee32x2hzsq","貓老大","0053","attack","E","從自己的牌庫抽出1張卡。","","Draw a card."
"cmo1u8ii337bi5ueeem0yzavi","雷伊布V","0135","attack","E","對手的1隻寶可夢受到20點傷害。[在備戰區不計算弱點・抵抗力。] | 擲4次硬幣，造成正面出現的次數×60點傷害。 | 寶可夢【V】【氣絕】時，對手獲得2張獎賞卡。","",""
"cmo1u8krq3b225ueeepv64c8z","其他雷伊布VMAX","0135","attack","E","對手的身上放置有傷害指示物的1隻備戰寶可夢也受到100點傷害。[在備戰區不計算弱點・抵抗力。] | 寶可夢【VMAX】【氣絕】時，對手獲得3張獎賞卡。","",""
"cmo1u81lf2dob5ueeq54adssu","電飛鼠","0587","attack","H","雙方的所有備戰寶可夢也各受到10點傷害。  [在備戰區不計算弱點・抵抗力。]","おたがいのベンチポケモン全員にも、それぞれ10ダメージ。［ベンチは弱点・抵抗力を計算しない。］","This attack also does 10 damage to each Benched Pokémon (both yours and your opponent’s). (Don’t apply Weakness and Resistance for Benched Pokémon.)"
"cmo1u7yl228iq5ueeezn350e4","急凍鳥","0144","ability","G","若這隻寶可夢身上附有【水】能量卡，則這隻寶可夢【撤退】所需的能量全部消除。","このポケモンにエネルギーがついているなら、このポケモンのにげるためのエネルギーは、すべてなくなる。","If this Pokémon has any {W} Energy attached, it has no Retreat Cost."
"cmp2dg3w42xps116czbjqi7h8","利歐路","","attack","H","擲1次硬幣若為正面，則增加20點傷害。","コインを1回投げオモテなら、20ダメージ追加。","Flip a coin. If heads, this attack does 20 more damage."
"cmp2dfxs02p5u116cr6mw46ro","呆火鱷","","attack","G","擲1次硬幣若為正面，則將這隻寶可夢恢復「30」HP。","コインを1回投げオモテなら、このポケモンのHPを「30」回復する。",""
"cmo1u8ksg3b3a5uee6gum8a73","電飛鼠","0587","attack","E","擲1次硬幣若為正面，則將對手的戰鬥寶可夢【麻痺】。","",""
"cmp2dg03x2ses116cvs84rqp1","風鈴鈴","","attack","H","選擇1隻自己的備戰寶可夢，將那隻寶可夢與附加的卡全部放回牌庫並重洗。","自分のベンチポケモンを1匹選び、そのポケモンと、ついているすべてのカードを、山札にもどして切る。",""
"cmo1u7xsk275x5ueewqrge86j","浮潛鼬","0419","attack","G","擲1次硬幣若為正面，則將對手的戰鬥寶可夢與附加的卡，全部放回對手的手牌。","コインを1回投げオモテなら、相手のバトルポケモンと、ついているすべてのカードを、相手の手札にもどす。","Put up to 2 Item cards from your discard pile into your hand."
"cmo1u7yci283z5ueezdspi8li","巴大蝶","0012","attack","G","將對手的戰鬥寶可夢與備戰寶可夢互換。[由對手選擇放置於戰鬥場的寶可夢。] | 選擇1隻對手的備戰寶可夢，將這隻寶可夢與所選的寶可夢，與各自身上附加的卡，全部放回牌庫並重洗。若對手沒有備戰寶可夢，則這個招式失敗。","相手のバトルポケモンをベンチポケモンと入れ替える。［バトル場に出すポケモンは相手が選ぶ。］ | このポケモンと、相手のベンチポケモンを1匹選び、それぞれのポケモンと、ついているすべてのカードを、山札にもどして切る。相手のベンチポケモンがいないなら、このワザは失敗。",""
"cmo1u8ksi3b3e5ueevmgicgeo","引夢貘人","0097","attack","E","將對手的戰鬥寶可夢【睡眠】。 | 若對手的戰鬥寶可夢處於特殊狀態，則增加90點傷害。然後，將對手的戰鬥寶可夢的特殊狀態全部恢復。","","Your opponent’s Active Pokémon is now Asleep. | If your opponent’s Active Pokémon is affected by a Special Condition, this attack does 90 more damage. Then, that Pokémon recovers from all Special Conditions."
"cmo1u7xsp27655ueeilvx6z6l","潤水鴨","0912","attack","G","這隻寶可夢也受到10點傷害。","このポケモンにも10ダメージ。","This Pokémon also does 10 damage to itself."
"cmo1u8iif37c25ueejz0835n5","太陽伊布V","0196","attack","E","對手的1隻「寶可夢【V】」受到60點傷害。[在備戰區不計算弱點・抵抗力。] | 寶可夢【V】【氣絕】時，對手獲得2張獎賞卡。","",""
"cmo1u6y8c0i845ueef0bhsywq","奇魯莉安","0281","attack","E","寶可夢道具卡，附於自己的寶可夢使用。1隻寶可夢只可附上1張寶可夢道具卡，並且保持附加狀態。 | 附有這張卡的寶可夢使用的招式，對對手的戰鬥場的【草】寶可夢造成的傷害「+30」點。 | 在自己的回合時，物品卡可不限張數使用。","自分の山札から「キルリア」を3枚まで選び、ベンチに出す。そして山札を切る。","Search your deck for up to 3 Kirlia and put them onto your Bench. Then, shuffle your deck."
"cmo1u8kte3b4z5ueet125xyoi","詛咒娃娃","0354","attack","E","在這隻寶可夢身上放置最多7個傷害指示物，造成放置的數量×20點傷害。 | 將對手的戰鬥寶可夢【混亂】。","","Put up to 7 damage counters on this Pokémon. This attack does 20 damage for each damage counter you placed in this way. | Your opponent’s Active Pokémon is now Confused."
"cmo1u8iir37cm5ueexm5coj7v","仙子伊布V","0700","ability","E","在自己的回合時可使用1次，若使用，則自己的回合結束。從自己的牌庫選擇1張物品卡，在給對手看過後加入手牌。並且重洗牌庫。","",""
"cmo1u7qdq1ugb5uee7cj7nc7n","幸福蛋ex","0242","ability","H","在自己的回合時可使用1次。選擇1個自己的場上寶可夢身上附加的基本能量，改附於自己的其他寶可夢身上。","自分の番に1回使える。自分の場のポケモンについている基本エネルギーを1個選び、自分の別のポケモンにつけ替える。","Once during your turn, you may move a Basic Energy from 1 of your Pokémon to another of your Pokémon."
"cmo1u7po31t8f5ueej0g8yi4y","超級大力鱷ex","0160","attack","J","若對手的戰鬥寶可夢身上放置有傷害指示物，則增加200點傷害。","相手のバトルポケモンにダメカンがのっているなら、200ダメージ追加。","If your opponent’s Active Pokémon already has any damage counters on it, this attack does 200 more damage."
"cmo1u7ygf28as5uee73fdk8a3","毒刺水母","0073","attack","G","將對手的戰鬥寶可夢【中毒】。 | 擲硬幣直到出現反面，造成正面出現的次數×90點傷害。若最初的硬幣為反面，則將對手的戰鬥寶可夢【混亂】。","相手のバトルポケモンをどくにする。 | ウラが出るまでコインを投げ、オモテの数×90ダメージ。最初のコインがウラなら、相手のバトルポケモンをこんらんにする。","Your opponent’s Active Pokémon is now Poisoned. | Flip a coin until you get tails. This attack does 90 damage for each heads. If the first flip is tails, your opponent’s Active Pokémon is now Confused."
"cmo1u8kty3b5v5uee2znzix40","蟾蜍王","0537","attack","E","在下個對手的回合，受到這個招式的寶可夢使用招式所需的能量與【撤退】所需的能量，各增加1個【無】能量。","","During your opponent’s next turn, the Defending Pokémon’s attacks cost {C} more, and its Retreat Cost is {C} more."
"cmo1u82hh2f4o5ueecfacke2u","咚咚鼠","0702","attack","I","從自己的棄牌區選擇1張訓練家卡，在給對手看過後加入手牌。","自分のトラッシュからトレーナーズを1枚選び、相手に見せて、手札に加える。",""
"cmo1u8ku93b6f5uee3kb30qav","沙螺蟒V","0844","ability","E","這隻寶可夢受到招式的傷害「-30」點。","",""
"cmp2dfz3b2qz9116cy7risg5g","古鼎鹿","","attack","G","從自己的棄牌區選擇最多2張「基本【鬥】能量」卡，附於自己的1隻寶可夢身上。 | 若這隻寶可夢身上放置有4個以上的傷害指示物，則這個招式失敗。","自分のトラッシュから「基本エネルギー」を2枚まで選び、自分のポケモン1匹につける。 | このポケモンにダメカンが4個以上のっているなら、このワザは失敗。","If this Pokémon has 4 or more damage counters on it, this attack does nothing."
"cmo1u7oxv1rzf5ueesb65b6pf","古劍豹","1002","attack","J","若希望，將這隻寶可夢與備戰寶可夢互換。 | 若對手的戰鬥寶可夢為「寶可夢【ex】」，則增加80點傷害。","のぞむなら、このポケモンをベンチポケモンと入れ替える。 | 相手のバトルポケモンが「ポケモンex」なら、80ダメージ追加。","You may switch this Pokémon with 1 of your Benched Pokémon. | If your opponent’s Active Pokémon is a Pokémon {ex}, this attack does 80 more damage."
"cmo1u70vv0ms95ueej5qvqda2","閃焰王牌V","0815","attack","E","選擇2個這隻寶可夢身上附加的【火】能量，將其丟棄。 | 寶可夢【V】【氣絕】時，對手獲得2張獎賞卡。","このポケモンについているエネルギーを2個選び、トラッシュする。",""
"cmo1u8ija37di5uee3pp826wa","月亮伊布V","0197","attack","E","在下個對手的回合，受到這個招式的寶可夢無法撤退。 | 若這隻寶可夢身上放置有傷害指示物，則增加80點傷害。 | 寶可夢【V】【氣絕】時，對手獲得2張獎賞卡。","",""
"cmo1u8ijg37du5ueedr1k4djk","流氓熊貓","0675","attack","E","將對手的牌庫上方1張卡丟棄。 | 在不看正面的情況下，選擇1張對手的手牌，將其丟棄。","","Discard the top card of your opponent’s deck. | Discard a random card from your opponent’s hand."
"cmp2dfy0k2phi116cyqqeosnk","雙首暴龍","","attack","G","從自己的牌庫選擇最多2張寶可夢卡，在給對手看過後加入手牌。並且重洗牌庫。","自分の山札からポケモンを2枚まで選び、相手に見せて、手札に加える。そして山札を切る。",""
"cmo1u8ijp37ea5ueez0ouh9rt","長毛巨魔","0861","attack","E","若自己的備戰寶可夢的數量為2隻以下，則增加140點傷害。","","If you have 2 or fewer Benched Pokémon, this attack does 140 more damage."
"cmo1u70ym0mx25ueet6b8i5wl","火爆猴","0057","attack","E","若對手的戰鬥寶可夢為「寶可夢【V】」，則增加60點傷害。","相手のバトルポケモンが「ポケモンV」なら、60ダメージ追加。","If your opponent’s Active Pokémon is a Pokémon {V}, this attack does 60 more damage."
"cmo1u70yi0mwu5ueejmv2obhk","路卡利歐V","0448","attack","E","寶可夢【V】【氣絕】時，對手獲得2張獎賞卡。","",""
"cmo1u7xqy27345ueejqvx2rkk","熱帶龍","0357","attack","G","將這隻寶可夢恢復「20」HP。 | 將這隻寶可夢身上附加的能量卡，全部改附於1隻備戰寶可夢身上。","このポケモンのHPを「20」回復する。 | このポケモンについているエネルギーをすべて、ベンチポケモン1匹につけ替える。",""
"cmo1u8kvd3b8b5uee82983tqf","巨金怪V","0376","attack","E","擲2次硬幣，增加正面出現的次數×20點傷害。 | 若這隻寶可夢與對手的戰鬥寶可夢，身上附加的能量數量相同，則增加90點傷害。 | 寶可夢【V】【氣絕】時，對手獲得2張獎賞卡。","",""
"cmo1u81rt2dyx5uee71ifk1n7","投羽梟","0723","attack","H","造成自己的棄牌區的，持有「團結之翼」招式的寶可夢卡的張數×20點傷害。","自分のトラッシュにある、ワザ「だんけつのつばさ」を持つポケモンの枚数×20ダメージ。","This attack does 20 damage for each Pokémon in your discard pile that has the United Wings attack."
"cmo1u7vhp235b5ueezlr3np6z","袋獸","0115","attack","E","擲1次硬幣若為正面，則增加100點傷害。","コインを1回投げオモテなら、100ダメージ追加。","Flip a coin. If heads, this attack does 100 more damage."
"cmo1u7wna255w5ueeofz2uq79","加熱洛托姆","0479","attack","I","將對手的戰鬥寶可夢【灼傷】。 | 造成自己的所有寶可夢身上附加的「寶可夢道具」卡的數量×30點傷害。","相手のバトルポケモンをやけどにする。 | 自分のポケモン全員についている「ポケモンのどうぐ」の数×30ダメージ。","Your opponent’s Active Pokémon is now Burned. | This attack does 30 damage for each Pokémon Tool attached to all of your Pokémon."
"cmo1u7pso1tg85ueek4quxg6m","閃電鳥","0145","attack","H","增加對手的戰鬥寶可夢身上放置的傷害指示物的數量×10點傷害。","相手のバトルポケモンにのっているダメカンの数×10ダメージ追加。",""
"cmo1u81uc2e395uee0jlejtju","噗隆隆","0965","attack","H","在下個對手的回合，這隻寶可夢受到招式的傷害「-30」點。","次の相手の番、このポケモンが受けるワザのダメージは「-30」される。","During your opponent’s next turn, this Pokémon takes 30 less damage from attacks (after applying Weakness and Resistance)."
"cmo1u7wo5257c5ueet9kja4ew","<火箭隊的>咩利羊","0179","attack","I","從自己的牌庫選擇1張物品卡，在給對手看過後加入手牌。並且重洗牌庫。","自分の山札からグッズを1枚選び、相手に見せて、手札に加える。そして山札を切る。","Search your deck for an Item card, reveal it, and put it into your hand. Then, shuffle your deck."
"cmo1u82ic2f645uee23te3ov5","晶光花","0970","attack","H","將對手的戰鬥寶可夢【中毒】。在下個對手的回合，受到這個招式的寶可夢，無法附上從手牌使出的能量卡。","相手のバトルポケモンをどくにする。次の相手の番、このワザを受けたポケモンは、手札から出すエネルギーをつけられない。","Your opponent’s Active Pokémon is now Poisoned. During your opponent’s next turn, Energy cards can’t be attached from your opponent’s hand to that Pokémon."
"cmo1u6yj00iqj5ueegjafnmid","伽勒爾 喵頭目","0863","attack","E","從自己的牌庫選擇最多2張基本能量卡，以任意方式附於自己的寶可夢身上。並且重洗牌庫。","自分の山札から基本エネルギーを2枚まで選び、自分のポケモンに好きなようにつける。そして山札を切る。","Search your deck for up to 2 basic Energy cards and attach them to your Pokémon in any way you like. Then, shuffle your deck."
"cmo1u7wo7257g5uee9kjytqdp","<火箭隊的>茸茸羊","0180","attack","I","擲1次硬幣若為正面，則將對手的戰鬥寶可夢【麻痺】。","コインを1回投げオモテなら、相手のバトルポケモンをマヒにする。","Flip a coin. If heads, your opponent’s Active Pokémon is now Paralyzed."
"cmo1u70vi0mrl5ueefb9y5jkh","豐蜜龍V","0842","attack","E","將這隻寶可夢恢復「30」HP。 | 寶可夢【V】【氣絕】時，對手獲得2張獎賞卡。","このポケモンのHPを「30」回復する。",""
"cmo1u7pvv1tlt5ueee08l5unv","<火箭隊的>引夢貘人","0097","attack","I","對手擲與對手自己的備戰寶可夢的數量相同次數的硬幣。對手的戰鬥寶可夢受到反面出現的次數×80點傷害。這個招式的傷害不計算弱點・抵抗力。","相手は相手自身のベンチポケモンの数ぶんコインを投げる。相手のバトルポケモンに、ウラの数×80ダメージ。このワザのダメージは弱点・抵抗力を計算しない。","Your opponent flips a coin for each of their Benched Pokémon. This attack does 80 damage to your opponent’s Active Pokémon for each tails. This attack’s damage isn’t affected by Weakness or Resistance."
"cmo1u7wo9257k5ueeqgahbjpx","<火箭隊的>電龍","0181","ability","I","只要這隻寶可夢在場上，每次對手從手牌使出寶可夢完成進化時，在那隻寶可夢身上放置4個傷害指示物。無論有多少隻擁有這個特性的寶可夢，這個效果也不會重複。","このポケモンがいるかぎり、相手が手札からポケモンを出して進化させるたび、そのポケモンにダメカンを4個のせる。この効果は、この特性を持つポケモンが何匹いても、重ならない。","Whenever your opponent plays a Pokémon from their hand to evolve 1 of their Pokémon, put 4 damage counters on that Pokémon. The effect of Darkest Impulse doesn’t stack."
"cmo1u70x20mue5ueeb6c6ozne","皮卡丘V","0025","attack","E","寶可夢【V】【氣絕】時，對手獲得2張獎賞卡。","",""
"cmo1u7wox258o5ueejyig6gpy","火爆猴","0057","attack","I","選擇1隻對手的備戰寶可夢，與戰鬥寶可夢互換。然後，新上場的寶可夢受到30點傷害。","相手のベンチポケモンを1匹選び、バトルポケモンと入れ替える。その後、新しく出てきたポケモンに30ダメージ。","Switch in 1 of your opponent’s Benched Pokémon to the Active Spot. This attack does 30 damage to the new Active Pokémon."
"cmo1u70xi0mv65ueeiznbsx8n","捷拉奧拉","0807","attack","E","這隻寶可夢也受到20點傷害。","このポケモンにも20ダメージ。",""
"cmo1u70xe0muy5ueedgwrjvv9","莫魯貝可","0877","attack","E","對手的1隻寶可夢受到30點傷害。[在備戰區不計算弱點・抵抗力。]","相手のポケモン1匹に、30ダメージ。［ベンチは弱点・抵抗力を計算しない。］",""
"cmo1u7xy027fa5ueecgbbejhb","奧利紐","0929","attack","G","在下個對手的回合，受到這個招式的寶可夢使用招式時，對手擲1次硬幣。若為反面，則那個招式失敗。","次の相手の番、このワザを受けたポケモンがワザを使うとき、相手はコインを1回投げる。ウラならそのワザは失敗。","During your opponent’s next turn, if the Defending Pokémon tries to attack, your opponent flips a coin. If tails, that attack doesn’t happen."
"cmo1u7xy827fn5ueessmu8b51","炭小侍","0935","attack","G","選擇1個這隻寶可夢身上附加的能量，將其丟棄。","このポケモンについているエネルギーを1個選び、トラッシュする。",""
"cmo1u8l503bp25ueeq8en0qc5","電肚蛙","0939","attack","G","擲1次硬幣若為正面，則將對手的戰鬥寶可夢【麻痺】。 | 若希望，將最多2張這隻寶可夢身上附加的【雷】能量卡丟棄，增加其張數×80點傷害。","コインを1回投げオモテなら、相手のバトルポケモンをマヒにする。 | のぞむなら、このポケモンについているエネルギーを2枚までトラッシュし、その枚数×80ダメージ追加。","Flip a coin. If heads, your opponent’s Active Pokémon is now Paralyzed. | You may discard up to 2 {L} Energy from this Pokémon. This attack does 80 more damage for each card you discarded in this way."
"cmo1u8l573bpe5ueelp8k5pqm","來悲茶","0854","attack","G","擲1次硬幣若為正面，則將對手的戰鬥寶可夢【麻痺】。","",""
"cmo1u7wpl259t5ueewe89sheg","<火箭隊的>阿柏蛇","0023","attack","I","對手的所有寶可夢各受到30點傷害。[在備戰區不計算弱點・抵抗力。]","相手のポケモン全員に、それぞれ30ダメージ。［ベンチは弱点・抵抗力を計算しない。］","This attack does 30 damage to each of your opponent’s Pokémon. (Don’t apply Weakness and Resistance for Benched Pokémon.)"
"cmo1u8l5b3bpm5ueerszfehl9","泥泥鰍","0339","attack","G","擲1次硬幣若為正面，則在下個對手的回合，這隻寶可夢不會受到招式的傷害與效果的影響。","",""
"cmo1u81y72e9v5ueef1owlwog","幼棉棉","0829","attack","H","擲2次硬幣，造成正面出現的次數×10點傷害。","コインを2回投げ、オモテの数×10ダメージ。","Flip 2 coins. This attack does 10 damage for each heads."
"cmo1u7q9p1u9e5uee4elbbula","銅鏡怪","0436","attack","H","擲1次硬幣若為正面，則增加20點傷害。","コインを1回投げオモテなら、20ダメージ追加。","Flip a coin. If heads, this attack does 20 more damage."
"cmo1u7xz227h35uee8s94297l","電海燕","0940","attack","G","從自己的牌庫抽出1張卡。","自分の山札を1枚引く。",""
"cmo1u7xzi27hv5uee4fmmrwpp","隨風球","0426","attack","G","將8個傷害指示物以任意方式放置於對手的寶可夢身上。","ダメカン8個を、相手のポケモンに好きなようにのせる。","Put 8 damage counters on your opponent’s Pokémon in any way you like."
"cmo1u7poj1t975ueec28f90tx","蓮帽小童","0271","attack","I","在下個自己的回合，這隻寶可夢無法使用招式。","次の自分の番、このポケモンはワザが使えない。","During your next turn, this Pokémon can’t attack."
"cmo1u81ef2dcx5ueegyflws6u","龍頭地鼠","0530","attack","H","這隻寶可夢也受到50點傷害。","このポケモンにも50ダメージ。","This Pokémon also does 50 damage to itself."
"cmo1u8l373bly5uee5w0y6wsu","皮卡丘","0025","attack","G","增加自己的備戰寶可夢的數量×10點傷害。","",""
"cmp2dfy0b2ph6116caqfnj1tv","勾魂眼","","attack","G","將對手的戰鬥寶可夢【睡眠】。 | 若對手的戰鬥寶可夢處於特殊狀態，則增加70點傷害。","相手のバトルポケモンをねむりにする。 | 相手のバトルポケモンが特殊状態なら、70ダメージ追加。","Your opponent’s Active Pokémon is now Asleep. | If your opponent’s Active Pokémon is affected by a Special Condition, this attack does 70 more damage."
"cmo1u8l3c3bm65ueexnvclmfx","密勒頓","1008","attack","G","對手的1隻備戰寶可夢也受到30點傷害。[在備戰區不計算弱點・抵抗力。]","相手のベンチポケモン1匹にも、30ダメージ。［ベンチは弱点・抵抗力を計算しない。］","This attack also does 30 damage to 1 of your opponent’s Benched Pokémon. (Don’t apply Weakness and Resistance for Benched Pokémon.)"
"cmo1u7pu71tix5ueeaznogpc9","鍬農炮蟲","0738","attack","H","將這隻寶可夢與備戰區的【雷】寶可夢互換。","このポケモンをベンチのポケモンと入れ替える。","Switch this Pokémon with 1 of your Benched {L} Pokémon."
"cmo1u6xwp0hnw5uee91cizbca","章魚桶","0224","ability","E","在自己的回合時，可使用1次。從自己的牌庫選擇1張「連擊」卡，在給對手看過後加入手牌。並且重洗牌庫。在這個回合，若已經使出了其他的「連擊搜索」，則這個特性無法使用。","自分の番に1回使える。自分の山札から「れんげき」のカードを1枚選び、相手に見せて、手札に加える。そして山札を切る。この番、すでに別の「れんげきサーチ」を使っていたなら、この特性は使えない。","Once during your turn, you may search your deck for a Rapid Strike card, reveal it, and put it into your hand. Then, shuffle your deck. You can’t use more than 1 Rapid Strike Search Ability each turn."
"cmobmwa9e200f2pc7aqnn07i4","列陣兵","0870","attack","E","若對手剩餘獎賞卡的張數為1張，則增加160點傷害。","相手のサイドの残り枚数が1枚なら、160ダメージ追加。","If your opponent has exactly 1 Prize card remaining, this attack does 160 more damage."
"cmo1u7nz61qbs5ueehur1kxtp","甲殼繭","0266","ability","I","在自己的回合，從手牌使出這張卡並完成進化時，可使用1次。從自己的牌庫選擇1張「甲殼繭」或者「盾甲繭」，放置於備戰區。並且重洗牌庫。","自分の番に、このカードを手札から出して進化させたとき、1回使える。自分の山札から「カラサリス」または「マユルド」を1枚選び、ベンチに出す。そして山札を切る。","Once during your turn, when you play this Pokémon from your hand to evolve 1 of your Pokémon, you may use this Ability. Search your deck for a Silcoon or a Cascoon and put it onto your Bench. Then, shuffle your deck."
"cmo1u8l653bqy5ueedc3gs5ji","滑滑小子","0559","attack","H","‌擲1次硬幣若為反面，則這個招式失敗。","","Flip a coin. If tails, this attack does nothing."
"cmo1u8l4m3boe5ueefxvviugt","噗隆隆","0965","attack","G","將對手的戰鬥寶可夢【中毒】。","",""
"cmo1u7phu1sxp5ueehamo7nkc","怖納噬草","0947","ability","H","這隻寶可夢的最大HP，依對手已經獲得的獎賞卡每1張「+50」。","相手がすでにとったサイド1枚につき、このポケモンの最大HPは「＋50」される。","This Pokémon gets +50 HP for each Prize card your opponent has taken."
"cmo1u7wr925cp5ueeqv8zuep9","<火箭隊的>多邊獸Ⅱ","0233","attack","I","造成自己的棄牌區的，名稱中有「火箭隊」的支援者卡的張數×20點傷害。","自分のトラッシュにある、名前に「ロケット団」とつくサポートの枚数×20ダメージ。","This attack does 20 damage for each Supporter card that has “Team Rocket” in its name in your discard pile."
"cmo1u8l633bqu5ueeso0iomsi","頭巾混混","0560","attack","H","從自己的牌庫任意選擇最多與自己的備戰寶可夢數量相同數量的卡，加入手牌。並且重洗牌庫。","","Search your deck for a number of cards up to the number of your Benched Pokémon and put them into your hand. Then, shuffle your deck."
"cmoa5ylpv3mlsdt6lf7cqkpnv","霓虹魚V","0457","ability","F","在自己的回合，從手牌將這張卡放置於備戰區時，可使用1次。從自己的牌庫選擇1張支援者卡，在給對手看過後加入手牌。並且重洗牌庫。","","When you play this Pokémon from your hand onto your Bench during your turn, you may search your deck for a Supporter card, reveal it, and put it into your hand. Then, shuffle your deck."
"cmo1u8l6g3brf5ueetofjh2ka","遠古巨蜓","0469","attack","H","將這隻寶可夢與備戰寶可夢互換。","","Switch this Pokémon with 1 of your Benched Pokémon."
"cmo1u7ww425kr5ueecj2q8o94","圓蝌蚪","0535","attack","I","造成自己的場上的，持有「輪唱」招式的寶可夢的數量×20點傷害。","自分の場の、ワザ「りんしょう」を持つポケモンの数×20ダメージ。","This attack does 20 damage for each of your Pokémon in play that has the Round attack."
"cmo1u7y8z27xy5ueei779uyw2","一家鼠","0925","attack","G","造成自己的場上的「一家鼠」的數量×70點傷害。","自分の場の「イッカネズミ」の数×70ダメージ。","This attack does 70 damage for each of your Maushold in play."
"cmo1u7pjh1t0i5ueed3f6pl84","黑魯加","0229","attack","H","在下個對手的回合，受到這個招式的寶可夢使用招式的傷害「-100」點。","次の相手の番、このワザを受けたポケモンが使うワザのダメージは「-100」される。","During your opponent’s next turn, attacks used by the Defending Pokémon do 100 less damage (before applying Weakness and Resistance)."
"cmo1u7y6g27tl5uee2jvg3m7s","三合一磁怪","0082","attack","G","這隻寶可夢也受到90點傷害。","このポケモンにも90ダメージ。","This Pokémon also does 90 damage to itself."
"cmo1u7z0j299i5ueevo5cp1t9","倫琴貓","0405","ability","G","在自己的回合，若手牌有這張卡，且自己剩餘獎賞卡的張數，比對手剩餘獎賞卡的張數多，則可使用1次。將這張卡放置於備戰區。","自分の番に、このカードが手札にあり、自分のサイドの残り枚数が、相手のサイドの残り枚数より多いなら、1回使える。このカードをベンチに出す。","Once during your turn, if this Pokémon is in your hand and you have more Prize cards remaining than your opponent, you may put this Pokémon onto your Bench."
"cmo1u7y7a27v15ueewsrmt29n","怨影娃娃","0353","attack","G","擲1次硬幣若為正面，則在下個對手的回合，對手無法從手牌使出物品卡。","コインを1回投げオモテなら、次の相手の番、相手は手札からグッズを出して使えない。",""
"cmp2dfxhe2ord116c3apy3mva","摩托蜥","","attack","G","從自己的牌庫抽出2張卡。","自分の山札を2枚引く。",""
"cmo1u7o2x1qi55ueenxuylixj","火箭隊的椰蛋樹","0103","attack","I","擲3次硬幣，若全部為正面，則選擇1隻對手的寶可夢，將其【昏厥】。 | 這隻寶可夢也受到30點傷害。","コインを3回投げ、すべてオモテなら、相手のポケモンを1匹選び、きぜつさせる。 | このポケモンにも30ダメージ。","This Pokémon also does 30 damage to itself."
"cmo1u80za2cn45ueefdkx8ign","阿利多斯","0168","ability","H","只要這隻寶可夢在場上，對手的戰鬥場的進化寶可夢【撤退】所需的能量增加1個。","このポケモンがいるかぎり、相手のバトル場の進化ポケモンのにげるためのエネルギーは、1個ぶん多くなる。","Your opponent’s Active Evolution Pokémon’s Retreat Cost is {C} more."
"cmo1u8l7f3bt35ueernhbh4dm","皮卡丘","0025","attack","H","擲硬幣直到出現反面，增加正面出現的次數×30點傷害。","","Flip a coin until you get tails. This attack does 30 more damage for each heads."
"cmo1u8l7v3btv5uee7x05zmy6","究極奈克洛茲瑪GX","0800","attack","B","將這隻寶可夢身上所附加的基本【超】能量卡全部丟到棄牌區，增加丟棄的張數×80點傷害。 | 這個招式只有在雙方剩餘獎賞卡的張數合計為6張以下時才可使用。在對手的所有寶可夢身上各放置6個傷害指示物。［對戰中，己方只可使用1次GX招式。］","",""
"cmo1u7yc5283f5ueegnfg1o7n","傑尼龜","0007","attack","G","擲1次硬幣若為正面，則在下個對手的回合，這隻寶可夢不會受到招式的傷害。","コインを1回投げオモテなら、次の相手の番、このポケモンはワザのダメージを受けない。",""
"cmo1u7yd528535ueepymhfiqf","大嘴雀","0022","attack","G","從自己的牌庫任意選擇最多3張卡加入手牌。並且重洗牌庫。","自分の山札から好きなカードを3枚まで選び、手札に加える。そして山札を切る。",""
"cmo1u7wvp25k25ueelcut2fz3","燈火幽靈","0608","attack","I","選擇1個這隻寶可夢身上附加的能量，將其丟棄。","このポケモンについているエネルギーを1個選び、トラッシュする。","Discard an Energy from this Pokémon."
"cmo1u8l893buj5uee6zuddf2k","其他騎拉帝納VSTAR","0487","attack","F","選擇2個自己的場上寶可夢身上附加的能量，放置於放逐區。 | 這個招式只有在自己的放逐區有10張以上的卡時才可使用。將對手的戰鬥寶可夢【昏厥】。[對戰中，己方只可使用1次【VSTAR】力量。] | 寶可夢【VSTAR】【氣絕】時，對手獲得2張獎賞卡。","",""
"cmo1u8l8h3buv5uee4o25oora","其他洛奇亞VSTAR","0249","ability","F","在自己的回合時可使用。從自己的棄牌區選擇最多2張【無】寶可夢卡（「擁有規則的寶可夢」除外），放置於備戰區。[對戰中，己方只可使用1次【VSTAR】力量。]","",""
"cmp2dgk3o3jp6116c4pfwhvsv","皮卡丘","","attack","H","對手的1隻寶可夢受到10點傷害。[在備戰區不計算弱點・抵抗力。]","相手のポケモン1匹に、10ダメージ。［ベンチは弱点・抵抗力を計算しない。］",""
"cmo1u7yhq28d15ueer2sutfke","鬼斯通","0093","ability","G","在自己的回合，從手牌使出這張卡並完成進化時，可使用1次。從對手的棄牌區選擇1張支援者卡，放回對手的手牌。","自分の番に、このカードを手札から出して進化させたとき、1回使える。相手のトラッシュからサポートを1枚選び、相手の手札にもどす。",""
"cmo1u8gtv34fj5uee45eayu9j","破空焰","1020","attack","H","若對手剩餘獎賞卡的張數為4張以下，則增加70點傷害。","","If your opponent has 4 or fewer Prize cards remaining, this attack does 70 more damage."
"cmo1u7ptw1tid5ueezyc3tiou","雷電雲","0642","attack","I","從自己的牌庫選擇1張「基本【雷】能量」卡，附於這隻寶可夢身上。並且重洗牌庫。 | 選擇1個這隻寶可夢身上附加的能量，將其丟棄。","自分の山札から「基本エネルギー」を1枚選び、このポケモンにつける。そして山札を切る。 | このポケモンについているエネルギーを1個選び、トラッシュする。","Search your deck for a Basic {L} Energy card and attach it to this Pokémon. Then, shuffle your deck. | Discard an Energy from this Pokémon."
"cmo1u7yj528fh5ueexex3wqfb","袋獸ex","0115","attack","G","從自己的牌庫抽出3張卡。 | 擲4次硬幣，造成正面出現的次數×100點傷害。 | 寶可夢【ex】【昏厥】時，對手獲得2張獎賞卡。","自分の山札を3枚引く。 | コインを4回投げ、オモテの数×100ダメージ。","Draw 3 cards. | Flip 4 coins. This attack does 100 damage for each heads."
"cmo1u7o3q1qji5uee9ihf00qj","黑夜魔靈","0477","ability","H","在自己的回合時可使用1次，若使用，則將這隻寶可夢【昏厥】。在對手的1隻寶可夢身上放置13個傷害指示物。","自分の番に1回使えて、使ったなら、このポケモンをきぜつさせる。相手のポケモン1匹に、ダメカンを13個のせる。","Once during your turn, you may put 13 damage counters on 1 of your opponent’s Pokémon. If you use this Ability, this Pokémon is Knocked Out."
"cmo1u7yjx28gt5ueenllbor54","凱羅斯","0127","attack","G","若自己剩餘獎賞卡的張數，比對手剩餘獎賞卡的張數多，則增加90點傷害。","自分のサイドの残り枚数が、相手のサイドの残り枚数より多いなら、90ダメージ追加。","If you have more Prize cards remaining than your opponent, this attack does 90 more damage."
"cmo1u7yk428h55ueezh226po0","暴鯉龍","0130","ability","G","在自己的回合，從手牌使出這張卡並完成進化時，一定要使用1次。將自己的牌庫上方5張卡丟棄。","自分の番に、このカードを手札から出して進化させたとき、必ず1回使う。自分の山札を上から5枚トラッシュする。","When you play this Pokémon from your hand to evolve 1 of your Pokémon during your turn, you must discard the top 5 cards of your deck."
"cmo1u7a7v12ul5ueeh8tksxt6","<火箭隊的>鈴鐺響","0433","attack","I","在不看正面的情況下，從對手的手牌選擇1張，將其丟棄。","相手の手札からオモテを見ないで1枚選び、トラッシュする。",""
"cmo1u7yku28id5ueefl3elgxd","鐮刀盔","0141","ability","G","只要這隻寶可夢在場上，對手的戰鬥寶可夢的弱點以「×4」計算傷害。","このポケモンがいるかぎり、相手のバトルポケモンの弱点は「×4」としてダメージ計算をする。","Apply Weakness for your opponent’s Active Pokémon as ×4 instead."
"cmo1u82vo2fso5ueefgnk336z","雷吉奇卡斯","0486","attack","H","若對手的戰鬥寶可夢為「太晶」寶可夢，則增加230點傷害。","相手のバトルポケモンが「テラスタル」のポケモンなら、230ダメージ追加。","If your opponent’s Active Pokémon is a Tera Pokémon, this attack does 230 more damage."
"cmo1u7pj01szp5ueenntlpy59","鴨嘴火獸","0126","attack","I","擲1次硬幣若為正面，則將對手的戰鬥寶可夢【灼傷】。","コインを1回投げオモテなら、相手のバトルポケモンをやけどにする。","Flip a coin. If heads, your opponent’s Active Pokémon is now Burned."
"cmo1u811u2crd5uee0w6jz51m","朝北鼻","0299","attack","H","擲1次硬幣若為反面，則在下個自己的回合，這隻寶可夢無法使用招式。","コインを1回投げウラなら、次の自分の番、このポケモンはワザが使えない。","Flip a coin. If tails, during your next turn, this Pokémon can’t attack."
"cmo1u8lau3byw5ueeobdknby8","皮卡丘","0025","attack","G","在下個對手的回合，受到這個招式的寶可夢使用招式的傷害「-20」點。","","During your opponent’s next turn, the Defending Pokémon’s attacks do 20 less damage (before applying Weakness and Resistance)."
"cmo1u7q3b1tyk5ueeva7uicro","鬃岩狼人","0745","attack","H","從自己的棄牌區選擇最多2張「基本【鬥】能量」卡，以任意方式附於備戰寶可夢身上。","自分のトラッシュから「基本エネルギー」を2枚まで選び、ベンチポケモンに好きなようにつける。",""
"cmo1u8lb63bzg5ueem34i8u0u","大力鱷","0160","attack","I","擲1次硬幣若為正面，則在下個對手的回合，這隻寶可夢不會受到招式的傷害與效果的影響。","","Flip a coin. If heads, during your opponent’s next turn, prevent all damage from and effects of attacks done to this Pokémon."
"cmo1u8lb33bzc5ueep42huwj3","皮卡丘","0025","attack","I","將這隻寶可夢恢復「20」HP。","","Heal 20 damage from this Pokémon."
"cmo1u8h3g34wa5uee6emwwus9","麒麟奇","0203","attack","H","增加對手的戰鬥寶可夢身上放置的傷害指示物的數量×10點傷害。","","This attack does 10 more damage for each damage counter on your opponent’s Active Pokémon."
"cmo1u7yc128375ueekzy55mx2","火恐龍","0005","attack","G","選擇1個這隻寶可夢身上附加的能量，將其丟棄。","このポケモンについているエネルギーを1個選び、トラッシュする。",""
"cmo1u7ycn28475ueectqsetsz","鐵殼蛹","0014","ability","G","這隻寶可夢不會受到對手的寶可夢使用招式的效果的影響。","このポケモンは、相手のポケモンが使うワザの効果を受けない。",""
"cmo1u7q8p1u7p5ueekmowyld8","下石鳥","0962","attack","H","這隻寶可夢也受到20點傷害。","このポケモンにも20ダメージ。","This Pokémon also does 20 damage to itself."
"cmo1u7str1yny5ueebedqes34","夢幻","0151","ability","E","若這隻寶可夢在戰鬥場上，則在自己的回合時可使用1次。查看自己的牌庫上方6張卡。選擇其中1張物品卡，在給對手看過後加入手牌。將剩餘卡放回牌庫並重洗。","このポケモンがバトル場にいるなら、自分の番に1回使える。自分の山札を上から6枚見る。その中からグッズを1枚選び、相手に見せて、手札に加える。残りのカードは山札にもどして切る。","Once during your turn, if this Pokémon is in the Active Spot, you may look at the top 6 cards of your deck, reveal an Item card you find there, and put it into your hand. Shuffle the other cards back into your deck."
"cmo1u7ydf285j5ueec80whduk","雷丘","0026","ability","G","每次當自己的寶可夢受到對手的寶可夢招式的傷害而【昏厥】時，可使用1次。選擇1張【昏厥】的寶可夢身上附加的【雷】能量卡，改附於這隻寶可夢身上。","自分のポケモンが、相手のポケモンからワザのダメージを受けてきぜつするたび、1回使える。きぜつしたポケモンについているエネルギーを1枚選び、このポケモンにつけ替える。",""
"cmo1u7xdf26fc5uee71os67by","胖嘟嘟ex","0593","ability","I","只要這隻寶可夢在戰鬥場上，對手無法從手牌使出「物品」卡，也無法附上「寶可夢道具」卡。","このポケモンがバトル場にいるかぎり、相手は手札から「グッズ」を出して使えず、「ポケモンのどうぐ」も出してつけられない。","As long as this Pokémon is in the Active Spot, your opponent can’t play any Item cards or Pokémon Tool cards from their hand."
"cmo1u7wm625405ueei9zph0j3","切割洛托姆","0479","attack","I","將場上的競技場卡丟棄。 | 造成自己的所有寶可夢身上附加的「寶可夢道具」卡的數量×30點傷害。","場に出ているスタジアムをトラッシュする。 | 自分のポケモン全員についている「ポケモンのどうぐ」の数×30ダメージ。","Discard a Stadium in play. | This attack does 30 damage for each Pokémon Tool attached to all of your Pokémon."
"cmo1u7ye2286n5ueefgyfud1z","皮可西","0036","attack","G","選擇1隻對手的備戰寶可夢，與戰鬥寶可夢互換。 | 若對手的寶可夢因這個招式的傷害而【昏厥】了，則多獲得1張獎賞卡。","相手のベンチポケモンを1匹選び、バトルポケモンと入れ替える。 | このワザのダメージで、相手のポケモンがきぜつしたなら、サイドを1枚多くとる。","If your opponent’s Pokémon is Knocked Out by damage from this attack, take 1 more Prize card."
"cmo1u7wn3255k5uee75ksky3u","火稚雞","0255","attack","I","從自己的牌庫抽出1張卡。","自分の山札を1枚引く。","Draw a card."
"cmo1u7wnv256w5ueekjv0a4fz","戽斗尖梭","0847","attack","I","擲1次硬幣若為正面，則在下個對手的回合，這隻寶可夢不會受到招式的傷害與效果的影響。","コインを1回投げオモテなら、次の相手の番、このポケモンはワザのダメージや効果を受けない。","Flip a coin. If heads, during your opponent’s next turn, prevent all damage from and effects of attacks done to this Pokémon."
"cmo1u7ov01rui5uee276ldxyi","彩粉蝶","0666","ability","J","在自己的回合時可使用1次。對手將對手自己的手牌全部翻回反面並重洗，放回牌庫下方。然後，對手從牌庫抽出4張卡。","自分の番に1回使える。相手は相手自身の手札をすべてウラにして切り、山札の下にもどす。その後、相手は山札を4枚引く。","Once during your turn, you may use this Ability. Your opponent shuffles their hand and puts it on the bottom of their deck. If they put any cards on the bottom of their deck in this way, they draw 4 cards."
"cmo1u845p2hzf5uee1cruxt6l","長毛狗","0508","attack","G","造成對手的戰鬥寶可夢【撤退】所需的能量的數量×50點傷害。","相手のバトルポケモンのにげるためのエネルギーの数×50ダメージ。","This attack does 50 damage for each {C} in your opponent’s Active Pokémon’s Retreat Cost."
"cmo1u7y8w27xu5ueewkn58sm3","一對鼠","0924","attack","G","擲2次硬幣，造成正面出現的次數×30點傷害。","コインを2回投げ、オモテの数×30ダメージ。",""
"cmo1u7yhg28ck5ueei713s3jc","臭臭泥","0089","attack","G","在下個對手的回合，受到這個招式的寶可夢使用招式所需的能量與【撤退】所需的能量，各增加1個【無】能量。","次の相手の番、このワザを受けたポケモンは、ワザを使うためのエネルギーとにげるためのエネルギーが、それぞれエネルギー1個ぶん多くなる。","During your opponent’s next turn, attacks used by the Defending Pokémon cost {C} more, and its Retreat Cost is {C} more."
"cmp2dge0g3bsc116cu9oqa0g0","小火馬","","attack","H","從自己的牌庫選擇1張基本能量卡，在給對手看過後加入手牌。並且重洗牌庫。","",""
"cmo1u7q9f1u8y5ueexz59m8ha","鐵啞鈴","0374","attack","H","這隻寶可夢也受到10點傷害。","このポケモンにも10ダメージ。","This Pokémon also does 10 damage to itself."
"cmo1u7wov258k5ueeuy2euoq8","猴怪","0056","attack","I","擲1次硬幣若為反面，則這個招式失敗。","コインを1回投げウラなら、このワザは失敗。","Flip a coin. If tails, this attack does nothing."
"cmo1u7yi428dp5ueest6ilez4","巨鉗蟹","0099","attack","G","將對手的牌庫上方1張卡丟棄。","相手の山札を上から1枚トラッシュする。","Discard the top card of your opponent’s deck."
"cmo1u7qcy1uez5ueeueixpgjm","故勒頓","1007","attack","H","造成自己的場上的「古代」寶可夢的數量×30點傷害。 | 這個招式的傷害不計算對手的戰鬥寶可夢身上的附加效果。","自分の場の「古代」のポケモンの数×30ダメージ。 | このワザのダメージは、相手のバトルポケモンにかかっている効果を計算しない。","This attack does 30 damage for each of your Ancient Pokémon in play. | This attack’s damage isn’t affected by any effects on your opponent’s Active Pokémon."
"cmo1u7q561u1s5uee0hxe6r8f","<火箭隊的>尼多蘭","0029","attack","I","擲1次硬幣若為反面，則這個招式失敗。","コインを1回投げウラなら、このワザは失敗。","Flip a coin. If tails, this attack does nothing."
"cmo1u7oxt1rzb5ueesx7ot9ja","伊裴爾塔爾ex","0717","attack","J","將對手所有剩餘HP為「50」以下的寶可夢【昏厥】。 | 在下個自己的回合，這隻寶可夢無法使用「黑暗打擊」。","残りHPが「50」以下の相手のポケモン全員を、それぞれきぜつさせる。 | 次の自分の番、このポケモンは「ダークストライク」が使えない。","During your next turn, this Pokémon can’t use Dark Strike."
"cmo1u8ei730g25ueep42gp5yw","河馬獸","0450","attack","B","在下個對手的回合，受到這個招式的寶可夢無法撤退。 | 增加對手的戰鬥寶可夢【撤退】所需的能量的數量×10點傷害。","",""
"cmo1u7xsg275p5uee2f30osof","信使鳥","0225","attack","F","從自己的牌庫抽出2張卡。","自分の山札を2枚引く。","Shuffle up to 4 in any combination of Unidentified Fossil and Rare Fossil cards from your discard pile into your deck. | Your opponent’s Active Pokémon is now Asleep."
"cmo1u7qfh1ujb5ueemuflyyws","熱帶龍","0357","attack","H","將自己的1張手牌丟棄。然後，從自己的牌庫抽出3張卡。","自分の手札を1枚トラッシュする。その後、自分の山札を3枚引く。","Discard a card from your hand. If you do, draw 3 cards."
"cmo1u7wqa25b15ueemdng7pni","<火箭隊的>臭泥","0088","attack","I","在下個對手的回合結束時，將受到這個招式的寶可夢與附加的卡全部丟棄。","次の相手の番の終わりに、このワザを受けたポケモンと、ついているすべてのカードを、トラッシュする。","At the end of your opponent’s next turn, discard the Defending Pokémon and all attached cards."
"cmo1u7wqc25b55ueeuxh7zg99","<火箭隊的>臭臭泥","0089","attack","I","將對手的戰鬥寶可夢【混亂】。在下個對手的回合，受到這個招式的寶可夢無法撤退。 | 造成對手的戰鬥寶可夢處於特殊狀態的數量×100點傷害。","相手のバトルポケモンをこんらんにする。次の相手の番、このワザを受けたポケモンは、にげられない。 | 相手のバトルポケモンが受けている特殊状態の数×100ダメージ。","Your opponent’s Active Pokémon is now Confused. During your opponent’s next turn, that Pokémon can’t retreat. | This attack does 100 damage for each Special Condition affecting your opponent’s Active Pokémon."
"cmo1u7wxm25nb5ueeohr09kow","泥偶小人","0622","attack","I","擲1次硬幣若為反面，則這個招式失敗。","コインを1回投げウラなら、このワザは失敗。","Flip a coin. If tails, this attack does nothing."
"cmo1u7yk628h95ueezjboles0","拉普拉斯","0131","attack","G","從自己的牌庫選擇最多2張寶可夢卡，在給對手看過後加入手牌。並且重洗牌庫。","自分の山札からポケモンを2枚まで選び、相手に見せて、手札に加える。そして山札を切る。",""
"cmo1u8elh30ln5ueextc629v7","大舌舔","0463","attack","B","擲硬幣直到出現反面，增加正面出現的次數×50點傷害。若最初的硬幣為反面，則將對手的戰鬥寶可夢【麻痺】。","",""
"cmo1u7xtl277p5uee4cgj7ttd","巧鍛匠","0958","attack","G","在下個自己的回合，這隻寶可夢無法使用招式。","次の自分の番、このポケモンはワザが使えない。","During your next turn, this Pokémon can’t attack."
"cmo1u7qgu1ulo5ueezga6ne0i","龍捲雲","0641","attack","I","從自己的手牌選擇1張基本能量卡，附於這隻寶可夢身上。 | 選擇1個這隻寶可夢身上附加的基本能量，改附於備戰寶可夢身上。","自分の手札から基本エネルギーを1枚選び、このポケモンにつける。 | このポケモンについている基本エネルギーを1個選び、ベンチポケモンにつけ替える。",""
"cmo1u7qh21um05ueeermqf6ba","摔角鷹人","0701","attack","H","若對手的戰鬥寶可夢為「寶可夢【ex】」，則增加50點傷害。","相手のバトルポケモンが「ポケモンex」なら、50ダメージ追加。","If your opponent’s Active Pokémon is a Pokémon {ex}, this attack does 50 more damage."
"cmo1u6w080eer5ueeeh4obqfd","鬼斯","0092","attack","D","將這隻寶可夢與附加的卡，全部放回手牌。","このポケモンと、ついているすべてのカードを、手札にもどす。",""
"cmo1u7qa71uaa5ueeeucdh71h","齒輪怪","0601","ability","I","只要這隻寶可夢在場上，自己的所有身上附有【鋼】能量卡的寶可夢，受到對手的寶可夢招式的傷害「-20」點。","このポケモンがいるかぎり、エネルギーがついている自分のポケモン全員が、相手のポケモンから受けるワザのダメージは「-20」される。","All of your Pokémon that have any {M} Energy attached take 20 less damage from attacks from your opponent’s Pokémon (after applying Weakness and Resistance)."
"cmo1u7xfe26ip5uee54949xwd","小約克","0506","attack","I","擲1次硬幣若為正面，則增加20點傷害。","コインを1回投げオモテなら、20ダメージ追加。","Flip a coin. If heads, this attack does 20 more damage."
"cmo1u8gsp34dj5ueezbif0bez","花舞鳥","0741","attack","H","從自己的棄牌區選擇最多2張基本能量卡，附於1隻備戰寶可夢身上。 | 選擇1個這隻寶可夢身上附加的能量，將其丟棄。","",""
"cmo1u85jh2kd65ueeu0pmmosk","<瑪俐的>莫魯貝可","0877","attack","I","增加這隻寶可夢身上附加的【惡】能量的數量×40點傷害。","このポケモンについているエネルギーの数×40ダメージ追加。","This attack does 40 more damage for each {D} Energy attached to this Pokémon."
"cmo1u7z1c29av5ueei7g45bim","小鍛匠","0957","attack","G","擲1次硬幣若為正面，則選擇1個對手的戰鬥寶可夢身上附加的能量，將其丟棄。","コインを1回投げオモテなら、相手のバトルポケモンについているエネルギーを1個選び、トラッシュする。",""
"cmo1u7qac1uai5ueeknuuv17q","駒刀小兵","0624","attack","I","在下個對手的回合，受到這個招式的寶可夢無法撤退。","次の相手の番、このワザを受けたポケモンは、にげられない。","During your opponent’s next turn, the Defending Pokémon can’t retreat."
"cmo1u7wuw25iq5ueeu2k077jz","花椰猴","0511","attack","I","從自己的牌庫抽出1張卡。","自分の山札を1枚引く。","Draw a card."
"cmo1u7pg91sux5uee1t2xwvlu","哎呀球菇","0590","attack","I","將對手的戰鬥寶可夢【中毒】。","相手のバトルポケモンをどくにする。","Your opponent’s Active Pokémon is now Poisoned."
"cmo1u7xt3276t5ueez2rmrkfl","夢妖","0200","attack","G","將對手的戰鬥寶可夢【睡眠】。","相手のバトルポケモンをねむりにする。",""
"cmo1u7xt5276x5uees8ihz4jd","夢妖魔","0429","ability","G","在自己的回合，從手牌使出這張卡並完成進化時，可使用1次。選擇1個對手的戰鬥寶可夢身上附加的能量，改附於對手的備戰寶可夢身上。","自分の番に、このカードを手札から出して進化させたとき、1回使える。相手のバトルポケモンについているエネルギーを1個選び、相手のベンチポケモンにつけ替える。","When you play this Pokémon from your hand to evolve 1 of your Pokémon during your turn, you may move an Energy from your opponent’s Active Pokémon to 1 of their Benched Pokémon."
"cmobmw81s1why2pc71fdbcf5c","其他洗翠 索羅亞克VSTAR","0571","ability","F","在自己的回合時可使用。將自己的手牌全部丟棄，從牌庫抽出7張卡。[對戰中，己方只可使用1次【VSTAR】力量。]","",""
"cmo1u6wi70fa55ueep7b6b0ex","阿利多斯","0168","ability","D","在自己的回合，當從手牌使出這張卡並完成進化時，可使用1次。選擇對手的備戰區的1隻進化寶可夢，與戰鬥寶可夢互換。","自分の番に、このカードを手札から出して進化させたとき、1回使える。相手のベンチの進化ポケモンを1匹選び、バトルポケモンと入れ替える。",""
"cmo1u7z7m29lp5uee196zokmp","哥德寶寶","0574","attack","G","將對手的戰鬥寶可夢【混亂】。","相手のバトルポケモンをこんらんにする。","Your opponent’s Active Pokémon is now Confused."
"cmo1u7q2e1twz5ueemybfvrxu","鐵骨土人","0533","attack","I","將對手的牌庫上方1張卡丟棄。","相手の山札を上から1枚トラッシュする。","Discard the top card of your opponent’s deck."
"cmobmw45p1q9i2pc7ixzfpknb","臭臭花","0044","attack","I","雙方的所有備戰寶可夢也各受到20點傷害。[在備戰區不計算弱點・抵抗力。]","おたがいのベンチポケモン全員にも、それぞれ20ダメージ。［ベンチは弱点・抵抗力を計算しない。］","This attack also does 20 damage to each Benched Pokémon (both yours and your opponent’s). (Don’t apply Weakness and Resistance for Benched Pokémon.)"
"cmo1u7pfu1su85ueex1ocyb0a","君主蛇ex","0497","ability","I","只要這隻寶可夢在場上，自己的寶可夢使用的招式，對對手的戰鬥寶可夢造成的傷害「+20」點。","このポケモンがいるかぎり、自分のポケモンが使うワザの、相手のバトルポケモンへのダメージは「+20」される。","Attacks used by your Pokémon do 20 more damage to your opponent’s Active Pokémon (before applying Weakness and Resistance)."
"cmo1u7z9o29p95uee1974el5u","稚山雀","0821","attack","G","將對手的戰鬥寶可夢與備戰寶可夢互換。[由對手選擇放置於戰鬥場的寶可夢。]","相手のバトルポケモンをベンチポケモンと入れ替える。［バトル場に出すポケモンは相手が選ぶ。］",""
"cmo1u7o281qgx5ueeotlmahhq","捷克羅姆ex","0644","attack","I","增加對手已經獲得的獎賞卡的張數×50點傷害。這隻寶可夢也受到30點傷害。","相手がすでにとったサイドの枚数×50ダメージ追加。このポケモンにも30ダメージ。","This attack does 50 more damage for each Prize card your opponent has taken. This Pokémon also does 30 damage to itself."
"cmo1u7xxm27em5uee40dsfl99","刺球仙人掌","0331","ability","G","這隻寶可夢在戰鬥場受到對手的寶可夢招式的傷害時，在使用招式的寶可夢身上放置3個傷害指示物。","このポケモンが、バトル場で相手のポケモンからワザのダメージを受けたとき、ワザを使ったポケモンにダメカンを3個のせる。",""
"cmo1u8ocq3h5h5ueeevr34dln","毽子棉","0189","ability","G","這隻寶可夢受到招式的傷害時，自己擲1次硬幣。若為正面，則這隻寶可夢不會受到那個傷害。","このポケモンがワザのダメージを受けるとき、自分はコインを1回投げる。オモテなら、このポケモンはそのダメージを受けない。","If any damage is done to this Pokémon by attacks, flip a coin. If heads, prevent that damage."
"cmp2dfxc42ojy116cmmxceywq","狗仔包","","attack","G","在下個對手的回合，這隻寶可夢受到招式的傷害「-30」點。","次の相手の番、このポケモンが受けるワザのダメージは「-30」される。",""
"cmo1u7y0727j35uee94ym2ene","路卡利歐","0448","attack","G","在上個對手的回合，若自己的【鬥】寶可夢因招式的傷害而【昏厥】了，則增加120點傷害。 | 在下個自己的回合，這隻寶可夢無法使用「加速突刺」。","前の相手の番に、ワザのダメージで、自分のポケモンがきぜつしていたなら、120ダメージ追加。 | 次の自分の番、このポケモンは「かそくづき」が使えない。","If any of your {F} Pokémon were Knocked Out by damage from an attack during your opponent’s last turn, this attack does 120 more damage. | During your next turn, this Pokémon can’t use Accelerating Stab."
"cmo1u7xay26az5uee46aynra2","保母蟲","0542","attack","I","將自己的所有【基礎】寶可夢各恢復「100」HP。 | 擲1次硬幣若為正面，則增加40點傷害。","自分のたねポケモン全員のHPを、それぞれ「100」回復する。 | コインを1回投げオモテなら、40ダメージ追加。","Heal 100 damage from each of your Basic Pokémon. | Flip a coin. If heads, this attack does 40 more damage."
"cmo1u7xc126cw5uee9arlfsau","大劍鬼","0503","ability","I","在自己的回合時可使用1次。將自己的戰鬥寶可夢與備戰寶可夢互換。然後，對手將對手自己的戰鬥寶可夢與備戰寶可夢互換。","自分の番に1回使える。自分のバトルポケモンをベンチポケモンと入れ替える。その後、相手は相手自身のバトルポケモンをベンチポケモンと入れ替える。","Once during your turn, you may switch your Active Pokémon with 1 of your Benched Pokémon. If you do, switch out your opponent’s Active Pokémon to the Bench. (Your opponent chooses the new Active Pokémon.)"
"cmo1u7pq41tbw5ueemsenvq47","多多冰","0583","attack","I","擲1次硬幣若為正面，則將對手的戰鬥寶可夢【麻痺】。","コインを1回投げオモテなら、相手のバトルポケモンをマヒにする。","Flip a coin. If heads, your opponent’s Active Pokémon is now Paralyzed."
"cmp2dfxf62oo8116czwv2acod","偶叫獒","","attack","G","擲1次硬幣若為正面，則選擇1個對手的戰鬥寶可夢身上附加的能量，將其丟棄。","コインを1回投げオモテなら、相手のバトルポケモンについているエネルギーを1個選び、トラッシュする。","Flip a coin. If heads, discard an Energy from your opponent’s Active Pokémon."
"cmo1u7xdk26fk5ueec0j7fmpb","地幔岩","0525","attack","I","若對手的戰鬥寶可夢的抵抗力為【鬥】屬性，則增加50點傷害。","相手のバトルポケモンの抵抗力がタイプなら、50ダメージ追加。","If your opponent’s Active Pokémon has {F} Resistance, this attack does 50 more damage."
"cmo1u6wsx0fsw5uee2qdz5whr","咬咬龜","0833","attack","D","在下個對手的回合，受到這個招式的寶可夢無法撤退。","次の相手の番、このワザを受けたポケモンは、にげられない。",""
"cmo1u7xfc26il5ueewj3tmeob","步哨鼠","0505","attack","I","在下個自己的回合，這隻寶可夢「必殺門牙」的傷害改為「240」點。 | 擲1次硬幣若為反面，則這個招式失敗。","次の自分の番、このポケモンの「ひっさつまえば」のダメージは「240」になる。 | コインを1回投げウラなら、このワザは失敗。","During your next turn, this Pokémon’s Hyper Fang attack’s base damage is 240. | Flip a coin. If tails, this attack does nothing."
"cmo1u7phe1swx5ueepef4rwa6","蒂蕾喵","0907","attack","I","擲1次硬幣若為正面，則增加30點傷害，並將這隻寶可夢恢復「30」HP。","コインを1回投げオモテなら、30ダメージ追加し、このポケモンのHPを「30」回復する。","Flip a coin. If heads, this attack does 30 more damage, and heal 30 damage from this Pokémon."
"cmo1u7y1427kn5ueelpxkanle","毒骷蛙ex","0454","attack","G","從自己的牌庫任意選擇最多2張卡加入手牌。並且重洗牌庫。 | 將對手的戰鬥寶可夢【中毒】。因這個【中毒】而放置的傷害指示物的數量改為6個。 | 寶可夢【ex】【昏厥】時，對手獲得2張獎賞卡。","自分の山札から好きなカードを2枚まで選び、手札に加える。そして山札を切る。 | 相手のバトルポケモンをどくにする。このどくでのせるダメカンの数は6個になる。",""
"cmo1u7xc326d05ueewen2zufa","野蠻鱸魚","0550","attack","I","若對手的戰鬥寶可夢身上沒有放置傷害指示物，則這個招式失敗。","相手のバトルポケモンにダメカンがのっていないなら、このワザは失敗。","If your opponent’s Active Pokémon has no damage counters on it before this attack does damage, this attack does nothing."
"cmo1u7q821u6p5uee80vyfe4r","單首龍","0633","attack","I","擲1次硬幣若為正面，則將對手的戰鬥寶可夢【麻痺】。","コインを1回投げオモテなら、相手のバトルポケモンをマヒにする。","Flip a coin. If heads, your opponent’s Active Pokémon is now Paralyzed."
"cmo1u7pxx1tpa5ueeo8elasj9","哭哭面具","0562","attack","I","擲1次硬幣若為正面，則增加20點傷害。","コインを1回投げオモテなら、20ダメージ追加。","Flip a coin. If heads, this attack does 20 more damage."
"cmo1u6wt90ftg5uee4slul8h2","頑皮雷彈","0101","ability","D","若這隻寶可夢在備戰區，則在自己的回合時可使用1次，若使用，則將這隻寶可夢【氣絕】。從自己的牌庫選擇最多2張【雷】能量卡，以任意方式附於自己的【雷】寶可夢身上。並且重洗牌庫。","このポケモンがベンチにいるなら、自分の番に1回使えて、使ったなら、このポケモンをきぜつさせる。自分の山札からエネルギーを2枚まで選び、自分のポケモンに好きなようにつける。そして山札を切る。",""
"cmo1u6wtr0fud5uee92f8zw06","麻麻鰻魚王","0604","attack","D","在下個對手的回合，若對手從手牌將能量卡附於受到這個招式的寶可夢身上，則在那隻寶可夢身上放置6個傷害指示物。 | 自己的1隻備戰寶可夢也受到30點傷害。對手的1隻備戰寶可夢也受到30點傷害。[在備戰區不計算弱點・抵抗力。]","次の相手の番、このワザを受けたポケモンに、相手が手札からエネルギーをつけたなら、そのポケモンにダメカンを6個のせる。 | 自分のベンチポケモン1匹にも、30ダメージ。相手のベンチポケモン1匹にも、30ダメージ。［ベンチは弱点・抵抗力を計算しない。］","During your opponent’s next turn, if they attach an Energy card from their hand to the Defending Pokémon, put 6 damage counters on that Pokémon. | This attack also does 30 damage to 1 of your Benched Pokémon and 30 damage to 1 of your opponent’s Benched Pokémon. (Don’t apply Weakness and Resistance for Benched Pokémon.)"
"cmo1u7xrf273w5ueee70t496t","豆蟋蟀","0919","attack","H","擲1次硬幣若為正面，則在下個對手的回合，這隻寶可夢不會受到招式的傷害與效果的影響。","コインを1回投げオモテなら、次の相手の番、このポケモンはワザのダメージや効果を受けない。",""
"cmo1u7w6k24cr5ueea0103elj","利歐路","0447","attack","G","這隻寶可夢也受到20點傷害。","このポケモンにも20ダメージ。","This Pokémon also does 20 damage to itself."
"cmo1u7xrm27495ueetkk98v8x","帕底亞 肯泰羅","0128","attack","G","增加這隻寶可夢身上放置的傷害指示物的數量×10點傷害。 | 選擇1個這隻寶可夢身上附加的能量，將其丟棄。","このポケモンにのっているダメカンの数×10ダメージ追加。 | このポケモンについているエネルギーを1個選び、トラッシュする。","This attack does 10 more damage for each damage counter on this Pokémon. | Discard an Energy from this Pokémon."
"cmo1u7xrt274l5ueei95v2si2","小獅獅","0667","attack","G","將場上的競技場卡丟棄。","場に出ているスタジアムをトラッシュする。","Search your deck for a Basic Pokémon and put it onto your Bench. Then, shuffle your deck."
"cmo1u7xs9275d5ueegkfcjchi","帕底亞 肯泰羅","0128","attack","G","增加這隻寶可夢身上放置的傷害指示物的數量×10點傷害。 | 對手的1隻寶可夢受到60點傷害。[在備戰區不計算弱點・抵抗力。]","このポケモンにのっているダメカンの数×10ダメージ追加。 | 相手のポケモン1匹に、60ダメージ。［ベンチは弱点・抵抗力を計算しない。］","This attack does 10 more damage for each damage counter on this Pokémon. | This attack does 60 damage to 1 of your opponent’s Pokémon. (Don’t apply Weakness and Resistance for Benched Pokémon.)"
"cmp2dfxt82p7f116c751jcg85","潤水鴨","","attack","G","在下個對手的回合，受到這個招式的寶可夢使用招式時，對手擲1次硬幣。若為反面，則那個招式失敗。","次の相手の番、このワザを受けたポケモンがワザを使うとき、相手はコインを1回投げる。ウラならそのワザは失敗。","During your opponent’s next turn, if the Defending Pokémon tries to attack, your opponent flips a coin. If tails, that attack doesn’t happen."
"cmo1u7y8i27x65ueeej8quvvj","吉利蛋","0113","attack","G","擲硬幣直到出現反面，造成正面出現的次數×60點傷害。","ウラが出るまでコインを投げ、オモテの数×60ダメージ。",""
"cmo1u7xu6278p5uee9roh4ib1","列陣兵","0870","attack","G","若自己的備戰區有「列陣兵」，則增加90點傷害。","自分のベンチに「タイレーツ」がいるなら、90ダメージ追加。","If Falinks is on your Bench, this attack does 90 more damage."
"cmp2dfyqe2qgz116c8zpinush","貓鼬少","","attack","G","擲1次硬幣若為正面，則增加10點傷害。","コインを1回投げオモテなら、10ダメージ追加。","Flip a coin. If heads, this attack does 10 more damage."
"cmo1u7xua278x5uee9vw6mztc","帕底亞 烏波","0194","attack","G","從自己的牌庫選擇1張競技場卡，在給對手看過後加入手牌。並且重洗牌庫。","自分の山札からスタジアムを1枚選び、相手に見せて、手札に加える。そして山札を切る。","Search your deck for a Stadium card, reveal it, and put it into your hand. Then, shuffle your deck."
"cmo1u8h5s350b5ueefpbckrlc","哲爾尼亞斯","0716","attack","H","將這隻寶可夢恢復「30」HP。 | 在下個自己的回合，這隻寶可夢無法使用招式。","","Heal 30 damage from this Pokémon. | During your next turn, this Pokémon can’t attack."
"cmo1u7xxt27ey5uee3x33z3o0","坐騎山羊","0673","attack","G","擲1次硬幣若為正面，則增加30點傷害。","コインを1回投げオモテなら、30ダメージ追加。","Flip a coin. If heads, this attack does 30 more damage."
"cmo1u6w7e0er65uee9yz7kee0","灰塵山","0569","ability","D","若場上有競技場卡，則在自己的回合時，可使用1次。將對手的戰鬥寶可夢【中毒】。","場にスタジアムが出ているなら、自分の番に1回使える。相手のバトルポケモンをどくにする。","Once during your turn, if a Stadium is in play, you may make your opponent’s Active Pokémon Poisoned."
"cmo1u7y8g27x25uee3a2e0lnl","鐵轍跡ex","0990","attack","G","對手的3隻寶可夢各受到30點傷害。[在備戰區不計算弱點・抵抗力。] | 將這隻寶可夢與備戰寶可夢互換。 | 寶可夢【ex】【昏厥】時，對手獲得2張獎賞卡。","相手のポケモン3匹に、それぞれ30ダメージ。［ベンチは弱点・抵抗力を計算しない。］ | このポケモンをベンチポケモンと入れ替える。",""
"cmo1u7xyx27gv5ueebbm48yzs","吃吼霸","0977","attack","G","造成自己的棄牌區的「米立龍」的張數×50點傷害。","自分のトラッシュにある「シャリタツ」の枚数×50ダメージ。",""
"cmp2dfxaj2oht116cs2u32u3v","大電海燕","","attack","G","對手的1隻寶可夢受到50點傷害。[在備戰區不計算弱點・抵抗力。] | 選擇1個這隻寶可夢身上附加的【雷】能量，將其丟棄。","相手のポケモン1匹に、50ダメージ。［ベンチは弱点・抵抗力を計算しない。］ | このポケモンについているエネルギーを1個選び、トラッシュする。","Discard a {L} Energy from this Pokémon."
"cmo1u7xzy27in5ueehq8v6d7b","超能豔鴕","0956","attack","G","在下個對手的回合，受到這個招式的寶可夢無法撤退。 | 增加對手的戰鬥寶可夢身上附加的能量的數量×50點傷害。","次の相手の番、このワザを受けたポケモンは、にげられない。 | 相手のバトルポケモンについているエネルギーの数×50ダメージ追加。","During your opponent’s next turn, the Defending Pokémon can’t retreat. | This attack does 50 more damage for each Energy attached to your opponent’s Active Pokémon."
"cmo1u8gri34bf5ueefh77s42a","爆香猿","0514","attack","H","擲2次硬幣，造成正面出現的次數×70點傷害。","","Flip 2 coins. This attack does 70 damage for each heads."
"cmo1u7y0q27jz5uee4qra7dma","雄偉牙ex","0984","attack","G","將場上的競技場卡丟棄。 | 這隻寶可夢也受到50點傷害。 | 寶可夢【ex】【昏厥】時，對手獲得2張獎賞卡。","場に出ているスタジアムをトラッシュする。 | このポケモンにも50ダメージ。",""
"cmo1u7y1s27ls5ueeg7osbdqh","姆克鷹","0398","attack","G","在下個對手的回合，這隻寶可夢不會受到【基礎】寶可夢招式的傷害。 | 選擇1個這隻寶可夢身上附加的能量，將其丟棄。","次の相手の番、このポケモンはたねポケモンからワザのダメージを受けない。 | このポケモンについているエネルギーを1個選び、トラッシュする。","During your opponent’s next turn, prevent all damage done to this Pokémon by attacks from Basic Pokémon. | Discard an Energy from this Pokémon."
"cmp2dg1452tu6116caloyc8wg","米立龍ex","","attack","H","這個招式的傷害不計算對手的戰鬥寶可夢身上的附加效果。 | 查看自己的牌庫上方10張卡，從其中選擇任意數量的寶可夢卡，放置於備戰區。將剩餘卡放回牌庫並重洗。","このワザのダメージは、相手のバトルポケモンにかかっている効果を計算しない。 | 自分の山札を上から10枚見て、その中からポケモンを好きなだけ選び、ベンチに出す。残りのカードは山札にもどして切る。","This attack’s damage isn’t affected by any effects on your opponent’s Active Pokémon."
"cmo1u6wu30fux5uee7r10hudi","心蝙蝠","0528","attack","D","這隻寶可夢不會受到對手的寶可夢使用招式的效果的影響。","",""
"cmo1u6ww20fyd5ueetfega5ew","伽勒爾 喵喵","0052","attack","D","擲3次硬幣，造成正面出現的次數×20點傷害。","コインを3回投げ、オモテの数×20ダメージ。","Flip 3 coins. This attack does 20 damage for each heads."
"cmo1u7pmn1t5z5uee9311da7k","狠辣椒ex","0952","ability","H","只要這隻寶可夢在場上，改為【草】與【火】2種屬性。","このポケモンは、場にいるかぎりとの2つのタイプになる。","As long as this Pokémon is in play, it is {G} and {R} type."
"cmo1u7yeg287c5ueewu0cvj8k","大嘴蝠","0042","attack","G","對手的1隻寶可夢受到40點傷害。[在備戰區不計算弱點・抵抗力。]","相手のポケモン1匹に、40ダメージ。［ベンチは弱点・抵抗力を計算しない。］",""
"cmo1u7y4u27qx5ueelraeqjdr","粉蝶蟲","0664","ability","G","這隻寶可夢就算在自己的最初回合或者剛使出的回合，也可進化。","このポケモンは、最初の自分の番や、出したばかりの番でも進化できる。","This Pokémon can evolve during your first turn or the turn you play it."
"cmo1u7y5c27rp5ueeeooprp4q","原野水母","0948","attack","G","將對手的戰鬥寶可夢【睡眠】。","相手のバトルポケモンをねむりにする。",""
"cmo1u7y6027st5ueeyzt0yrc3","呆殼獸","0080","ability","G","在自己的回合時，可不限次數使用。選擇1個放置於自己的場上寶可夢身上的傷害指示物，改放於這隻寶可夢身上。","自分の番に何回でも使える。自分の場のポケモンにのっているダメカンを1個選び、このポケモンにのせ替える。","As often as you like during your turn, you may move 1 damage counter from 1 of your other Pokémon to this Pokémon."
"cmo1u820o2edn5ueeu97a7qi7","花療環環","0764","attack","H","雙方玩家各從牌庫抽出3張卡。 | 擲1次硬幣若為正面，則增加20點傷害。","おたがいのプレイヤーは、それぞれ山札を3枚引く。 | コインを1回投げオモテなら、20ダメージ追加。","Flip a coin. If heads, this attack does 20 more damage."
"cmo1u8sjq3oe85ueenswt72th","皮卡丘ex","0025","attack","G","擲1次硬幣若為反面，則將這隻寶可夢身上附加的能量全部丟棄。","","Flip a coin. If tails, discard all Energy from this Pokémon."
"cmo1u7pu01til5uee9xv55oti","傘電蜥","0694","attack","H","從自己的牌庫抽出1張卡。","自分の山札を1枚引く。",""
"cmo1u8sk83of45uee2pfw2kaw","捷拉奧拉","0807","attack","H","擲1次硬幣若為正面，則可將對手的戰鬥寶可夢【麻痺】。 | 選擇1個這隻寶可夢身上附加的能量，將其丟棄。","",""
"cmp2dfxbn2oja116cxk0cka53","花葉蒂","","attack","G","擲1次硬幣若為正面，則增加30點傷害，並將這隻寶可夢恢復「30」HP。","コインを1回投げオモテなら、30ダメージ追加し、このポケモンのHPを「30」回復する。","Flip a coin. If heads, this attack does 30 more damage, and heal 30 damage from this Pokémon."
"cmo1u7y7j27vh5ueewdf92mef","花潔夫人","0671","ability","G","只要這隻寶可夢在場上，自己的所有寶可夢的弱點全部消除。","このポケモンがいるかぎり、自分のポケモン全員の弱点は、すべてなくなる。","Your Pokémon in play have no Weakness."
"cmo1u7y7u27w15ueeqhx51bg8","猴怪","0056","attack","G","這隻寶可夢也受到10點傷害。","このポケモンにも10ダメージ。",""
"cmo1u7yfj28985ueeoswv7s85","風速狗","0059","attack","G","從自己的棄牌區選擇最多2張「基本【火】能量」卡，附於這隻寶可夢身上。 | 選擇2個這隻寶可夢身上附加的【火】能量，將其丟棄。","自分のトラッシュから「基本エネルギー」を2枚まで選び、このポケモンにつける。 | このポケモンについているエネルギーを2個選び、トラッシュする。","Attach up to 2 Basic {R} Energy cards from your discard pile to this Pokémon. | Discard 2 {R} Energy from this Pokémon."
"cmo1u80os2c555ueex7jxve8x","師父鼬","0620","attack","G","擲3次硬幣，造成正面出現的次數×20點傷害。 | 在這個回合，若從手牌將「寶可夢道具」卡附於這隻寶可夢身上，則增加70點傷害。","コインを3回投げ、オモテの数×20ダメージ。 | この番、手札からこのポケモンに「ポケモンのどうぐ」をつけていたなら、70ダメージ追加。","Flip 3 coins. This attack does 20 damage for each heads. | If you attached a Pokémon Tool card from your hand to this Pokémon during this turn, this attack does 70 more damage."
"cmo1u6w5c0enl5ueeiwcadtxj","莫魯貝可","0877","attack","D","選擇對手的戰鬥寶可夢持有的1個招式。在下個對手的回合，受到這個招式的寶可夢無法使用被選擇的招式。 | 對手的1隻備戰寶可夢也受到20點傷害。[在備戰區不計算弱點・抵抗力。]","相手のバトルポケモンが持っているワザを1つ選ぶ。次の相手の番、このワザを受けたポケモンは、選ばれたワザが使えない。 | 相手のベンチポケモン1匹にも、20ダメージ。[ベンチは弱点・抵抗力を計算しない。]","Choose 1 of your opponent’s Active Pokémon’s attacks. During your opponent’s next turn, that Pokémon can’t use that attack. | This attack also does 20 damage to 1 of your opponent’s Benched Pokémon. (Don’t apply Weakness and Resistance for Benched Pokémon.)"
"cmo1u7y6k27tt5ueezfwf04ik","帕奇利茲","0417","ability","G","這隻寶可夢不會【麻痺】。","このポケモンはマヒにならない。","This Pokémon can’t be Paralyzed."
"cmo1u6w0m0eff5ueeklrrdv7o","耿鬼","0094","ability","D","在自己的回合時，可不限次數使用。選擇1個自己的場上的【超】寶可夢身上放置的傷害指示物，改放於自己的其他【超】寶可夢身上。","自分の番に何回でも使える。自分の場のポケモンにのっているダメカンを1個選び、自分の別のポケモンにのせ替える。",""
"cmo1u7poa1t8r5uee9psk330h","巨翅飛魚","0226","attack","H","對手的1隻寶可夢受到50點傷害。[在備戰區不計算弱點・抵抗力。]","相手のポケモン1匹に、50ダメージ。［ベンチは弱点・抵抗力を計算しない。］",""
"cmo1u7yf7288o5uee7n276z1d","可達鴨","0054","attack","G","在下個對手的回合，對手擲的硬幣全部視為反面。","次の相手の番、相手が投げるコインは、すべてウラとしてあつかう。",""
"cmo1u7y6i27tp5ueea577ibzv","自爆磁怪ex","0462","attack","G","造成對手的所有寶可夢身上附加的能量的數量×50點傷害。 | 這隻寶可夢也受到30點傷害。 | 寶可夢【ex】【昏厥】時，對手獲得2張獎賞卡。","相手のポケモン全員についているエネルギーの数×50ダメージ。 | このポケモンにも30ダメージ。",""
"cmo1u7yfl289c5ueev90b7t2r","蚊香蝌蚪","0060","attack","G","擲1次硬幣若為正面，則將對手的戰鬥寶可夢【麻痺】。","コインを1回投げオモテなら、相手のバトルポケモンをマヒにする。",""
"cmo1u7yf9288s5ueeudcl0ezq","哥達鴨","0055","attack","G","從自己的棄牌區選擇最多4張寶可夢卡，在給對手看過後加入手牌。","自分のトラッシュからポケモンを4枚まで選び、相手に見せて、手札に加える。",""
"cmo1u7yfz28a05ueerenxl3bj","腕力","0066","attack","G","將對手的牌庫上方1張卡丟棄。","相手の山札を上から1枚トラッシュする。",""
"cmo1u6tbk09px5uee7sy93e86","咚咚鼠","0702","attack","D","造成自己的棄牌區的，持有「瘋狂派對」招式的寶可夢的數量×20點傷害。","自分のトラッシュにある、ワザ「マッドパーティ」を持つポケモンの数×20ダメージ。",""
"cmo1u6w670ep15uee54gyq18j","布莉姆溫","0858","ability","D","在自己的回合時，可使用1次。雙方玩家各選擇1張自己的手牌，將其丟棄。（對手先丟棄。沒有手牌的玩家不丟棄。）","自分の番に1回使える。おたがいのプレイヤーは、それぞれ自分の手札を1枚選び、トラッシュする。（トラッシュは相手から行う。手札がないプレイヤーはトラッシュしない。）","Once during your turn, you may use this Ability. Each player discards a card from their hand. (Your opponent discards first.)"
"cmo1u7pdf1sq45uee3znq8i50","派拉斯特","0047","attack","I","將對手的戰鬥寶可夢【睡眠】。 | 擲2次硬幣，增加正面出現的次數×30點傷害。","相手のバトルポケモンをねむりにする。 | コインを2回投げ、オモテの数×30ダメージ追加。","Your opponent’s Active Pokémon is now Asleep. | Flip 2 coins. This attack does 30 more damage for each heads."
"cmo1u7ycp284b5uee70vk1ddq","大針蜂","0015","attack","G","若自己1張手牌都沒有，則增加120點傷害，並將對手的戰鬥寶可夢【中毒】與【麻痺】。","自分の手札が1枚もないなら、120ダメージ追加し、相手のバトルポケモンをどくとマヒにする。","If you have no cards in your hand, this attack does 120 more damage, and your opponent’s Active Pokémon is now Paralyzed and Poisoned."
"cmo1u7ycz284r5ueeovqj0k11","小拉達","0019","attack","G","增加對手的戰鬥寶可夢身上放置的傷害指示物的數量×10點傷害。","相手のバトルポケモンにのっているダメカンの数×10ダメージ追加。",""
"cmo1u7ydh285n5ueeh5p0mxot","穿山鼠","0027","ability","G","只要這隻寶可夢在場上，對手的棄牌區的訓練家卡，無法因對手的物品卡或者支援者卡的效果而放回牌庫。","このポケモンがいるかぎり、相手のトラッシュにあるトレーナーズは、相手のグッズまたはサポートの効果で、山札にもどせない。","Trainer cards in your opponent’s discard pile can’t be put into their deck by an effect of your opponent’s Item or Supporter cards."
"cmo1u80w42chn5ueey5jgwimz","長尾怪手","0190","attack","G","從自己的牌庫抽出1張。","自分の山札を1枚引く。",""
"cmo1u7yhz28dh5ueennv7a68w","引夢貘人","0097","ability","G","在自己的回合，從手牌使出這張卡並完成進化時，可使用1次。將對手的戰鬥寶可夢【睡眠】。","自分の番に、このカードを手札から出して進化させたとき、1回使える。相手のバトルポケモンをねむりにする。","When you play this Pokémon from your hand to evolve 1 of your Pokémon during your turn, you may make your opponent’s Active Pokémon Asleep."
"cmobmw69o1tml2pc7fuk32eue","雷吉艾斯ex","0378","attack","J","從自己的棄牌區選擇最多2張「基本【水】能量」卡，附於這隻寶可夢身上。 | 將2個這隻寶可夢身上附加的能量丟棄，將對手的戰鬥寶可夢【麻痺】。","自分のトラッシュから「基本エネルギー」を2枚まで選び、このポケモンにつける。 | このポケモンについているエネルギーを2個トラッシュし、相手のバトルポケモンをマヒにする。","Discard 2 Energy from this Pokémon, and your opponent’s Active Pokémon is now Paralyzed."
"cmo1u7yhs28d55ueekheeko5c","耿鬼","0094","attack","G","查看對手的手牌，造成其中訓練家卡的張數×50點傷害。 | 將3個傷害指示物以任意方式放置於對手的備戰寶可夢身上。","相手の手札を見て、その中にあるトレーナーズの枚数×50ダメージ。 | ダメカン3個を、相手のベンチポケモンに好きなようにのせる。","Your opponent reveals their hand. This attack does 50 damage for each Trainer card you find there. | Put 3 damage counters on your opponent’s Benched Pokémon in any way you like."
"cmo1u7yhv28d95ueej783xf0v","大岩蛇","0095","attack","G","將自己的牌庫上方5張卡丟棄，造成其中【撤退】所需的能量為4個的寶可夢卡的張數×80點傷害。","自分の山札を上から5枚トラッシュし、その中にあるにげるためのエネルギーが4個のポケモンの枚数×80ダメージ。","Discard the top 5 cards of your deck. This attack does 80 damage for each Pokémon with a Retreat Cost of exactly 4 that you discarded in this way."
"cmo1u7yi228dl5uee6iu4qq5i","大鉗蟹","0098","attack","G","擲1次硬幣若為正面，則從自己的牌庫選擇最多2張「基本【水】能量」卡，附於這隻寶可夢身上。並且重洗牌庫。","コインを1回投げオモテなら、自分の山札から「基本エネルギー」を2枚まで選び、このポケモンにつける。そして山札を切る。",""
"cmo1u7yiq28et5ueer8v8f9zn","瓦斯彈","0109","attack","G","將對手的戰鬥寶可夢【混亂】。","相手のバトルポケモンをこんらんにする。","Your opponent’s Active Pokémon is now Confused."
"cmo1u7yio28ep5ueeucvfsm72","大舌頭","0108","attack","G","在下個對手的回合，受到這個招式的寶可夢無法使用招式。","次の相手の番、このワザを受けたポケモンは、ワザが使えない。",""
"cmo1u7yjq28gh5ueeb5hz5xbq","迷唇姐ex","0124","attack","G","若對手的戰鬥寶可夢【睡眠】，則將那隻寶可夢【昏厥】。 | 將對手的戰鬥寶可夢【睡眠】。 | 寶可夢【ex】【昏厥】時，對手獲得2張獎賞卡。","相手のバトルポケモンがねむりなら、そのポケモンをきぜつさせる。 | 相手のバトルポケモンをねむりにする。",""
"cmo1u6w6n0ept5ueez40w7r7q","伽勒爾 死神板","0867","attack","D","將與這隻「伽勒爾 死神板」身上放置的傷害指示物的數量×2個的相同數量的傷害指示物，以任意方式放置於對手的寶可夢身上。 | 這隻寶可夢也受到30點傷害。","この「ガラル デスバーン」にのっているダメカンの数×2個ぶんのダメカンを、相手のポケモンに好きなようにのせる。 | このポケモンにも30ダメージ。","For each damage counter on this Galarian Runerigus, put 2 damage counters on your opponent’s Pokémon in any way you like. | This Pokémon also does 30 damage to itself."
"cmo1u6w0o0efj5uee1gfk96vg","拳拳蛸","0852","attack","D","擲1次硬幣若為正面，則將對手的戰鬥寶可夢【麻痺】。","コインを1回投げオモテなら、相手のバトルポケモンをマヒにする。",""
"cmo1u7yiw28f15ueewavrg8c5","獨角犀牛","0111","attack","G","將對手的戰鬥寶可夢與備戰寶可夢互換。[由對手選擇放置於戰鬥場的寶可夢。]","相手のバトルポケモンをベンチポケモンと入れ替える。［バトル場に出すポケモンは相手が選ぶ。］","Switch out your opponent’s Active Pokémon to the Bench. (Your opponent chooses the new Active Pokémon.)"
"cmo1u7yjt28gl5ueelh8rkhug","電擊獸","0125","attack","G","若自己的備戰區有「鴨嘴火獸」，則增加40點傷害。","自分のベンチに「ブーバー」がいるなら、40ダメージ追加。","If Magmar is on your Bench, this attack does 40 more damage."
"cmo1u7yjv28gp5ueefpasockn","鴨嘴火獸","0126","attack","G","若自己的備戰區有「電擊獸」，則增加80點傷害。","自分のベンチに「エレブー」がいるなら、80ダメージ追加。","If Electabuzz is on your Bench, this attack does 80 more damage."
"cmo1u7yk228h15ueep1icd9a2","鯉魚王","0129","attack","G","擲硬幣直到出現反面，從自己的牌庫抽出與正面出現的次數相同數量的卡。","ウラが出るまでコインを投げ、オモテの数ぶん、自分の山札を引く。",""
"cmo1u7ykb28hh5ueehe6gsuxg","伊布","0133","attack","G","從自己的牌庫選擇最多3張各不同屬性的寶可夢卡，在給對手看過後加入手牌。並且重洗牌庫。","自分の山札から、それぞれちがうタイプのポケモンを3枚まで選び、相手に見せて、手札に加える。そして山札を切る。",""
"cmo1u7yec28775ueeb0xegxa8","超音蝠","0041","ability","G","若這隻寶可夢在戰鬥場上，則在自己的回合時可使用1次。查看對手的手牌。","このポケモンがバトル場にいるなら、自分の番に1回使える。相手の手札を見る。","Once during your turn, if this Pokémon is in the Active Spot, you may have your opponent reveal their hand."
"cmo1u7ykl28hx5uee6w5ev1kh","多邊獸","0137","attack","G","從【草】【火】【水】【雷】【超】【鬥】【惡】【鋼】【龍】中選擇1個屬性。受到這個招式的寶可夢弱點改為所選的屬性。這個效果在受到這個招式的寶可夢離開戰鬥場前一直持續。［弱點以「×2」計算傷害。］","の中からタイプを1つ選ぶ。このワザを受けたポケモンの弱点は、選んだタイプになる。この効果は、このワザを受けたポケモンがバトル場をはなれるまで続く。［弱点は「×2」でダメージ計算をする。］",""
"cmo1u7ykq28i55ueel8vprdb3","多刺菊石獸","0139","ability","G","只要這隻寶可夢在戰鬥場上，對手的戰鬥寶可夢無法撤退。","このポケモンがバトル場にいるかぎり、相手のバトルポケモンは、にげられない。","As long as this Pokémon is in the Active Spot, your opponent’s Active Pokémon can’t retreat."
"cmo1u7ygb28ak5ueeuvvvt76g","大食花","0071","attack","G","在下個對手的回合結束時，在受到這個招式的寶可夢身上放置12個傷害指示物。","次の相手の番の終わりに、このワザを受けたポケモンにダメカンを12個のせる。","At the end of your opponent’s next turn, put 12 damage counters on the Defending Pokémon."
"cmo1u6vwt0e8q5ueeytw3y9p5","伽勒爾 堵攔熊","0862","ability","D","在自己的回合，當從手牌使出這張卡並完成進化時，可使用1次。在對手的1隻寶可夢身上放置3個傷害指示物。","自分の番に、このカードを手札から出して進化させたとき、1回使える。相手のポケモン1匹に、ダメカンを3個のせる。","When you play this Pokémon from your hand to evolve 1 of your Pokémon during your turn, you may put 3 damage counters on 1 of your opponent’s Pokémon."
"cmo1u7ybq282r5ueeisp71hw5","妙蛙種子","0001","attack","G","將這隻寶可夢恢復「20」HP。","このポケモンのHPを「20」回復する。","Heal 20 damage from this Pokémon."
"cmo1u7z5z29iw5ueejqrb8mg3","暴雪王","0460","ability","G","只要這隻寶可夢在場上，雙方的所有寶可夢的HP無法恢復。","このポケモンがいるかぎり、おたがいのポケモン全員のHPは、回復しない。","Pokémon (both yours and your opponent’s) can’t be healed."
"cmo1u6xkq0h4t5ueel91g2qvw","淚眼蜥","0816","attack","E","從自己的牌庫選擇最多3張「連擊」【基礎】寶可夢卡，放置於備戰區。並且重洗牌庫。 | 擲2次硬幣，造成正面出現的次數×20點傷害。","自分の山札から「れんげき」のたねポケモンを3枚まで選び、ベンチに出す。そして山札を切る。 | コインを2回投げ、オモテの数×20ダメージ。",""
"cmo1u7q4n1u0w5ueekajuwsss","沙鐵皮","0989","attack","H","若自己的場上的能量有3個以上，則增加70點傷害。這個招式的傷害不計算弱點。","自分の場にエネルギーが3個以上あるなら、70ダメージ追加。このワザのダメージは弱点を計算しない。",""
"cmo1u6xl40h5h5ueerply2r4q","伽勒爾 急凍鳥V","0144","ability","E","在自己的回合時，若將自己的2張手牌丟棄，則可使用1次。從自己的牌庫抽出1張卡。","自分の番に、自分の手札を2枚トラッシュするなら、1回使える。自分の山札を1枚引く。",""
"cmo1u7zst2alv5uee9frafd5x","超能豔鴕ex","0956","ability","G","只要這隻寶可夢在戰鬥場上，對手的戰鬥寶可夢使用招式所需的能量增加1個【無】能量。","このポケモンがバトル場にいるかぎり、相手のバトルポケモンは、ワザを使うためのエネルギーが、エネルギー1個ぶん多くなる。",""
"cmo1u7xry274t5ueepb6zfa7m","花舞鳥","0741","ability","G","在自己的回合時可使用1次。將自己的戰鬥場的進化寶可夢恢復「20」HP。","自分の番に1回使える。自分のバトル場の進化ポケモンのHPを「20」回復する。","Once during your turn, you may heal 20 damage from your Active Evolution Pokémon."
"cmo1u70vq0ms15uee8h1hllki","比克提尼","0494","attack","E","從自己的棄牌區選擇1張基本能量卡，附於備戰寶可夢身上。","自分のトラッシュから基本エネルギーを1枚選び、ベンチポケモンにつける。","Attach a basic Energy card from your discard pile to 1 of your Benched Pokémon."
"cmo1u7ydr28635ueezwwjorp1","尼多后","0031","attack","G","在下個對手的回合，這隻寶可夢不會受到【基礎】寶可夢招式的傷害。","次の相手の番、このポケモンはたねポケモンからワザのダメージを受けない。","During your opponent’s next turn, prevent all damage done to this Pokémon by attacks from Basic Pokémon."
"cmo1u7puz1tk95ueen4iejf79","電海燕","0940","attack","H","擲1次硬幣若為正面，則增加20點傷害。","コインを1回投げオモテなら、20ダメージ追加。","Flip a coin. If heads, this attack does 20 more damage."
"cmo1u7c66165q5ueem50rlye1","陳舊的秘密琥珀","","attack","G","這張卡可作為HP60的【無】屬性的【基礎】寶可夢放置於場上。這張卡不會陷入特殊狀態，無法撤退。 若在自己的回合中，則可將場上的這張卡丟棄。  [特性]琥珀守護 這隻寶可夢不會受到對手的寶可夢特性效果的影響。 | 在自己的回合時，物品卡可不限張數使用。","",""
"cmo1u7yf3288g5ueer6nu4t1h","喵喵","0052","attack","G","擲1次硬幣若為正面，則選擇1隻對手的備戰寶可夢，與戰鬥寶可夢互換。","コインを1回投げオモテなら、相手のベンチポケモンを1匹選び、バトルポケモンと入れ替える。",""
"cmo1u818v2d3b5ueezgrtpjmm","咕咕","0163","attack","H","查看對手的手牌。","相手の手札を見る。","Your opponent reveals their hand."
"cmo1u6xn70h8y5uee4gck8p4n","頭巾混混","0560","attack","E","在不看正面的情況下，選擇1張對手的手牌，將其丟棄。","相手の手札からオモテを見ないで1枚選び、トラッシュする。","Discard a random card from your opponent’s hand."
"cmobmw6h21tye2pc7jkvt5o4m","瑪力露麗ex","0184","ability","J","在自己的回合時，可不限次數使用。選擇1個自己的場上寶可夢身上附加的能量，改附於這隻寶可夢身上。","自分の番に何回でも使える。自分の場のポケモンについているエネルギーを1個選び、このポケモンにつけ替える。","As often as you like during your turn, you may use this Ability. Move an Energy from 1 of your other Pokémon to this Pokémon."
"cmo1u7yfq289k5uee5a4h0a70","蚊香泳士","0062","attack","G","擲1次硬幣若為正面，則將對手的戰鬥寶可夢【麻痺】。 | 擲1次硬幣若為正面，則增加150點傷害。","コインを1回投げオモテなら、相手のバトルポケモンをマヒにする。 | コインを1回投げオモテなら、150ダメージ追加。","Flip a coin. If heads, your opponent’s Active Pokémon is now Paralyzed. | Flip a coin. If heads, this attack does 150 more damage."
"cmobmx94b3jw42pc7ziac6lm9","鐵臂膀ex","0992","attack","G","若對手的寶可夢因這個招式的傷害而【昏厥】了，則多獲得1張獎賞卡。","","If your opponent’s Pokémon is Knocked Out by damage from this attack, take 1 more Prize card."
"cmobmw42d1q402pc71lqg964r","噗噗豬","0326","ability","I","在自己的回合，從手牌使出這張卡並完成進化時，可使用1次。查看自己的牌庫上方4張卡，從其中選擇任意數量的基本能量卡，以任意方式附於自己的寶可夢身上。將剩餘卡放回牌庫並重洗。","自分の番に、このカードを手札から出して進化させたとき、1回使える。自分の山札を上から4枚見て、その中から基本エネルギーを好きなだけ選び、自分のポケモンに好きなようにつける。残りのカードは山札にもどして切る。","Once during your turn, when you play this Pokémon from your hand to evolve 1 of your Pokémon, you may use this Ability. Look at the top 4 cards of your deck and attach any number of Basic Energy cards you find there to your Pokémon in any way you like. Shuffle the other cards back into your deck."
"cmobmw7r71w0s2pc73r8xl7sm","其他葉伊布VSTAR","0470","ability","F","在自己的回合時可使用。選擇對手的1隻備戰寶可夢，與戰鬥寶可夢互換。[對戰中，己方只可使用1次【VSTAR】力量。]","",""
"cmo1u6xn50h8u5ueeo7brejel","貓鼬斬","0335","attack","E","在這個回合，若從手牌使出了「連擊」支援者，則對手的2隻備戰寶可夢也各受到50點傷害。[在備戰區不計算弱點・抵抗力。]","この番、手札から「れんげき」のサポートを出して使っていたなら、相手のベンチポケモン2匹にも、それぞれ50ダメージ。［ベンチは弱点・抵抗力を計算しない。］",""
"cmo1u6xnq0h9u5ueeefgf6ve4","小約克","0506","attack","E","從自己的牌庫選擇1張支援者卡，在給對手看過後加入手牌。並且重洗牌庫。","自分の山札からサポートを1枚選び、相手に見せて、手札に加える。そして山札を切る。","Search your deck for a Supporter card, reveal it, and put it into your hand. Then, shuffle your deck."
"cmo1u80on2c4x5uee6hweqk71","吼叫尾","0985","attack","G","對手的1隻寶可夢受到這隻寶可夢身上放置的傷害指示物的數量×20點傷害。[在備戰區不計算弱點・抵抗力。]","相手のポケモン1匹に、このポケモンにのっているダメカンの数×20ダメージ。［ベンチは弱点・抵抗力を計算しない。］",""
"cmo1u6wsk0fs85ueee8keaffk","古月鳥","0845","attack","D","將自己的備戰區的任意數量的「刺梭魚」丟棄，造成其張數×60點傷害。","自分のベンチの「サシカマス」を好きなだけトラッシュし、その枚数×60ダメージ。",""
"cmo1u7yja28fp5ueeezg67e08","海刺龍","0117","attack","G","在下個對手的回合，受到這個招式的寶可夢使用招式時，對手擲2次硬幣。只要出現1次反面，則那個招式失敗。","次の相手の番、このワザを受けたポケモンがワザを使うとき、相手はコインを2回投げる。1回でもウラなら、そのワザは失敗。",""
"cmo1u7pyv1tqy5uee9va17wfj","哲爾尼亞斯","0716","attack","H","將這隻寶可夢恢復「30」HP。 | 在下個自己的回合，這隻寶可夢無法使用招式。","このポケモンのHPを「30」回復する。 | 次の自分の番、このポケモンはワザが使えない。",""
"cmo1u81j02dkm5ueeggfroobd","啪咚猴","0811","ability","H","若自己的戰鬥寶可夢為擁有特性「祭典樂舞」的寶可夢，則在自己的回合時可使用1次。從自己的牌庫任意選擇1張卡加入手牌。並且重洗牌庫。","自分のバトルポケモンが特性「おまつりおんど」を持つポケモンなら、自分の番に1回使える。自分の山札から好きなカードを1枚選び、手札に加える。そして山札を切る。","Once during your turn, if your Active Pokémon has the Festival Lead Ability, you may search your deck for a card and put it into your hand. Then, shuffle your deck."
"cmo1u7zzx2ay15ueel66kysge","鐵轍跡ex","0990","attack","G","若希望，在造成傷害後，將這隻寶可夢身上附加的「驅勁能量 未來」丟棄。這個情況下，在下個對手的回合，這隻寶可夢受到招式的傷害「-150」點。","のぞむなら、ダメージを与えたあとに、このポケモンについている「ブーストエナジー 未来」をトラッシュする。その場合、次の相手の番、このポケモンが受けるワザのダメージは「-150」される。","After doing damage, you may discard all Future Booster Energy Capsules from this Pokémon. If you do, during your opponent’s next turn, this Pokémon takes 150 less damage from attacks (after applying Weakness and Resistance)."
"cmo1u6wvy0fy55ueertz8tnzg","破破袋","0568","attack","D","從自己的牌庫選擇1張物品卡，在給對手看過後加入手牌。並且重洗牌庫。","自分の山札からグッズを1枚選び、相手に見せて、手札に加える。そして山札を切る。","Search your deck for an Item card, reveal it, and put it into your hand. Then, shuffle your deck."
"cmo1u80062ayh5uee07cx2vd9","摩托蜥","0967","attack","G","擲1次硬幣若為正面，則在下個對手的回合，這隻寶可夢不會受到招式的傷害與效果的影響。","コインを1回投げオモテなら、次の相手の番、このポケモンはワザのダメージや効果を受けない。","Flip a coin. If heads, during your opponent’s next turn, prevent all damage from and effects of attacks done to this Pokémon."
"cmo1u7ycs284f5uee3icqkmdv","波波","0016","attack","G","從自己的牌庫選擇最多2張【基礎】寶可夢卡，放置於備戰區。並且重洗牌庫。","自分の山札からたねポケモンを2枚まで選び、ベンチに出す。そして山札を切る。",""
"cmo1u6xne0h9a5ueembodz72p","毛頭小鷹","0627","attack","E","將對手的戰鬥寶可夢與備戰寶可夢互換。[由對手選擇放置於戰鬥場的寶可夢。]","相手のバトルポケモンをベンチポケモンと入れ替える。［バトル場に出すポケモンは相手が選ぶ。］",""
"cmo1u7yks28i95uee6qaq3o09","化石盔","0140","attack","G","擲2次硬幣，造成正面出現的次數×70點傷害。","コインを2回投げ、オモテの数×70ダメージ。",""
"cmp2dfz3e2qzd116cdeog9c1c","超音蝠","","attack","G","擲1次硬幣若為正面，則將對手的戰鬥寶可夢【混亂】。","コインを1回投げオモテなら、相手のバトルポケモンをこんらんにする。",""
"cmo1u7ea319um5ueev0bx2j7m","卡比獸娃娃","0143","attack","G","進行對戰準備將寶可夢放置於場上時，若手牌有這張卡，則可將這張卡作為HP120的【無】屬性的【基礎】寶可夢，翻回反面放置於場上。（這張卡在對戰準備以外無法放置於場上。）若在自己的回合中，則可將場上的這張卡丟棄。  這張卡不會陷入特殊狀態，無法撤退。就算這張卡【昏厥】，對手也無法獲得獎賞卡。","",""
"cmp2dfyw72qp6116cfi7yjzor","鴨嘴寶寶","","attack","G","在下個對手的回合，這隻寶可夢受到招式的傷害時，在使用招式的寶可夢身上放置6個傷害指示物。","次の相手の番、このポケモンがワザのダメージを受けたとき、ワザを使ったポケモンにダメカンを6個のせる。",""
"cmo1u6xnu0ha25uee9z4s9zv6","勇士雄鷹","0628","attack","E","若對手的戰鬥寶可夢為進化寶可夢，則增加60點傷害。 | 這隻寶可夢也受到50點傷害。","相手のバトルポケモンが進化ポケモンなら、60ダメージ追加。 | このポケモンにも50ダメージ。","If your opponent’s Active Pokémon is an Evolution Pokémon, this attack does 60 more damage. | This Pokémon also does 50 damage to itself."
"cmo1u80sz2cca5ueeuz0a5a2o","索偵蟲","0824","attack","G","擲1次硬幣若為反面，則這個招式失敗。","コインを1回投げウラなら、このワザは失敗。",""
"cmo1u7z1s29bn5uee1ks2o1n1","不良蛙","0453","attack","G","將對手的戰鬥寶可夢【中毒】。","相手のバトルポケモンをどくにする。",""
"cmo1u80vq2cgz5ueegtf3f6m5","堅盾劍怪ex","0681","attack","G","造成自己已經獲得的獎賞卡的張數×70點傷害。 | 這隻寶可夢也受到30點傷害。","自分がすでにとったサイドの枚数×70ダメージ。 | このポケモンにも30ダメージ。","This attack does 70 damage for each Prize card you have taken. | This Pokémon also does 30 damage to itself."
"cmo1u6xwh0hnk5ueemhvd2vrk","伽勒爾 踏冰人偶","0866","attack","E","從自己的手牌將任意數量的名稱中有「球」的物品卡丟棄，增加其張數×40點傷害。","自分の手札から名前に「ボール」とつくグッズを好きなだけトラッシュし、その枚数×40ダメージ追加。",""
"cmo1u7pju1t165ueetx81du3x","猛火猴","0391","attack","H","選擇1個這隻寶可夢身上附加的能量，將其丟棄。","このポケモンについているエネルギーを1個選び、トラッシュする。","Discard an Energy from this Pokémon."
"cmo1u7z5t29ik5ueeyoivguwx","三蜜蜂","0415","attack","G","擲2次硬幣，造成正面出現的次數×10點傷害。","コインを2回投げ、オモテの数×10ダメージ。",""
"cmo1u6xkm0h4l5ueevvi70m6e","變澀蜥","0817","attack","E","將這隻寶可夢與備戰寶可夢互換。","このポケモンをベンチポケモンと入れ替える。",""
"cmo1u7pyf1tq65ueeuk7objqw","花蓓蓓","0669","attack","H","將自己的1隻寶可夢恢復「30」HP。","自分のポケモン1匹のHPを「30」回復する。",""
"cmo1u811x2crh5ueezql4mnp2","大朝北鼻","0476","attack","H","若對手的戰鬥寶可夢身上附有「寶可夢道具」卡，則增加80點傷害。","相手のバトルポケモンに「ポケモンのどうぐ」がついているなら、80ダメージ追加。","If your opponent’s Active Pokémon has a Pokémon Tool attached, this attack does 80 more damage."
"cmo1u81ok2dtg5ueedbtfi2bo","鴨寶寶","0580","attack","H","從自己的牌庫抽出2張卡。","自分の山札を2枚引く。",""
"cmp2dg07d2sjh116c8xtll6x7","裹蜜蟲","","attack","H","選擇1隻對手的備戰寶可夢，與戰鬥寶可夢互換。然後，新上場的寶可夢受到70點傷害。","相手のベンチポケモンを1匹選び、バトルポケモンと入れ替える。その後、新しく出てきたポケモンに70ダメージ。",""
"cmo1u6xwy0hoc5ueeaegv4s4t","輕飄飄","0592","attack","E","選擇1個這隻寶可夢身上附加的能量，將其丟棄。將這隻寶可夢的HP全部恢復。","このポケモンについているエネルギーを1個選び、トラッシュする。このポケモンのHPを、すべて回復する。","Discard an Energy from this Pokémon and heal all damage from it."
"cmo1u6y720i5v5ueeaej7ci0n","火炎獅","0668","attack","E","擲2次硬幣，造成正面出現的次數×40點傷害。","相手のバトルポケモンについているエネルギーを1個選び、トラッシュする。",""
"cmo1u7yhc28cc5ueeuh13m9tw","白海獅","0087","attack","G","對手的2隻寶可夢各受到50點傷害。[在備戰區不計算弱點・抵抗力。]","相手のポケモン2匹に、それぞれ50ダメージ。［ベンチは弱点・抵抗力を計算しない。］",""
"cmo1u6tc209qt5ueejkan0w87","時拉比V","0251","attack","E","將這隻寶可夢與備戰寶可夢互換。 | 寶可夢【V】【氣絕】時，對手獲得2張獎賞卡。","自分の手札からエネルギーを好きなだけ選び、自分のポケモンに好きなようにつける。 | このポケモンをベンチポケモンと入れ替える。",""
"cmo1u7zd129v25uee4ganym59","炎帝","0244","ability","G","只要這隻寶可夢在戰鬥場上，對手的戰鬥寶可夢使用的招式的傷害「-20」點。","このポケモンがバトル場にいるかぎり、相手のバトルポケモンが使うワザのダメージは「-20」される。","As long as this Pokémon is in the Active Spot, attacks used by your opponent’s Active Pokémon do 20 less damage (before applying Weakness and Resistance)."
"cmo1u6xwu0ho45ueemlbz2p07","胖嘟嘟","0593","attack","E","造成自己的棄牌區的【水】能量卡的張數×10點傷害。","自分のトラッシュにあるエネルギーの枚数×10ダメージ。",""
"cmo1u81zg2ebv5ueebpvq98yz","暴噬龜","0834","ability","H","這隻寶可夢不會受到對手的寶可夢「200」以上的招式的傷害。","このポケモンは、相手のポケモンから「200」以上のワザのダメージを受けない。","Prevent all damage done to this Pokémon by attacks from your opponent’s Pokémon if that damage is 200 or more."
"cmo1u7yle28ja5uee7it13hkx","快龍","0149","ability","G","只要這隻寶可夢在場上，自己的所有寶可夢【撤退】所需的能量全部消除。","このポケモンがいるかぎり、自分のポケモン全員のにげるためのエネルギーは、すべてなくなる。","Your Pokémon in play have no Retreat Cost."
"cmo1u81zp2ecb5ueei5q4b1jr","燈籠魚","0170","attack","H","擲2次硬幣，造成正面出現的次數×20點傷害。","コインを2回投げ、オモテの数×20ダメージ。","Flip 2 coins. This attack does 20 damage for each heads."
"cmo1u6xxj0hpd5ueegfg2d32l","勒克貓","0404","attack","E","對手的1隻寶可夢受到30點傷害。[在備戰區不計算弱點・抵抗力。]","相手のポケモン1匹に、30ダメージ。［ベンチは弱点・抵抗力を計算しない。］",""
"cmo1u6xye0hqx5ueeq6htlf0m","大鋼蛇","0208","attack","E","擲2次硬幣，造成正面出現的次數×80點傷害。","コインを2回投げ、オモテの数×80ダメージ。","Flip 2 coins. This attack does 80 damage for each heads."
"cmo1u7q3g1tys5ueexssb1xpa","重泥挽馬","0750","attack","H","從棄牌區附給自己的所有備戰寶可夢各1張「基本【鬥】能量」卡。 | 這隻寶可夢也受到40點傷害。","自分のベンチポケモン全員に、トラッシュから「基本エネルギー」を1枚ずつつける。 | このポケモンにも40ダメージ。","This Pokémon also does 40 damage to itself."
"cmo1u821n2efc5ueenpw91dcf","頑皮熊貓","0674","attack","I","擲1次硬幣若為正面，則將對手的戰鬥寶可夢【麻痺】。","コインを1回投げオモテなら、相手のバトルポケモンをマヒにする。",""
"cmo1u6y2d0hxm5uee5ey12xth","雷伊布V","0135","attack","E","對手的1隻寶可夢受到20點傷害。[在備戰區不計算弱點・抵抗力。] | 擲4次硬幣，造成正面出現的次數×60點傷害。 | 寶可夢【V】【氣絕】時，對手獲得2張獎賞卡。","相手のポケモン1匹に、20ダメージ。［ベンチは弱点・抵抗力を計算しない。］ | コインを4回投げ、オモテの数×60ダメージ。",""
"cmo1u6y3x0i0f5ueeit44tgd5","貓老大","0053","attack","E","從自己的牌庫抽出1張卡。","自分の山札を1枚引く。",""
"cmo1u7yzb297e5ueebiuh1kvx","毽子花","0188","ability","G","這隻寶可夢受到招式的傷害時，自己擲1次硬幣。若為正面，則這隻寶可夢不會受到那個傷害。","このポケモンがワザのダメージを受けるとき、自分はコインを1回投げる。オモテなら、このポケモンはそのダメージを受けない。","If any damage is done to this Pokémon by attacks, flip a coin. If heads, prevent that damage."
"cmo1u82312ehc5uee1qeaj7la","猛雷鼓","1021","attack","H","對手的1隻寶可夢受到這隻寶可夢身上附加的能量的數量×30點傷害。[在備戰區不計算弱點・抵抗力。]","相手のポケモン1匹に、このポケモンについているエネルギーの数×30ダメージ。［ベンチは弱点・抵抗力を計算しない。］",""
"cmo1u8j9j38lu5ueec93uxa5q","巴大蝶V","0012","attack","D","將對手的戰鬥寶可夢【中毒】與【混亂】。 | 寶可夢【V】【氣絕】時，對手獲得2張獎賞卡。","",""
"cmo1u81282crx5ueeqylq8lw8","啃果蟲","0840","attack","H","從自己的牌庫選擇1張寶可夢卡，在給對手看過後加入手牌。並且重洗牌庫。","自分の山札からポケモンを1枚選び、相手に見せて、手札に加える。そして山札を切る。",""
"cmo1u7q521u1k5ueezk5ju2rn","阿柏蛇","0023","attack","H","擲1次硬幣若為正面，則將對手的戰鬥寶可夢【中毒】與【混亂】。","コインを1回投げオモテなら、相手のバトルポケモンをどくとこんらんにする。",""
"cmo1u81xu2e9b5ueedacpjbnb","觸手百合","0345","attack","H","在下個對手的回合，受到這個招式的寶可夢無法撤退。","次の相手の番、このワザを受けたポケモンは、にげられない。","During your opponent’s next turn, the Defending Pokémon can’t retreat."
"cmo1u816z2d025uee22ccquah","三海地鼠ex","0961","attack","H","從自己的手牌將最多3張能量卡丟棄，對對手的1隻寶可夢，造成其張數×60點傷害。[在備戰區不計算弱點・抵抗力。] | 在下個對手的回合，受到這個招式的寶可夢無法撤退。","自分の手札からエネルギーを3枚までトラッシュし、その枚数×60ダメージを、相手のポケモン1匹に与える。［ベンチは弱点・抵抗力を計算しない。］ | 次の相手の番、このワザを受けたポケモンは、にげられない。","During your opponent’s next turn, the Defending Pokémon can’t retreat."
"cmo1u7q591u1w5ueea043a7h3","火箭隊的尼多娜","0030","attack","I","選擇最多2隻自己的【惡】寶可夢，從自己的牌庫選擇從那些寶可夢進化而來的卡各1張，放置於各自身上完成進化。並且重洗牌庫。","自分のポケモンを2匹まで選び、そのポケモンから進化するカードを、自分の山札から1枚ずつ選び、それぞれにのせて進化させる。そして山札を切る。","Choose up to 2 of your {D} Pokémon. For each of those Pokémon, search your deck for a card that evolves from that Pokémon and put it onto that Pokémon to evolve it. Then, shuffle your deck."
"cmo1u817e2d0r5ueeuvikm0pq","雙卵細胞球","0578","attack","H","擲2次硬幣，造成正面出現的次數×30點傷害。","コインを2回投げ、オモテの数×30ダメージ。","Flip 2 coins. This attack does 30 damage for each heads."
"cmo1u817n2d175ueej1vwzvw3","泥偶小人","0622","attack","H","擲1次硬幣若為正面，則在下個對手的回合，這隻寶可夢不會受到招式的傷害。","コインを1回投げオモテなら、次の相手の番、このポケモンはワザのダメージを受けない。",""
"cmo1u817p2d1b5uee99ha5mse","泥偶巨人","0623","attack","H","擲1次硬幣若為正面，則在下個對手的回合，這隻寶可夢不會受到招式的傷害。 | 若對手的戰鬥寶可夢為「寶可夢【ex】・【V】」，則增加120點傷害。","コインを1回投げオモテなら、次の相手の番、このポケモンはワザのダメージを受けない。 | 相手のバトルポケモンが「ポケモンex・V」なら、120ダメージ追加。","If your opponent’s Active Pokémon is a Pokémon {ex} or Pokémon {V}, this attack does 120 more damage."
"cmo1u6y790i685ueebujjolqm","海魔獅","0364","attack","E","從自己的牌庫任意選擇最多2張卡加入手牌。並且重洗牌庫。 | 在下個自己的回合，這隻寶可夢「極巨衝刺」的傷害「+150」點。 | 寶可夢【VMAX】【氣絕】時，對手獲得3張獎賞卡。","",""
"cmo1u82922eqi5ueeb8t69h3e","飄飄雛","0955","attack","H","擲1次硬幣若為正面，則在下個對手的回合，這隻寶可夢不會受到招式的傷害與效果的影響。","コインを1回投げオモテなら、次の相手の番、このポケモンはワザのダメージや効果を受けない。","Flip a coin. If heads, during your opponent’s next turn, prevent all damage from and effects of attacks done to this Pokémon."
"cmo1u7z5q29ig5ueeqmizsa7g","雨翅蛾","0284","attack","G","擲硬幣直到出現反面，在不看手牌正面的情況下，選擇與正面出現的次數相同數量的對手的手牌，將其丟棄。","ウラが出るまでコインを投げ、オモテの数ぶん、相手の手札からオモテを見ないで選び、トラッシュする。",""
"cmo1u6y7w0i7c5uee81ubvgkv","伽勒爾 呆呆獸","0079","attack","E","在下個對手的回合，受到這個招式的寶可夢無法撤退。 | 若這隻寶可夢身上附有【火】能量，則增加80點傷害。","",""
"cmo1u81ci2d9k5ueeoadsp4v1","強顎雞母蟲","0736","attack","H","從自己的牌庫選擇最多2張「強顎雞母蟲」，放置於備戰區。並且重洗牌庫。","自分の山札から「アゴジムシ」を2枚まで選び、ベンチに出す。そして山札を切る。",""
"cmo1u81kg2dmv5ueebkua3o7x","醜醜魚","0349","attack","H","造成這隻寶可夢身上放置的傷害指示物的數量×10點傷害。","このポケモンにのっているダメカンの数×10ダメージ。","This attack does 10 damage for each damage counter on this Pokémon."
"cmo1u7z6r29k85uee65ye7p3d","愛心魚","0370","attack","G","從自己的牌庫選擇最多2張支援者卡，在給對手看過後加入手牌。並且重洗牌庫。 | 將對手的戰鬥寶可夢【睡眠】。","自分の山札からサポートを2枚まで選び、相手に見せて、手札に加える。そして山札を切る。 | 相手のバトルポケモンをねむりにする。",""
"cmo1u7pwc1tmm5ueec94xwfpn","瑪力露麗","0184","attack","H","擲1次硬幣若為正面，則增加30點傷害。 | 在下個自己的回合，這隻寶可夢無法使用招式。","コインを1回投げオモテなら、30ダメージ追加。 | 次の自分の番、このポケモンはワザが使えない。","Flip a coin. If heads, this attack does 30 more damage. | During your next turn, this Pokémon can’t attack."
"cmo1u7z7r29lx5uee4sae8pvb","哥德小姐","0576","ability","G","在自己的回合時可使用1次。查看對手的牌庫上方2張卡，選擇其中1張，放回牌庫上方。將剩餘卡放回牌庫下方。","自分の番に1回使える。相手の山札を上から2枚見て、どちらか1枚を選び、山札の上にもどす。残りのカードは、山札の下にもどす。",""
"cmo1u7plk1t465ueenm4usl2f","炎熱喵","0726","attack","H","在下個自己的回合，這隻寶可夢無法使用「閃焰強襲」。","次の自分の番、このポケモンは「フレアストライク」が使えない。","During your next turn, this Pokémon can’t use Flare Strike."
"cmo1u7w4e248y5ueeutja2iz8","來悲茶","0854","attack","G","擲1次硬幣若為正面，則將對手的戰鬥寶可夢【麻痺】。","コインを1回投げオモテなら、相手のバトルポケモンをマヒにする。",""
"cmo1u81ec2dct5uee7l112vac","螺釘地鼠","0529","ability","H","在自己的回合，從手牌將這張卡放置於備戰區時，可使用1次。從自己的牌庫選擇最多3張「基本【鬥】能量」卡，將其丟棄。並且重洗牌庫。","自分の番に、このカードを手札からベンチに出したとき、1回使える。自分の山札から「基本エネルギー」を3枚まで選び、トラッシュする。そして山札を切る。","When you play this Pokémon from your hand onto your Bench during your turn, you may search your deck for up to 3 Basic {F} Energy cards and discard them. Then, shuffle your deck."
"cmo1u7q961u8h5ueelmzfczgx","巨鉗螳螂ex","0212","attack","H","在下個對手的回合，這隻寶可夢受到招式的傷害「-50」點。 | 將最多2張這隻寶可夢身上附加的【鋼】能量卡丟棄，造成其張數×120點傷害。","次の相手の番、このポケモンが受けるワザのダメージは「-50」される。 | このポケモンについているエネルギーを2枚までトラッシュし、その枚数×120ダメージ。",""
"cmo1u81fn2df15ueenumh6bhz","高傲雉雞","0521","attack","H","若希望，選擇2個對手的戰鬥寶可夢身上附加的能量，放回對手的手牌。 | 在下個自己的回合，這隻寶可夢無法使用招式。","のぞむなら、相手のバトルポケモンについているエネルギーを2個選び、相手の手札にもどす。 | 次の自分の番、このポケモンはワザが使えない。","You may put 2 Energy attached to your opponent’s Active Pokémon into their hand. | During your next turn, this Pokémon can’t attack."
"cmo1u7z9j29p15ueenhbs676z","過動猿","0288","attack","G","擲1次硬幣若為正面，則增加60點傷害。","コインを1回投げオモテなら、60ダメージ追加。","Flip a coin. If heads, this attack does 60 more damage."
"cmo1u82f92f0v5ueecjizgttj","紅蓮鎧騎","0936","attack","H","將這隻寶可夢身上附加的【火】能量卡全部丟棄，對手的1隻備戰寶可夢受到180點傷害。[在備戰區不計算弱點・抵抗力。]","このポケモンについているエネルギーをすべてトラッシュし、相手のベンチポケモン1匹に、180ダメージ。［ベンチは弱点・抵抗力を計算しない。］",""
"cmo1u6y960i9k5uees58noj2v","艾路雷朵","0475","attack","E","選擇最多2隻自己的「連擊」寶可夢，各恢復「60」HP。 | 在自己的回合時，支援者卡只可使用1張。","このワザのダメージは抵抗力を計算しない。 | 相手の場の「ポケモンV」の数×60ダメージ。","This attack’s damage isn’t affected by Resistance. | This attack does 60 damage for each of your opponent’s Pokémon {V} in play."
"cmo1u81c42d8w5uee2wfei2w7","長鼻葉","0274","attack","H","擲3次硬幣，造成正面出現的次數×30點傷害。","コインを3回投げ、オモテの数×30ダメージ。","Flip 3 coins. This attack does 30 damage for each heads."
"cmo1u7zga2a0n5ueerfsfmei7","噴火龍ex","0006","ability","G","在自己的回合，從手牌使出這張卡並完成進化時，可使用1次。從自己的牌庫選擇最多3張「基本【火】能量」卡，以任意方式附於自己的寶可夢身上。並且重洗牌庫。","自分の番に、このカードを手札から出して進化させたとき、1回使える。自分の山札から「基本エネルギー」を3枚まで選び、自分のポケモンに好きなようにつける。そして山札を切る。","When you play this Pokémon from your hand to evolve 1 of your Pokémon during your turn, you may search your deck for up to 3 Basic {R} Energy cards and attach them to your Pokémon in any way you like. Then, shuffle your deck."
"cmo1u6ybe0idd5uees6g20rx3","芭瓢蟲","0165","attack","E","從自己的牌庫抽出1張卡。","自分の山札を1枚引く。",""
"cmo1u81cd2d9c5ueebjvdgoqi","四季鹿","0585","attack","H","選擇1個這隻寶可夢身上附加的【草】能量，將其丟棄。","このポケモンについているエネルギーを1個選び、トラッシュする。","Discard a {G} Energy from this Pokémon."
"cmo1u7yzn297y5ueecszkqouc","團珠蛛","0917","attack","G","在下個對手的回合，受到這個招式的寶可夢無法撤退。","次の相手の番、このワザを受けたポケモンは、にげられない。","During your opponent’s next turn, the Defending Pokémon can’t retreat."
"cmo1u81dy2dc55uee0iv3mbsv","萌虻","0742","attack","H","將這隻寶可夢恢復「10」HP。","このポケモンのHPを「10」回復する。",""
"cmo1u6ybg0idh5ueehoev9ftz","安瓢蟲","0166","attack","E","從自己的牌庫抽出2張卡。 | 選擇1個這隻寶可夢身上附加的能量，將其丟棄。","自分の山札を2枚引く。 | このポケモンについているエネルギーを1個選び、トラッシュする。",""
"cmo1u8ket3age5ueeecff1t3d","白蓬蓬","0830","attack","E","選擇自己的1隻備戰寶可夢，將HP全部恢復。 | 擲1次硬幣若為反面，則這個招式失敗。","",""
"cmo1u81er2ddh5uee2mwlhnot","大嘴娃","0303","attack","H","選擇1隻對手的備戰寶可夢，與戰鬥寶可夢互換。然後，新上場的寶可夢受到30點傷害。","相手のベンチポケモンを1匹選び、バトルポケモンと入れ替える。その後、新しく出てきたポケモンに30ダメージ。",""
"cmo1u8khq3al75ueemcsvg3ez","妙喵","0677","attack","E","擲1次硬幣若為正面，則增加20點傷害。","",""
"cmo1u6ycg0if95ueei9hhxr7b","電飛鼠","0587","attack","E","擲1次硬幣若為正面，則將對手的戰鬥寶可夢【麻痺】。","コインを1回投げオモテなら、相手のバトルポケモンをマヒにする。",""
"cmo1u8iek375d5ueejwk8hhht","功夫鼬","0619","attack","E","擲2次硬幣，造成正面出現的次數×30點傷害。","",""
"cmo1u81ih2djq5uee8bijipxe","向日種子","0191","attack","H","擲4次硬幣，造成正面出現的次數×10點傷害。","コインを4回投げ、オモテの数×10ダメージ。","Flip 4 coins. This attack does 10 damage for each heads."
"cmo1u7z0m299m5ueecvioqdpo","啪嚓海膽","0871","attack","G","擲1次硬幣若為正面，則將對手的戰鬥寶可夢【麻痺】。 | 這個招式必須在上個自己的回合這隻寶可夢使用了「麻痺針」才可使用。","コインを1回投げオモテなら、相手のバトルポケモンをマヒにする。 | このワザは、前の自分の番に、このポケモンが「しびればり」を使っていなければ使えない。","Flip a coin. If heads, your opponent’s Active Pokémon is now Paralyzed. | You can use this attack only if this Pokémon used Stun Needle during your last turn."
"cmo1u6yd90igl5ueemotvhtt0","耿鬼","0094","ability","E","當這隻寶可夢受到對手的寶可夢招式的傷害而【氣絕】時，從自己的牌庫任意選擇最多2張卡加入手牌。並且重洗牌庫。","このポケモンが、相手のポケモンからワザのダメージを受けてきぜつしたとき、自分の山札から好きなカードを2枚まで選び、手札に加える。そして山札を切る。","If this Pokémon is Knocked Out by damage from an attack from your opponent’s Pokémon, search your deck for up to 2 cards and put them into your hand. Then, shuffle your deck."
"cmo1u7pgr1svt5ueeuycp59t6","朽木妖","0709","attack","H","將這隻寶可夢恢復對對手的戰鬥寶可夢造成的傷害相同數值的HP。","相手のバトルポケモンに与えたダメージぶん、このポケモンのHPを回復する。","Heal from this Pokémon the same amount of damage you did to your opponent’s Active Pokémon."
"cmo1u81f92ded5ueerd1u8zxa","大舌頭","0108","attack","H","查看對手的手牌，從其中選擇最多2張【基礎】寶可夢卡，放置於對手的備戰區。","相手の手札を見て、その中からたねポケモンを2枚まで選び、相手のベンチに出す。",""
"cmo1u7qb51uby5ueeubse500b","鋁鋼龍","0884","attack","H","選擇2個這隻寶可夢身上附加的能量，將其丟棄。","このポケモンについているエネルギーを2個選び、トラッシュする。","Discard 2 Energy from this Pokémon."
"cmo1u815s2cy25ueesd18bsbw","木棉球","0546","attack","H","擲3次硬幣，造成正面出現的次數×10點傷害。","コインを3回投げ、オモテの数×10ダメージ。","Flip 3 coins. This attack does 10 damage for each heads."
"cmo1u81jk2dli5ueeui40rbc4","火紅不倒翁","0554","attack","H","這隻寶可夢也受到20點傷害。","このポケモンにも20ダメージ。","This Pokémon also does 20 damage to itself."
"cmo1u81kd2dmr5uee51vnnkbm","迷唇姐","0124","attack","H","從自己的牌庫選擇1張【基礎】寶可夢卡，放置於備戰區。並且重洗牌庫。然後，選擇1個這隻寶可夢身上附加的能量，改附於新上場的寶可夢身上。","自分の山札からたねポケモンを1枚選び、ベンチに出す。そして山札を切る。その後、このポケモンについているエネルギーを1個選び、新しく出したポケモンにつけ替える。",""
"cmo1u81fg2dep5uee41ifmfl5","優雅貓","0301","attack","H","將對手的戰鬥寶可夢【混亂】。 | 選擇自己的場上寶可夢身上附加的任意數量的能量卡，以任意方式改附於自己的寶可夢身上。","相手のバトルポケモンをこんらんにする。 | 自分の場のポケモンについているエネルギーを好きなだけ選び、自分のポケモンに好きなようにつけ替える。","Your opponent’s Active Pokémon is now Confused. | You may move any amount of Energy from your Pokémon to your other Pokémon in any way you like."
"cmo1u81mm2dq35ueeffplb48h","穿山王","0028","attack","H","自己的所有備戰寶可夢也各受到10點傷害。  [在備戰區不計算弱點・抵抗力。]","自分のベンチポケモン全員にも、それぞれ10ダメージ。［ベンチは弱点・抵抗力を計算しない。］","This attack also does 10 damage to each of your Benched Pokémon. (Don’t apply Weakness and Resistance for Benched Pokémon.)"
"cmo1u81mq2dqb5ueemff5ryy8","鐵骨土人","0533","attack","H","若希望，增加30點傷害。這個情況下，這隻寶可夢也受到30點傷害。","のぞむなら、30ダメージ追加。その場合、このポケモンにも30ダメージ。","You may do 30 more damage. If you do, this Pokémon also does 30 damage to itself."
"cmo1u81n42dqz5uee58qb03zq","土狼犬","0261","attack","H","擲硬幣直到出現反面，造成正面出現的次數×10點傷害。","ウラが出るまでコインを投げ、オモテの数×10ダメージ。","Flip a coin until you get tails. This attack does 10 damage for each heads."
"cmo1u81nm2drv5uee51otrm07","可多拉","0305","attack","H","這隻寶可夢也受到20點傷害。","このポケモンにも20ダメージ。","This Pokémon also does 20 damage to itself."
"cmo1u81np2drz5ueeokmzclwp","波士可多拉","0306","attack","H","造成自己場上的身上放置有傷害指示物的寶可夢的數量×50點傷害。 | 在下個對手的回合，這隻寶可夢受到招式的傷害「-50」點。","自分の場のダメカンがのっているポケモンの数×50ダメージ。 | 次の相手の番、このポケモンが受けるワザのダメージは「-50」される。","This attack does 50 damage for each of your Pokémon that has any damage counters on it. | During your opponent’s next turn, this Pokémon takes 50 less damage from attacks (after applying Weakness and Resistance)."
"cmo1u7zc929tq5ueem78ntdwh","飛天螳螂","0123","attack","G","擲1次硬幣若為正面，則在下個對手的回合，這隻寶可夢不會受到招式的傷害與效果的影響。","コインを1回投げオモテなら、次の相手の番、このポケモンはワザのダメージや効果を受けない。","Flip a coin. If heads, during your opponent’s next turn, prevent all damage from and effects of attacks done to this Pokémon."
"cmo1u6y3v0i0a5ueeqwl03igb","喵喵","0052","attack","E","從自己的牌庫抽出1張卡。","自分の山札を1枚引く。","Draw a card."
"cmo1u6yia0ipb5uee47sjjcp0","泥偶巨人V","0623","attack","E","從對手的進化的戰鬥寶可夢身上，移除1張「進化卡」使其退化。將移除的卡放回對手的手牌。 | 寶可夢【V】【氣絕】時，對手獲得2張獎賞卡。","相手の進化しているバトルポケモンから、「進化カード」を1枚はがして退化させる。はがしたカードは、相手の手札にもどす。",""
"cmo1u816q2czm5uee6ejo17em","海地鼠","0960","attack","H","從自己的牌庫選擇1張物品卡，在給對手看過後加入手牌。並且重洗牌庫。 | 這隻寶可夢也受到20點傷害。","自分の山札からグッズを1枚選び、相手に見せて、手札に加える。そして山札を切る。 | このポケモンにも20ダメージ。","This Pokémon also does 20 damage to itself."
"cmo1u81ni2drn5ueedjlfgdc1","盔甲鳥","0227","attack","H","將場上的競技場卡丟棄。","場に出ているスタジアムをトラッシュする。","Discard a Stadium in play."
"cmp2dfxvq2pas116cmfsetpyi","電肚蛙ex","","attack","G","對手的1隻寶可夢受到50點傷害。[在備戰區不計算弱點・抵抗力。] | 若希望，將2個這隻寶可夢身上附加的【雷】能量丟棄，將對手的戰鬥寶可夢【麻痺】。 | 寶可夢【ex】【昏厥】時，對手獲得2張獎賞卡。","相手のポケモン1匹に、50ダメージ。［ベンチは弱点・抵抗力を計算しない。］ | のぞむなら、このポケモンについているエネルギーを2個トラッシュし、相手のバトルポケモンをマヒにする。","You may discard 2 {L} Energy from this Pokémon to make your opponent’s Active Pokémon Paralyzed."
"cmo1u7xsw276h5uee36wvyl02","電海燕","0940","attack","G","造成自己的棄牌區的，持有「團結之翼」招式的寶可夢卡的張數×20點傷害。","自分のトラッシュにある、ワザ「だんけつのつばさ」を持つポケモンの枚数×20ダメージ。","This attack does 20 damage for each Pokémon in your discard pile that has the United Wings attack."
"cmo1u6yic0ipf5ueeg931csj2","其他灰塵山VMAX","0569","ability","E","這隻寶可夢身上最多可附有2張「寶可夢道具」卡。（這個特性消除時，自己將「寶可夢道具」卡丟棄直到變為1張為止。）","このポケモンは、「ポケモンのどうぐ」を2枚までつけられる。（この特性がなくなったとき、自分は「ポケモンのどうぐ」を1枚になるようにトラッシュする。）",""
"cmo1u7ph21swd5ueejpxevoym","卡璞・哞哞","0787","attack","H","這隻寶可夢也受到30點傷害。","このポケモンにも30ダメージ。","This Pokémon also does 30 damage to itself."
"cmo1u8l353blu5ueevz1aqxqd","超能豔鴕","0956","attack","G","將這隻寶可夢恢復「30」HP。","","Heal 30 damage from this Pokémon."
"cmo1u7z2a29cj5uees0440ag7","鹽石巨靈","0934","ability","G","只要這隻寶可夢在場上，每次寶可夢檢查時，將自己的所有寶可夢各恢復「20」HP。","このポケモンがいるかぎり、ポケモンチェックのたび、自分のポケモン全員のHPを、それぞれ「20」回復する。","During Pokémon Checkup, heal 20 damage from each of your Pokémon."
"cmo1u7z0v29a25ueenjii7tm0","胖丁","0039","attack","D","將對手的戰鬥寶可夢【睡眠】。","相手のバトルポケモンをねむりにする。","Heal 30 damage from 1 of your Pokémon."
"cmo1u81sn2e0d5uees6829m07","引夢貘人","0097","attack","H","在下個對手的回合，若對手從手牌將能量卡附於受到這個招式的寶可夢身上，則對手的回合結束。","次の相手の番、このワザを受けたポケモンに、相手が手札からエネルギーをつけたなら、相手の番は終わる。","During your opponent’s next turn, if they attach an Energy card from their hand to the Defending Pokémon, their turn ends."
"cmo1u7q1v1tw35ueeuhf84y9k","不良蛙","0453","attack","H","擲1次硬幣若為正面，則增加20點傷害。","コインを1回投げオモテなら、20ダメージ追加。","Flip a coin. If heads, this attack does 20 more damage."
"cmo1u6yjw0is35uee75hc9q7g","毛辮羊","0831","attack","E","選擇1個對手的戰鬥寶可夢身上附加的特殊能量，將其丟棄。 | 造成自己的備戰區的，持有「一同滾動」招式的寶可夢的數量×20點傷害。","相手のバトルポケモンについている特殊エネルギーを1個選び、トラッシュする。 | 自分のベンチの、ワザ「みんなでころがる」を持つポケモンの数×20ダメージ。","Discard a Special Energy from your opponent’s Active Pokémon. | This attack does 20 damage for each of your Benched Pokémon that has the Let’s All Rollout attack."
"cmo1u7z0x29a65ueet15m02gc","胖可丁","0040","ability","G","在自己的回合時可使用1次。從自己的手牌選擇1張「治療能量」卡，附於自己的寶可夢身上。","自分の番に1回使える。自分の手札から「セラピーエネルギー」を1枚選び、自分のポケモンにつける。","Once during your turn, you may attach a Therapeutic Energy card from your hand to 1 of your Pokémon."
"cmo1u6ymn0iww5ueeblesms0m","爆香猿","0514","attack","E","從自己的手牌將最多2張基本能量卡丟棄，造成其張數×60點傷害。","自分の手札から基本エネルギーを2枚までトラッシュし、その枚数×60ダメージ。","Discard up to 2 basic Energy cards from your hand. This attack does 60 damage for each card you discarded in this way."
"cmo1u6ymp0ix05ueet48wndue","火神蛾V","0637","attack","E","選擇1個這隻寶可夢身上附加的能量，將其丟棄。 | 寶可夢【V】【氣絕】時，對手獲得2張獎賞卡。","自分のトラッシュにある基本エネルギーをすべて相手に見せ、その枚数×20ダメージ追加。その後、見せたエネルギーを山札にもどして切る。 | このポケモンについているエネルギーを1個選び、トラッシュする。",""
"cmo1u7qfo1ujn5uee8uih5p71","青木的姆克鷹","0398","attack","J","若這隻寶可夢【中毒】或者【灼傷】，則增加100點傷害。 | 將2個這隻寶可夢身上附加的能量丟棄，對手的1隻備戰寶可夢也受到50點傷害。[在備戰區不計算弱點・抵抗力。]","このポケモンがどくまたはやけどなら、100ダメージ追加。 | このポケモンについているエネルギーを2個トラッシュし、相手のベンチポケモン1匹にも、50ダメージ。［ベンチは弱点・抵抗力を計算しない。］","If this Pokémon is Burned or Poisoned, this attack does 100 more damage. | Discard 2 Energy from this Pokémon, and this attack also does 50 damage to 1 of your opponent’s Benched Pokémon. (Don’t apply Weakness and Resistance for Benched Pokémon.)"
"cmo1u7pgd1sv55ueew5lh4ozb","電蜘蛛","0596","ability","H","這隻寶可夢使用的招式，對對手的戰鬥場的擁有特性的寶可夢造成的傷害「+50」點。","このポケモンが使うワザの、相手のバトル場の特性を持つポケモンへのダメージは「+50」される。","Attacks used by this Pokémon do 50 more damage to your opponent’s Active Pokémon that has an Ability (before applying Weakness and Resistance)."
"cmo1u81sz2e0x5uee5zhobs5p","仙子伊布","0700","attack","H","擲1次硬幣若為正面，則選擇1隻對手的備戰寶可夢，將那隻寶可夢與附加的卡全部放回對手的牌庫並重洗。 | 將對手的戰鬥寶可夢【混亂】。","コインを1回投げオモテなら、相手のベンチポケモンを1匹選び、そのポケモンと、ついているすべてのカードを、相手の山札にもどして切る。 | 相手のバトルポケモンをこんらんにする。","Flip a coin. If heads, choose 1 of your opponent’s Benched Pokémon. Shuffle that Pokémon and all attached cards into their deck. | Your opponent’s Active Pokémon is now Confused."
"cmo1u7ouo1rty5uee4efgv546","藤藤蛇","0495","attack","J","這隻寶可夢也受到10點傷害。","このポケモンにも10ダメージ。","This Pokémon also does 10 damage to itself."
"cmo1u7q421tzw5ueexgvkvxoj","月月熊 赫月","0901","ability","H","在自己的回合，從手牌將這張卡放置於備戰區時，可使用1次。從自己的手牌選擇最多2張「基本【鬥】能量」卡，附於這隻寶可夢身上。","自分の番に、このカードを手札からベンチに出したとき、1回使える。自分の手札から「基本エネルギー」を2枚まで選び、このポケモンにつける。","When you play this Pokémon from your hand onto your Bench during your turn, you may attach up to 2 Basic {F} Energy cards from your hand to this Pokémon."
"cmo1u83c82gku5uee0ps7mict","巴大蝶","0012","attack","I","擲4次硬幣，造成正面出現的次數×60點傷害。若出現2次以上正面，則將對手的戰鬥寶可夢【麻痺】。","コインを4回投げ、オモテの数×60ダメージ。オモテが2回以上なら、相手のバトルポケモンをマヒにする。","Flip 4 coins. This attack does 60 damage for each heads. If at least 2 of them are heads, your opponent’s Active Pokémon is now Paralyzed."
"cmo1u81y12e9n5ueeyf9f7dgq","切割洛托姆","0479","attack","H","在造成傷害前，將對手的戰鬥寶可夢身上附加的「寶可夢道具」卡與「特殊能量」卡全部丟棄。","ダメージを与える前に、相手のバトルポケモンについている「ポケモンのどうぐ」と「特殊エネルギー」を、すべてトラッシュする。","Before doing damage, discard all Pokémon Tools and Special Energy from your opponent’s Active Pokémon."
"cmo1u8ld23c2t5ueesk3l1o7j","傑尼龜","0007","attack","G","擲1次硬幣若為正面，則在下個對手的回合，這隻寶可夢不會受到招式的傷害。","",""
"cmo1u81tn2e255ueeoeck2ywd","好啦魷","0686","attack","H","查看對手的牌庫上方1張卡，回復原樣。若希望，重洗那個牌庫。","相手の山札を上から1枚見て、もとにもどす。のぞむなら、その山札を切る。","Look at the top card of your opponent’s deck. You may have your opponent shuffle their deck."
"cmo1u8ld73c315ueeffud9oxe","水箭龜ex","0009","ability","G","這隻寶可夢受到招式的傷害「-30」點。","このポケモンが受けるワザのダメージは「-30」される。","This Pokémon takes 30 less damage from attacks (after applying Weakness and Resistance)."
"cmo1u81tq2e295ueem0ey7qbe","烏賊王","0687","attack","H","選擇1隻對手的備戰寶可夢，與戰鬥寶可夢互換。然後，新上場的寶可夢受到120點傷害。在這個回合，若沒有從手牌使出「‌‌庫瑟洛斯奇的企圖」，則這個招式失敗。","相手のベンチポケモンを1匹選び、バトルポケモンと入れ替える。その後、新しく出てきたポケモンに120ダメージ。この番、手札から「クセロシキのたくらみ」を出して使っていないなら、このワザは失敗。","Switch in 1 of your opponent’s Benched Pokémon to the Active Spot. If you do, this attack does 120 damage to the new Active Pokémon. If you didn’t play Xerosic’s Machinations from your hand during this turn, this attack does nothing."
"cmo1u81u52e2x5ueecakgjopc","蓋諾賽克特","0649","ability","H","若這隻寶可夢附有「寶可夢道具」卡，則對手無法從手牌使出「【ACE SPEC】」卡。","このポケモンに「ポケモンのどうぐ」がついているなら、相手は手札から「ACE SPEC」のカードを出して使えない。","If this Pokémon has a Pokémon Tool attached, your opponent can’t play any {ACE SPEC} cards from their hand."
"cmo1u8edu308k5ueezf645k3g","炎帝","0244","attack","B","將對手的戰鬥寶可夢【灼傷】。 | 從雙方的牌庫上方各抽出1張丟到棄牌區，增加其中的能量卡的張數×60點傷害。","",""
"cmobmw9oh1z3s2pc71q27x1w0","土狼犬","0261","attack","F","這隻寶可夢也受到10點傷害。","このポケモンにも10ダメージ。","This Pokémon also does 10 damage to itself."
"cmo1u8eer30a55ueeu2b6xly9","爆焰龜獸","0776","attack","B","將對手的戰鬥寶可夢【灼傷】。","",""
"cmo1u80qa2c7p5ueefiabstnt","爆音怪","0295","attack","G","將對手的戰鬥寶可夢與附加的卡全部丟棄。在這個回合，若這隻寶可夢沒有從「吼爆彈」進化而來，則這個招式失敗。","相手のバトルポケモンと、ついているすべてのカードを、トラッシュする。この番、このポケモンが「ドゴーム」から進化していないなら、このワザは失敗。",""
"cmo1u80t52ccm5ueecb9w3xex","原野水母","0948","attack","G","從自己的手牌選擇1張「基本【草】能量」卡，附於備戰寶可夢身上。","自分の手札から「基本エネルギー」を1枚選び、ベンチポケモンにつける。",""
"cmo1u8eeu30a95uee7jlxw0gy","砰頭小丑GX","0806","attack","B","將對手的戰鬥寶可夢【灼傷】與【混亂】。 | 將自己的場上寶可夢身上所附加的任意數量的【火】能量放置於放逐區，造成其張數×50點傷害。 | 將自己的1張獎賞卡丟到棄牌區，若該卡為能量卡，則附於自己的寶可夢身上。［對戰中，己方只可使用1次GX招式。］ | 寶可夢GX【氣絕】時，對手獲得2張獎賞卡。","",""
"cmo1u8efj30bh5ueedzqex816","拉普拉斯","0131","attack","B","對手的1隻備戰寶可夢也受到20點傷害。[在備戰區不計算弱點・抵抗力。] | 增加這隻寶可夢身上所附加的【水】能量的數量×10點傷害。","",""
"cmo1u8eg730cl5ueevetmynjp","冰伊布GX","0471","ability","B","只要這隻寶可夢在戰鬥場上，將對手的場上・手牌・棄牌區的「寶可夢GX・EX」的特性（「嚴寒之瞳」除外）全部消除。","",""
"cmo1u6yo90izp5ueep5d3votr","念力土偶","0344","attack","E","將這隻寶可夢與備戰寶可夢互換。然後，對手將對手自己的戰鬥寶可夢與備戰寶可夢互換。 | 在對手的戰鬥寶可夢身上放置傷害指示物直到剩餘HP變為「60」為止。","このポケモンをベンチポケモンと入れ替える。その後、相手は相手自身のバトルポケモンをベンチポケモンと入れ替える。 | 相手のバトルポケモンの残りHPが「60」になるように、ダメカンをのせる。","Switch this Pokémon with 1 of your Benched Pokémon. If you do, your opponent switches their Active Pokémon with 1 of their Benched Pokémon. | Put damage counters on your opponent’s Active Pokémon until its remaining HP is 60."
"cmo1u8egs30dl5ueeeh9ca4us","光電傘蜥","0695","attack","B","擲1次硬幣若為正面，則將對手的戰鬥寶可夢【麻痺】。","",""
"cmo1u8egy30dx5ueeefomzdaw","捷拉奧拉GX","0807","ability","B","只要這隻寶可夢在場上，將自己的所有身上附有【雷】能量的寶可夢【撤退】所需的能量全部消除。","",""
"cmo1u81zs2ecf5ueegvact8f0","電燈怪","0171","attack","H","將對手的戰鬥寶可夢【混亂】。因這個【混亂】而放置的傷害指示物的數量改為8個。 | 在下個自己的回合，這隻寶可夢無法使用招式。","相手のバトルポケモンをこんらんにする。このこんらんでのせるダメカンの数は8個になる。 | 次の自分の番、このポケモンはワザが使えない。","During your next turn, this Pokémon can’t attack."
"cmo1u80tr2cdm5ueeg5wlgoar","冷水猴","0515","attack","G","從自己的牌庫選擇1張【基礎】寶可夢卡，放置於備戰區。並且重洗牌庫。 | 將對手的戰鬥寶可夢【睡眠】。","自分の山札からたねポケモンを1枚選び、ベンチに出す。そして山札を切る。 | 相手のバトルポケモンをねむりにする。",""
"cmo1u8eh330e55uee57l68tbe","隨風球","0426","attack","B","將所有自己的場上寶可夢身上所放置的傷害指示物各4個，改置於對手的戰鬥寶可夢身上。 | 將對手的戰鬥寶可夢與備戰寶可夢互換。[由對手選擇放置於戰鬥場的寶可夢。]","",""
"cmo1u8ehe30ep5uee9rhozvbe","妙喵","0677","attack","B","將對手的備戰寶可夢身上所附加的1個能量，改附於對手的另1隻寶可夢身上。","",""
"cmo1u821w2efs5ueejekj7613","溶食獸","0316","attack","H","將對手的戰鬥寶可夢【中毒】。","相手のバトルポケモンをどくにする。","Your opponent’s Active Pokémon is now Poisoned."
"cmo1u8ehg30et5ueetg1c28qn","胡帕","0720","attack","B","從自己的牌庫抽出最多2張物品卡，在給對手看過後加入手牌。並且重洗牌庫。 | 擲1次硬幣若為正面，則將對手的戰鬥寶可夢【麻痺】。","",""
"cmo1u8eh830ed5ueetam90m49","科斯莫古","0789","ability","B","只要這隻寶可夢在備戰區，不會受到招式的傷害。","",""
"cmo1u8ehy30fm5ueeqtys2a3g","四顎針龍","0804","ability","B","在自己的回合時，可使用1次。從自己的棄牌區抽出1張基本能量卡，附於這隻寶可夢身上。","",""
"cmo1u8ei930g65ueeaqq0g4m0","沙河馬","0449","attack","B","若自己的牌庫的剩餘張數為3張以下，則增加130點傷害。","",""
"cmo1u8eip30gy5uee41t0te9e","狃拉","0215","attack","B","擲3次硬幣，造成正面出現的次數×10點傷害。 | 以自己的場上寶可夢的數量擲硬幣，造成正面出現的次數×30點傷害。","",""
"cmo1u80tu2cdq5ueeheijtj1i","冷水猿","0516","ability","G","若自己的場上有「花椰猿」「爆香猿」「冷水猿」，則這隻寶可夢使用招式所需的【無】能量全部消除。","自分の場に「ヤナッキー」「バオッキー」「ヒヤッキー」がいるなら、このポケモンがワザを使うためのエネルギーは、すべてなくなる。","If you have Simisage, Simisear, and Simipour in play, ignore all {C} Energy in the costs of attacks used by this Pokémon."
"cmo1u7pr61tdo5ueewwtu4nru","海豚俠ex","0964","ability","H","這張卡只可依據「海豚俠」的特性「全能變身」的效果放置於場上。","このカードは、「イルカマン」の特性「マイティチェンジ」の効果によってしか場に出せない。","Put this Pokémon into play only with the effect of Palafin’s Zero to Hero Ability."
"cmo1u8ein30gu5uee50hklza0","勾魂眼","0302","ability","B","在自己的回合時，可使用1次。從自己的牌庫上方抽出1張，在看過後回復原樣。若希望，可將該卡丟到棄牌區。","",""
"cmo1u8eiz30he5uee7w5kunp9","禿鷹娜","0630","attack","B","從自己的手牌抽出1張物品卡丟到棄牌區，不計算弱點・抵抗力，對手的1隻寶可夢受到60點傷害。若無法丟到棄牌區，則這個招式失敗。 | 這隻寶可夢也受到30點傷害。","",""
"cmp2dgkc03k06116cv3v6u9ay","呆呆獸","","attack","I","從自己的棄牌區選擇1張寶可夢卡，在給對手看過後加入手牌。","自分のトラッシュからポケモンを1枚選び、相手に見せて、手札に加える。","Look at the top 5 cards of your opponent’s deck and put them back in any order."
"cmo1u80u12ce35ueebl1lba8e","雙倍多多冰","0584","ability","G","只要這隻寶可夢在場上，對手的剩餘HP為「40」以下的寶可夢，無法使用招式。","このポケモンがいるかぎり、残りHPが「40」以下の相手のポケモンは、ワザが使えない。","Your opponent’s Pokémon that have 40 HP or less remaining can’t attack."
"cmo1u8eiu30h65ueepzkbx9uz","胡帕GX","0720","attack","B","從自己的牌庫抽出最多2張任意卡加入手牌。並且重洗牌庫。 | 在下個自己的回合，這隻寶可夢無法使用「黑暗打擊」。 | 選擇6次對手的「寶可夢GX・EX」，對所選的所有寶可夢不計算弱點・抵抗力，造成其選擇次數×30點傷害。（1隻可選擇2次以上。）［對戰中，己方只可使用1次GX招式。］ | 寶可夢GX【氣絕】時，對手獲得2張獎賞卡。","",""
"cmo1u82992equ5ueemzkems22","大顎蟻","0328","attack","F","從自己的牌庫選擇最多2張【基礎】寶可夢卡，放置於備戰區。並且重洗牌庫。","自分の山札からたねポケモンを2枚まで選び、ベンチに出す。そして山札を切る。","Flip a coin. If heads, switch 1 of your opponent’s Benched Pokémon with their Active Pokémon."
"cmo1u7w4g24925uee887i7w0x","泥泥鰍","0339","attack","G","擲1次硬幣若為正面，則在下個對手的回合，這隻寶可夢不會受到招式的傷害與效果的影響。","コインを1回投げオモテなら、次の相手の番、このポケモンはワザのダメージや効果を受けない。","Flip a coin. If heads, during your opponent’s next turn, prevent all damage from and effects of attacks done to this Pokémon."
"cmo1u7z1p29bj5ueebybat0xr","鯰魚王","0340","attack","G","將對手的牌庫上方與這隻寶可夢身上附加的【鬥】能量相同數量的卡丟棄。","このポケモンについているエネルギーの数ぶん、相手の山札を上からトラッシュする。",""
"cmo1u8ej630hq5ueelpfx36u7","熾焰咆哮虎GX","0727","ability","B","在自己的回合時，可使用1次。在這隻寶可夢身上放置3個傷害指示物。然後，從自己的牌庫抽出最多3張【惡】能量卡，附於這隻寶可夢身上。並且重洗牌庫。","",""
"cmo1u6ycz0ig55ueejohyq29b","克雷色利亞","0488","attack","E","從自己的牌庫選擇1張【超】能量卡，附於自己的寶可夢身上。並且重洗牌庫。若在後攻玩家的最初回合使用，則可附上的張數改為最多3張，附於自己的1隻寶可夢身上。 | 若自己的場上的能量有5個以上，則增加90點傷害。","自分の山札からエネルギーを1枚選び、自分のポケモンにつける。そして山札を切る。後攻プレイヤーの最初の番なら、つけられる枚数は3枚までになり、自分のポケモン1匹につける。 | 自分の場にエネルギーが5個以上あるなら、90ダメージ追加。",""
"cmo1u7ydp285z5uee6fl74pe4","尼多娜","0030","attack","G","從自己的牌庫選擇最多3張寶可夢卡，在給對手看過後加入手牌。並且重洗牌庫。","自分の山札からポケモンを3枚まで選び、相手に見せて、手札に加える。そして山札を切る。",""
"cmo1u8ej330hm5ueerqakiiat","巨鉗螳螂","0212","ability","B","這隻寶可夢受到招式的傷害 「-30」 點。","",""
"cmo1u7q271twn5ueei4rhsdle","龍頭地鼠","0530","attack","H","將對手的牌庫上方1張卡丟棄。 | 若自己的備戰區有【鋼】寶可夢，則增加80點傷害。","相手の山札を上から1枚トラッシュする。 | 自分のベンチにポケモンがいるなら、80ダメージ追加。","Discard the top card of your opponent’s deck. | If you have any {M} Pokémon on your Bench, this attack does 80 more damage."
"cmo1u820l2edj5ueeqd49wh36","隨風球","0426","attack","H","造成自己的場上的「飄飄球」與「隨風球」的數量×50點傷害。自己的場上的所有「飄飄球」與「隨風球」也各受到30點傷害。[在備戰區不計算弱點・抵抗力。]","自分の場の「フワンテ」と「フワライド」の数×50ダメージ。自分の場の「フワンテ」と「フワライド」全員にも、それぞれ30ダメージ。［ベンチは弱点・抵抗力を計算しない。］","This attack does 50 damage for each of your Drifloon and Drifblim in play. This attack also does 30 damage to each of your Drifloon and Drifblim. (Don’t apply Weakness and Resistance for Benched Pokémon.)"
"cmo1u8ejv30iy5ueem67l2bgn","基拉祈","0385","ability","B","若這隻寶可夢在戰鬥場上，則在自己的回合時可使用1次。從自己的牌庫上方抽出5張並查看。將其中的1張訓練家卡，在給對手看過後加入手牌。將剩餘卡放回牌庫並重洗。然後，將這隻寶可夢【睡眠】。","",""
"cmo1u8ejj30ie5ueecju0jppn","銅鏡怪","0436","ability","B","這隻寶可夢就算在後攻玩家的最初回合使出，也可進化。","",""
"cmo1u8ek530je5uee36rukyqj","鐵蟻","0632","attack","B","若希望，可將場上的競技卡丟到棄牌區。 | 從對手的牌庫上方抽出2張丟到棄牌區。","",""
"cmo1u8ejx30j25uee8uuf2oh3","鑰圈兒","0707","ability","B","只要這隻寶可夢在場上，將自己所有【鋼】寶可夢的抵抗力全部改為「-40」。","",""
"cmo1u7pkn1t2m5ueejkan5vbn","達摩狒狒","0555","attack","I","將對手的戰鬥寶可夢【灼傷】。 | 選擇2個這隻寶可夢身上附加的能量，將其丟棄。","相手のバトルポケモンをやけどにする。 | このポケモンについているエネルギーを2個選び、トラッシュする。","Your opponent’s Active Pokémon is now Burned. | Discard 2 Energy from this Pokémon."
"cmo1u8ekh30jy5ueek28ml7i8","索爾迦雷歐GX","0791","ability","B","只要這隻寶可夢在場上，將自己的所有寶可夢的弱點全部消除。","",""
"cmo1u80zf2cnc5ueema6xwr3c","鐵斑葉","1010","attack","H","從自己的棄牌區選擇最多2張寶可夢卡，在給對手看過後加入手牌。 | 在上個對手的回合，若自己的寶可夢因招式的傷害而【昏厥】了，則增加60點傷害。","自分のトラッシュからポケモンを2枚まで選び、相手に見せて、手札に加える。 | 前の相手の番に、ワザのダメージで、自分のポケモンがきぜつしていたなら、60ダメージ追加。","If any of your Pokémon were Knocked Out by damage from an attack during your opponent’s last turn, this attack does 60 more damage."
"cmo1u8eke30ju5ueehez6zw8a","瑪力露麗","0184","attack","B","從自己的牌庫上方抽出8張，將其中的任意數量的能量卡，以任意方式附於自己的寶可夢身上。將剩餘卡放回牌庫並重洗。 | 擲1次硬幣若為正面，則增加30點傷害。","",""
"cmo1u8ekq30ke5uee8sw1bupg","花蓓蓓","0669","ability","B","這隻寶可夢就算在後攻玩家的最初回合使出，也可進化。","",""
"cmo1u821b2ees5ueejfmbvny9","超甲狂犀","0464","ability","H","只要這隻寶可夢在戰鬥場上，對手從手牌使出支援者卡時，自己的所有寶可夢不會受到那個效果的影響。","このポケモンがバトル場にいるかぎり、自分のポケモン全員は、相手が手札からサポートを出して使ったとき、その効果を受けない。","As long as this Pokémon is in the Active Spot, whenever your opponent plays a Supporter card from their hand, prevent all effects of that card done to all of your Pokémon."
"cmo1u821i2ef45ueegdaq5chm","功夫鼬","0619","attack","H","在不看正面的情況下，從對手的手牌選擇1張，將其丟棄。","相手の手札からオモテを見ないで1枚選び、トラッシュする。","Discard a random card from your opponent’s hand."
"cmo1u7wy525ob5ueexjofxjk6","石居蟹","0557","attack","I","造成這隻寶可夢身上放置的傷害指示物的數量×10點傷害。","このポケモンにのっているダメカンの数×10ダメージ。","This attack does 10 damage for each damage counter on this Pokémon."
"cmo1u821p2efg5ueeywm03b29","蒂安希","0719","attack","H","造成對手的所有寶可夢身上附加的特殊能量卡的張數×40點傷害。","相手のポケモン全員についている特殊エネルギーの枚数×40ダメージ。","This attack does 40 damage for each Special Energy attached to all of your opponent’s Pokémon."
"cmobmwai920ew2pc7en4aewbf","焚焰蚣V","0851","attack","D","若希望，選擇1個這隻寶可夢身上附加的能量，將其丟棄。這個情況下，選擇1個對手的戰鬥寶可夢身上附加的能量，將其丟棄。 | 寶可夢【V】【氣絕】時，對手獲得2張獎賞卡。","のぞむなら、このポケモンについているエネルギーを1個選び、トラッシュする。その場合、相手のバトルポケモンについているエネルギーを1個選び、トラッシュする。",""
"cmo1u8em630mv5ueepnkhk0rg","伊布","0133","attack","B","擲1次硬幣若為正面，則從自己的牌庫抽出1張寶可夢，在給對手看過後加入手牌。並且重洗牌庫。","",""
"cmo1u8elq30m35uee31lzs8j2","請假王","0289","ability","B","只要這隻寶可夢在戰鬥場上，將對手的場上寶可夢的特性（「一臉懶惰」除外）全部消除。","",""
"cmo1u80zi2cng5ueew6tm01fd","斯魔茶","1012","ability","H","只要這隻寶可夢在備戰區，不會受到對手的寶可夢招式的傷害與效果的影響。","このポケモンは、ベンチにいるかぎり、相手のポケモンからワザのダメージや効果を受けない。","As long as this Pokémon is on your Bench, prevent all damage from and effects of attacks from your opponent’s Pokémon done to this Pokémon."
"cmp2dgb763835116cgd21c07g","波加曼","","attack","I","從自己的牌庫選擇1張支援者卡，在給對手看過後加入手牌。並且重洗牌庫。","","Search your deck for a Supporter card, reveal it, and put it into your hand. Then, shuffle your deck."
"cmp2dgb7u3841116cv2186tw5","顫弦蠑螈","","ability","I","在自己的回合時可使用1次。從自己的牌庫選擇1張「基本【惡】能量」卡，附於備戰區的【惡】寶可夢身上。並且重洗牌庫。然後，在附上那張卡的寶可夢身上放置2個傷害指示物。","自分の番に1回使える。自分の山札から「基本エネルギー」を1枚選び、ベンチのポケモンにつける。そして山札を切る。その後、つけたポケモンにダメカンを2個のせる。","Once during your turn, you may use this Ability. Search your deck for a Basic {D} Energy card and attach it to 1 of your Benched {D} Pokémon. Then, shuffle your deck. If you attached Energy to a Pokémon in this way, place 2 damage counters on that Pokémon."
"cmo1u822f2ego5uee1a7herob","齒輪怪","0601","ability","H","在自己的回合，若手牌有這張卡，且對手的場上有【2階進化】寶可夢，則可使用1次。將這張卡放置於備戰區。","自分の番に、このカードが手札にあり、相手の場に2進化ポケモンがいるなら、1回使える。このカードをベンチに出す。","Once during your turn, if this Pokémon is in your hand and your opponent has any Stage 2 Pokémon in play, you may put this Pokémon onto your Bench."
"cmo1u8erb30vo5ueenvqql08j","流氓鱷ex","0553","attack","I","在下個對手的回合，受到這個招式的寶可夢無法撤退。 | 若這隻寶可夢身上附有「寶可夢道具」卡，則增加140點傷害。","次の相手の番、このワザを受けたポケモンは、にげられない。 | このポケモンに「ポケモンのどうぐ」がついているなら、140ダメージ追加。",""
"cmp2dgb7i383l116caf5lh3cf","毒電嬰","0848","attack","I","從自己的牌庫選擇最多2張【基礎】寶可夢卡，放置於備戰區。並且重洗牌庫。","自分の山札からたねポケモンを2枚まで選び、ベンチに出す。そして山札を切る。","Search your deck for up to 2 Basic Pokémon and put them onto your Bench. Then, shuffle your deck."
"cmp2dgbas387z116cemm1c1tf","大嘴娃","","attack","J","從自己的手牌將最多2張能量卡丟棄，造成其張數×60點傷害。","","Discard up to 2 Energy cards from your hand, and this attack does 60 damage for each card you discarded in this way."
"cmo1u8etf30zd5ueef106ufl9","超級呆殼獸ex","0080","attack","J","在下個對手的回合，這隻寶可夢受到招式的傷害時，在使用招式的寶可夢身上放置12個傷害指示物。","次の相手の番、このポケモンがワザのダメージを受けたとき、ワザを使ったポケモンにダメカンを12個のせる。",""
"cmp2dgbc1389n116clqcmkrou","黏美龍","","ability","J","只要這隻寶可夢在場上，對手的戰鬥寶可夢【撤退】時，對手擲1次硬幣。若為反面，則【撤退】所需的能量不丟棄，不用進行互換。這個特性的效果不會重複。","",""
"cmobmwxrp31kd2pc79m1yzgck","超級甲賀忍蛙ex","0658","ability","J","若這隻寶可夢在戰鬥場，且在自己的回合，從自己的手牌將1張「基本【水】能量」卡丟棄，則可使用1次。在對手的1隻寶可夢身上放置6個傷害指示物。","このポケモンがバトル場にいて、自分の番に、自分の手札から「基本エネルギー」を1枚トラッシュするなら、1回使える。相手のポケモン1匹に、ダメカンを6個のせる。",""
"cmobmw3uj1prg2pc7cvheeieg","鐵掌力士","0297","ability","I","在自己的回合，從手牌使出這張卡並完成進化時，可使用1次。選擇1隻對手的備戰寶可夢，與戰鬥寶可夢互換。","自分の番に、このカードを手札から出して進化させたとき、1回使える。相手のベンチポケモンを1匹選び、バトルポケモンと入れ替える。","Once during your turn, when you play this Pokémon from your hand to evolve 1 of your Pokémon, you may use this Ability. Switch in 1 of your opponent’s Benched Pokémon to the Active Spot."
"cmo1u7z2q29db5ueeqcqtywk0","塗標客","0945","attack","G","將對手的戰鬥寶可夢【中毒】。 | 從自己的手牌將任意數量的基本能量卡丟棄，造成丟棄的基本能量卡的屬性種類的數量×40點傷害。","相手のバトルポケモンをどくにする。 | 自分の手札から基本エネルギーを好きなだけトラッシュし、トラッシュした基本エネルギーのタイプの数×40ダメージ。","Your opponent’s Active Pokémon is now Poisoned. | You may discard as many Basic Energy cards as you like from your hand. This attack does 40 damage for each type of Basic Energy you discarded in this way."
"cmo1u823r2eik5uee1axmocvs","毛辮羊","0831","attack","H","若希望，將場上的競技場卡丟棄。","のぞむなら、場に出ているスタジアムをトラッシュする。","You may discard a Stadium in play."
"cmobmw3t61pp72pc7g0236dem","椰蛋樹","0103","attack","I","在下個對手的回合，這隻寶可夢受到招式的傷害「-30」點。 | 增加這隻寶可夢身上附加的【草】能量的數量×30點傷害。","次の相手の番、このポケモンが受けるワザのダメージは「-30」される。 | このポケモンについているエネルギーの数×30ダメージ追加。","During your opponent’s next turn, this Pokémon takes 30 less damage from attacks (after applying Weakness and Resistance). | This attack does 30 more damage for each {G} Energy attached to this Pokémon."
"cmobmw4031q0f2pc7d1sebidi","焚焰蚣","0851","attack","I","擲2次硬幣，選擇與正面出現的次數相同數量的對手的戰鬥寶可夢身上附加的能量，將其丟棄。","コインを2回投げ、オモテの数ぶん、相手のバトルポケモンについているエネルギーを選び、トラッシュする。","Flip 2 coins. For each heads, discard an Energy from your opponent’s Active Pokémon."
"cmobmw40b1q0r2pc7oq70wz0r","蓋歐卡","0382","attack","I","在給對手看過自己的棄牌區的所有「基本【水】能量」卡後，造成其張數×20點傷害。然後，將給對手看過的能量卡放回牌庫並重洗。 | 選擇2個這隻寶可夢身上附加的能量，將其丟棄。","自分のトラッシュにある「基本エネルギー」をすべて相手に見せ、その枚数×20ダメージ。その後、見せたエネルギーを山札にもどして切る。 | このポケモンについているエネルギーを2個選び、トラッシュする。","This attack does 20 damage for each Basic {W} Energy card in your discard pile. Then, shuffle those cards into your deck. | Discard 2 Energy from this Pokémon."
"cmobmw40o1q1b2pc7pzd5bwgd","淚眼蜥","0816","attack","I","擲1次硬幣若為反面，則這個招式失敗。","コインを1回投げウラなら、このワザは失敗。","Flip a coin. If tails, this attack does nothing."
"cmobmw41y1q3c2pc7cgf0x9h8","迷唇姐","0124","attack","I","增加對手的戰鬥寶可夢身上附加的能量的數量×30點傷害。","相手のバトルポケモンについているエネルギーの数×30ダメージ追加。","This attack does 30 more damage for each Energy attached to your opponent’s Active Pokémon."
"cmo1u7z3b29eb5ueerkutqgoe","一家鼠","0925","attack","G","在對手的所有寶可夢身上，各放置與自己的場上「一家鼠」的數量相同數量的傷害指示物。","自分の場の「イッカネズミ」の数ぶんのダメカンを、相手のポケモン全員に、それぞれのせる。",""
"cmobmw42f1q442pc7vtk742ey","哲爾尼亞斯","0716","attack","I","從自己的牌庫選擇最多3張【超】屬性的【基礎】寶可夢卡，放置於備戰區。並且重洗牌庫。 | 在下個自己的回合，這隻寶可夢無法使用「光明角擊」。","自分の山札からタイプのたねポケモンを3枚まで選び、ベンチに出す。そして山札を切る。 | 次の自分の番、このポケモンは「ブライトホーン」が使えない。","Search your deck for up to 3 Basic {P} Pokémon and put them onto your Bench. Then, shuffle your deck. | During your next turn, this Pokémon can’t use Bright Horns."
"cmobmw42l1q4c2pc7do9wwijf","墓揚犬","0972","attack","I","擲硬幣直到出現反面，在不看手牌正面的情況下，從對手的手牌選擇與正面出現的次數相同數量的卡，查看那些卡的正面後放回對手的牌庫並重洗。","ウラが出るまでコインを投げ、オモテの数ぶん、相手の手札からオモテを見ないで選び、そのカードのオモテを見て、相手の山札にもどして切る。","Flip a coin until you get tails. For each heads, choose a random card from your opponent’s hand. Your opponent reveals those cards and shuffles them into their deck."
"cmobmw42v1q4t2pc7g8ewkhu4","信使鳥","0225","attack","I","這個招式在先攻玩家的最初回合也可使用。從自己的牌庫任意選擇1張卡加入手牌。並且重洗牌庫。","このワザは、先攻プレイヤーの最初の番でも使える。自分の山札から好きなカードを1枚選び、手札に加える。そして山札を切る。",""
"cmobmw4721qbr2pc7b66se45m","白海獅","0087","ability","I","這隻寶可夢受到對手的【火】或者【水】寶可夢招式的傷害「-30」點。","このポケモンが、相手のまたはポケモンから受けるワザのダメージは「-30」される。","This Pokémon takes 30 less damage from attacks from your opponent’s {R} or {W} Pokémon (after applying Weakness and Resistance)."
"cmobmw47e1qcb2pc7k6fwcqy3","波加曼","0393","attack","I","從自己的牌庫選擇1張支援者卡，在給對手看過後加入手牌。並且重洗牌庫。","自分の山札からサポートを1枚選び、相手に見せて、手札に加える。そして山札を切る。",""
"cmobmw49r1qg52pc7wz8tq2sr","托戈德瑪爾","0777","attack","I","從自己的牌庫選擇1張寶可夢卡，在給對手看過後加入手牌。並且重洗牌庫。","自分の山札からポケモンを1枚選び、相手に見せて、手札に加える。そして山札を切る。","Search your deck for a Pokémon, reveal it, and put it into your hand. Then, shuffle your deck."
"cmo1u7fql1cc65ueezaqx83wt","迷唇娃","0238","attack","H","從自己的牌庫選擇最多2張「基本【超】能量」卡，附於1隻備戰寶可夢身上。並且重洗牌庫。","自分の山札から「基本エネルギー」を2枚まで選び、ベンチポケモン1匹につける。そして山札を切る。",""
"cmo1u7pqz1tdc5ueevxbk66fb","狂歡浪舞鴨","0914","ability","H","在自己的回合，若將1張自己的手牌放回牌庫下方，則可使用1次。從牌庫抽卡直到自己的手牌滿5張為止。","自分の番に、自分の手札を1枚山札の下にもどすなら、1回使える。自分の手札が5枚になるように、山札を引く。","You must put a card from your hand on the bottom of your deck in order to use this Ability. Once during your turn, you may draw cards until you have 5 cards in your hand."
"cmp2dfyze2qtn116c36ipm2cy","電擊怪","","attack","G","對手的1隻寶可夢受到30點傷害。[在備戰區不計算弱點・抵抗力。]","相手のポケモン1匹に、30ダメージ。［ベンチは弱点・抵抗力を計算しない。］",""
"cmo1u7zn22ac55ueeyfx0csmu","尖牙陸鯊","0444","attack","G","選擇1個這隻寶可夢身上附加的能量，將其丟棄。","このポケモンについているエネルギーを1個選び、トラッシュする。","Discard an Energy from this Pokémon."
"cmo1u829c2eqy5uee412ogmo5","超音波幼蟲","0329","attack","H","在下個自己的回合，受到這個招式的寶可夢受到招式的傷害「+50」點。","次の自分の番、このワザを受けたポケモンが受けるワザのダメージは「+50」される。",""
"cmo1u6tdi09ta5ueednxti4y8","烈空坐V","0384","attack","E","若希望，將這隻寶可夢身上附加的【火】或者【雷】任一屬性的最多2張基本能量卡丟棄，增加其張數×80點傷害。 | 寶可夢【V】【氣絕】時，對手獲得2張獎賞卡。","自分の山札を上から2枚トラッシュする。 | のぞむなら、このポケモンについているまたはタイプのどちらかの基本エネルギーを2枚までトラッシュし、その枚数×80ダメージ追加。",""
"cmo1u82ad2esm5ueepzs90e90","七夕青鳥","0334","attack","H","從自己的牌庫選擇最多2張基本能量卡，以任意方式附於自己的寶可夢身上。並且重洗牌庫。 | 擲1次硬幣若為正面，則在下個對手的回合，這隻寶可夢不會受到招式的傷害。","自分の山札から基本エネルギーを2枚まで選び、自分のポケモンに好きなようにつける。そして山札を切る。 | コインを1回投げオモテなら、次の相手の番、このポケモンはワザのダメージを受けない。","Flip a coin. If heads, during your opponent’s next turn, prevent all damage done to this Pokémon by attacks."
"cmo1u6yrp0j5m5ueez3sgcvl4","寶石海星","0121","attack","E","將這隻寶可夢身上附加的任意數量的【水】能量卡丟棄，以其張數選擇對手的寶可夢（1隻可選擇2次以上）。然後，對所選的所有寶可夢不計算弱點・抵抗力，造成其選擇次數×30點傷害。","このポケモンについているエネルギーを好きなだけトラッシュし、その枚数ぶん、相手のポケモンを選ぶ（1匹を2回以上選べる）。その後、選んだポケモン全員に、弱点・抵抗力を計算せず、選んだ回数×30ダメージ。",""
"cmo1u7o3c1qiu5ueeet5epcw0","夢妖魔","0429","attack","I","若對手的戰鬥寶可夢處於特殊狀態，則在對手的1隻備戰寶可夢身上放置6個傷害指示物。","相手のバトルポケモンが特殊状態なら、相手のベンチポケモン1匹に、ダメカンを6個のせる。","If your opponent’s Active Pokémon is affected by a Special Condition, place 6 damage counters on 1 of your opponent’s Benched Pokémon."
"cmo1u7o5m1qmq5ueevk9pgn9q","火箭隊的烏鴉頭頭","0430","attack","I","從自己的手牌將任意數量的名稱中有「火箭隊」的支援者卡丟棄，造成其張數×60點傷害。","自分の手札から、名前に「ロケット団」とつくサポートを好きなだけトラッシュし、その枚数×60ダメージ。","You may discard any number of Supporter cards that have “Team Rocket” in their name from your hand, and this attack does 60 damage for each card you discarded in this way."
"cmo1u82e52eyz5ueeu0bxmq3u","粉蝶蟲","0664","attack","H","從自己的牌庫選擇1張【基礎】寶可夢卡，放置於備戰區。並且重洗牌庫。","自分の山札からたねポケモンを1枚選び、ベンチに出す。そして山札を切る。","Search your deck for a Basic Pokémon and put it onto your Bench. Then, shuffle your deck."
"cmo1u7q0j1ttr5ueevbl0ni0s","鐵磐岩","1022","attack","H","若自己的手牌與對手的手牌不是相同張數，則這個招式失敗。","自分の手札と相手の手札が同じ枚数でないなら、このワザは失敗。","If you don’t have the same number of cards in your hand as your opponent, this attack does nothing."
"cmo1u82j62f7h5ueeei6xj5ls","無極汰那","0890","attack","H","若對手的戰鬥寶可夢為「寶可夢【ex】」，則增加80點傷害。 | 將場上的競技場卡丟棄。若無法丟棄，則這個招式失敗。","相手のバトルポケモンが「ポケモンex」なら、80ダメージ追加。 | 場に出ているスタジアムをトラッシュする。トラッシュできないなら、このワザは失敗。","If your opponent’s Active Pokémon is a Pokémon {ex}, this attack does 80 more damage. | Discard a Stadium in play. If you can’t, this attack does nothing."
"cmp2dg1572tvn116cc8o20kiw","光電傘蜥","","attack","H","從自己的牌庫選擇最多4張能量卡，在給對手看過後加入手牌。並且重洗牌庫。","自分の山札からエネルギーを4枚まで選び、相手に見せて、手札に加える。そして山札を切る。",""
"cmo1u7qc71udq5ueek9n26sod","甲殼龍","0372","attack","I","在下個對手的回合，這隻寶可夢受到招式的傷害「-30」點。","次の相手の番、このポケモンが受けるワザのダメージは「-30」される。","During your opponent’s next turn, this Pokémon takes 30 less damage from attacks (after applying Weakness and Resistance)."
"cmp2dfxqs2p4e116cmuzgw0jj","納噬草","","attack","G","擲1次硬幣若為正面，則將這隻寶可夢與備戰寶可夢互換。","コインを1回投げオモテなら、このポケモンをベンチポケモンと入れ替える。","Flip a coin. If heads, switch this Pokémon with 1 of your Benched Pokémon."
"cmo1u81f52de55ueeq00d791l","鐵轍跡","0990","ability","H","只要這隻寶可夢身上附有「驅勁能量 未來」，這隻寶可夢改為【鬥】與【鋼】2種屬性。","このポケモンに「ブーストエナジー 未来」がついているかぎり、このポケモンはとの2つのタイプになる。","As long as this Pokémon has a Future Booster Energy Capsule attached, it is {F} and {M} type."
"cmo1u83gb2grr5ueefkifg9lj","N的齒輪怪","0600","attack","I","擲3次硬幣，造成正面出現的次數×120點傷害。","コインを3回投げ、オモテの数×120ダメージ。","Flip 3 coins. This attack does 120 damage for each heads."
"cmo1u7o1b1qfd5ueexwsbjitx","N的迷你冰","0582","attack","I","從自己的牌庫選擇最多2張【基礎】寶可夢卡，放置於備戰區。並且重洗牌庫。","自分の山札からたねポケモンを2枚まで選び、ベンチに出す。そして山札を切る。",""
"cmo1u8eep30a15ueezyins7do","炎熱喵","0726","attack","B","將對手的戰鬥寶可夢與備戰寶可夢互換。[由對手選擇放置於戰鬥場的寶可夢。]","",""
"cmo1u7z6i29js5ueevhdpur78","蟲滾泥","0953","attack","G","擲硬幣直到出現反面，造成正面出現的次數×30點傷害。","ウラが出るまでコインを投げ、オモテの数×30ダメージ。",""
"cmo1u7o1n1qfx5ueewhts4nf3","雪暴馬","0896","attack","I","對手的1隻備戰寶可夢也受到20點傷害。[在備戰區不計算弱點・抵抗力。] | 在下個自己的回合，這隻寶可夢無法使用「冰霜颱風」。","相手のベンチポケモン1匹にも、20ダメージ。［ベンチは弱点・抵抗力を計算しない。］ | 次の自分の番、このポケモンは「フロストタイフーン」が使えない。","This attack also does 20 damage to 1 of your opponent’s Benched Pokémon. (Don’t apply Weakness and Resistance for Benched Pokémon.) | During your next turn, this Pokémon can’t use Frosty Typhoon."
"cmo1u8efv30c15uee3fso7vsk","三合一磁怪","0082","attack","B","在下個自己的回合，這隻寶可夢無法使用「電磁炮」。","",""
"cmo1u8eg030c95ueej32gwiw6","電擊魔獸","0466","attack","B","從自己的牌庫抽出最多2張【雷】能量卡，附於這隻寶可夢身上。並且重洗牌庫。 | 將這隻寶可夢身上所附加的3個能量丟到棄牌區。","",""
"cmo1u8egc30ct5ueebjbwuwfw","電龍GX","0181","attack","B","從自己的棄牌區抽出所有「電氣力量」，在給對手看過後加入手牌。 | 將這隻寶可夢身上所附加的【雷】能量全部丟到棄牌區。 | 從自己的牌庫抽出最多7張寶可夢，在給對手看過後加入手牌。並且重洗牌庫。［對戰中，己方只可使用1次GX招式。］ | 寶可夢GX【氣絕】時，對手獲得2張獎賞卡。","",""
"cmo1u8ehv30fi5uee3ghowifo","固拉多","0383","attack","B","若場上有競技場卡，則增加50點傷害。然後，將該競技場卡丟到棄牌區。 | 將這隻寶可夢身上所附加的1個能量丟到棄牌區。","",""
"cmo1u815v2cy65ueewuysezy7","風妖精","0547","ability","H","在自己的回合，從手牌使出這張卡並完成進化時，可使用1次。將自己的戰鬥場的【草】寶可夢的HP全部恢復。然後，將恢復的寶可夢身上附加的能量全部丟棄。","自分の番に、このカードを手札から出して進化させたとき、1回使える。自分のバトル場のポケモンのHPを、すべて回復する。その後、回復したポケモンについているエネルギーを、すべてトラッシュする。","When you play this Pokémon from your hand to evolve 1 of your Pokémon during your turn, you may heal all damage from your Active {G} Pokémon. If you healed any damage in this way, discard all Energy from that Pokémon."
"cmo1u8ejt30iu5ueekhbwowxp","青銅鐘","0437","ability","B","這隻寶可夢不會受到對手的【火】寶可夢招式的傷害。","",""
"cmo1u81ct2da45ueepqk3paj7","蟲甲聖","0954","ability","H","只要這隻寶可夢在場上，自己的所有備戰寶可夢不會受到對手的寶可夢招式的傷害與效果的影響。","このポケモンがいるかぎり、自分のベンチポケモン全員は、相手のポケモンからワザのダメージや効果を受けない。","Prevent all damage from and effects of attacks from your opponent’s Pokémon done to your Benched Pokémon."
"cmo1u8ejo30im5ueecl4d9nma","帝牙盧卡GX","0483","attack","B","從牌庫抽卡直到自己的手牌滿6張為止。 | 這個招式的傷害不計算對手的戰鬥寶可夢身上的附加效果。 | 這個回合結束後，再開始1個自己的回合。［對戰中，己方只可使用1次GX招式。］ | 寶可夢GX【氣絕】時，對手獲得2張獎賞卡。","",""
"cmo1u7q3r1tzc5uee2692c2rr","大炭車","0838","attack","H","擲1次硬幣若為正面，則增加40點傷害。","コインを1回投げオモテなら、40ダメージ追加。","Flip a coin. If heads, this attack does 40 more damage."
"cmo1u8ek230ja5ueef13b7ie3","駒刀小兵","0624","attack","B","在下個對手的回合，這隻寶可夢受到招式的傷害「-30」點。","",""
"cmo1u8ejz30j65uee52o0xbh2","劈斬司令","0625","attack","B","若這隻寶可夢身上沒有放置傷害指示物，則增加90點傷害。","",""
"cmo1u8ekj30k25ueeubwt3tu3","阿羅拉 九尾","0038","attack","B","這隻寶可夢不會受到對手的「寶可夢GX・EX」招式的傷害與效果的影響。","",""
"cmo1u7z6t29kc5ueebm8a3zyw","冰砌鵝","0875","attack","G","將這隻寶可夢身上附加的能量卡全部丟棄。在下個對手的回合，這隻寶可夢受到招式的傷害「-100」點。","このポケモンについているエネルギーを、すべてトラッシュする。次の相手の番、このポケモンが受けるワザのダメージは「-100」される。","Discard all Energy from this Pokémon. During your opponent’s next turn, this Pokémon takes 100 less damage from attacks (after applying Weakness and Resistance)."
"cmo1u8ekm30k65uee2dyyu58n","花葉蒂","0670","attack","B","選擇對手的1隻備戰寶可夢，與戰鬥寶可夢互換。然後，將這隻寶可夢與備戰寶可夢互換。","",""
"cmobmw9mj1z0n2pc7rehgofr9","夢幻V","0151","attack","E","從自己的牌庫選擇1張能量卡，附於自己的「匯流」寶可夢身上。並且重洗牌庫。 | 若希望，將這隻寶可夢與附加的卡，全部放回自己的牌庫並重洗。 | 寶可夢【V】【氣絕】時，對手獲得2張獎賞卡。","自分の山札からエネルギーを1枚選び、自分の「フュージョン」のポケモンにつける。そして山札を切る。 | のぞむなら、このポケモンと、ついているすべてのカードを、自分の山札にもどして切る。",""
"cmo1u81902d3j5uee8ruk69nx","土龍弟弟","0206","attack","H","擲1次硬幣若為正面，則在下個對手的回合，這隻寶可夢不會受到招式的傷害與效果的影響。","コインを1回投げオモテなら、次の相手の番、このポケモンはワザのダメージや効果を受けない。","Flip a coin. If heads, during your opponent’s next turn, prevent all damage from and effects of attacks done to this Pokémon."
"cmo1u8eoi30qw5ueenyu1yybp","拉普拉斯ex","0131","attack","I","造成這隻寶可夢身上附加的【水】能量的數量×30點傷害。將這隻寶可夢與備戰寶可夢互換。","","This attack does 30 damage for each {W} Energy attached to this Pokémon. Switch this Pokémon with 1 of your Benched Pokémon."
"cmo1u7ygp28b85uee0botoz5e","小火馬","0077","attack","G","從自己的牌庫抽出1張卡。","自分の山札を1枚引く。",""
"cmp2dgb6f3825116cticqpo29","瑪夏多","","attack","I","若對手的寶可夢因這個招式的傷害而【昏厥】了，則在下個對手的回合，這隻寶可夢不會受到招式的傷害與效果的影響。","","If your opponent’s Pokémon is Knocked Out by damage from this attack, during your opponent’s next turn, prevent all damage from and effects of attacks done to this Pokémon."
"cmp2dgb793839116cak0xr69e","波皇子","","attack","I","對手的1隻備戰寶可夢受到70點傷害。[在備戰區不計算弱點・抵抗力。]","","This attack does 70 damage to 1 of your opponent’s Benched Pokémon. (Don’t apply Weakness and Resistance for Benched Pokémon.)"
"cmp2dgb7f383h116cyki9ah9r","利牙魚","","attack","I","這隻寶可夢也受到10點傷害。","","This Pokémon also does 10 damage to itself."
"cmo1u8es630x55ueeb8ml2y87","超級艾路雷朵ex","0475","attack","J","若這隻寶可夢身上沒有放置傷害指示物，則增加150點傷害。","このポケモンにダメカンがのっていないなら、150ダメージ追加。",""
"cmo1u7o441qk65ueeppd657a3","靈幽馬","0897","attack","I","將這隻寶可夢身上附加的能量卡全部丟棄，在對手的1隻寶可夢身上放置12個傷害指示物。","このポケモンについているエネルギーをすべてトラッシュし、相手のポケモン1匹に、ダメカンを12個のせる。",""
"cmobmw3tb1ppf2pc7hgql7msf","橡實果","0273","attack","I","將這隻寶可夢恢復「20」HP。","このポケモンのHPを「20」回復する。","Heal 20 damage from this Pokémon."
"cmp2dgbc4389r116cbtnntnk0","火狐狸","","attack","J","從自己的牌庫選擇最多2張【基礎】寶可夢卡，放置於備戰區。並且重洗牌庫。","",""
"cmobmw3u21pqo2pc7bc6na70g","龍蝦小兵","0341","attack","I","這隻寶可夢也受到10點傷害。","このポケモンにも10ダメージ。","This Pokémon also does 10 damage to itself."
"cmo1u7qc51udm5uee5tqd2xpl","寶貝龍","0371","attack","I","這隻寶可夢也受到10點傷害。","このポケモンにも10ダメージ。","This Pokémon also does 10 damage to itself."
"cmobmw3v71psk2pc7vbrhk7wj","鹽石壘","0933","attack","I","這個招式的傷害不計算抵抗力。","このワザのダメージは抵抗力を計算しない。","This attack’s damage isn’t affected by Resistance."
"cmo1u7pwk1tmy5ueer4jg4r34","仙子伊布ex","0700","attack","H","在下個對手的回合，受到這個招式的寶可夢使用招式的傷害「-100」點。 | 選擇2隻對手的備戰寶可夢，將那些寶可夢與附加的卡全部放回牌庫並重洗。在上個自己的回合，若自己的寶可夢使出了「天仙石」，則無法使用這個招式。","次の相手の番、このワザを受けたポケモンが使うワザのダメージは「-100」される。 | 相手のベンチポケモンを2匹選び、そのポケモンと、ついているすべてのカードを、山札にもどして切る。前の自分の番に、自分のポケモンが「エンジェライト」を使っていたなら、このワザは使えない。","During your opponent’s next turn, attacks used by the Defending Pokémon do 100 less damage (before applying Weakness and Resistance). | Choose 2 of your opponent’s Benched Pokémon. Shuffle those Pokémon and all attached cards into your opponent’s deck. If 1 of your Pokémon used Angelite during your last turn, this attack can’t be used."
"cmobmw3vz1ptt2pc7nll5apqd","超級大嘴娃ex","0303","attack","I","造成自己已經獲得的獎賞卡的張數×80點傷害。 | 若對手的戰鬥寶可夢身上放置有傷害指示物，則這個招式的傷害改為「30」點。","自分がすでにとったサイドの枚数×80ダメージ。 | 相手のバトルポケモンにダメカンがのっているなら、このワザのダメージは「30」になる。","This attack does 80 damage for each Prize card you have taken. | If your opponent’s Active Pokémon already has any damage counters on it, this attack’s base damage is 30."
"cmo1u7zmm2abd5ueexei2czh8","索財靈","0999","attack","G","擲硬幣直到出現反面，造成正面出現的次數×20點傷害。","ウラが出るまでコインを投げ、オモテの数×20ダメージ。","Flip a coin until you get tails. This attack does 20 damage for each heads."
"cmobmw3za1pz32pc746c6osrp","蔓藤怪","0114","attack","I","將對手的戰鬥寶可夢【中毒】。","相手のバトルポケモンをどくにする。","Your opponent’s Active Pokémon is now Poisoned."
"cmo1u7nea1pbq5ueej56k4a67","古空棘魚","0369","ability","H","只要這隻寶可夢在場上，自己的所有進化寶可夢，可使用進化前持有的所有招式。[需要有足夠使用招式的能量。]","このポケモンがいるかぎり、自分の進化しているポケモン全員は、進化前に持っていたワザを、すべて使える。［ワザを使うためのエネルギーは必要。］","Each of your evolved Pokémon can use any attack from its previous Evolutions. (You still need the necessary Energy to use each attack.)"
"cmp2dfzm42rpr116cwzh1ieqv","鐵武者","","attack","H","查看自己的牌庫上方4張卡，以任意順序排列，放回牌庫上方。 | 在這個回合，若從手牌使出了「未來」支援者卡，則增加100點傷害。","自分の山札を上から4枚見て、好きな順番に入れ替えて、山札の上にもどす。 | この番、手札から「未来」のサポートを出して使っていたなら、100ダメージ追加。","This attack also does 20 damage to 1 of your opponent’s Benched Pokémon. (Don’t apply Weakness and Resistance for Benched Pokémon.) | During your next turn, this Pokémon can’t use Zen Blade."
"cmo1u81de2db45ueeieu4ye9r","雷丘","0026","attack","H","這隻寶可夢以外的雙方的身上放置有傷害指示物的所有寶可夢，各受到50點傷害。[在備戰區不計算弱點・抵抗力。]","このポケモン以外の、ダメカンがのっているおたがいのポケモン全員に、それぞれ50ダメージ。［ベンチは弱点・抵抗力を計算しない。］",""
"cmo1u83cf2gl65ueed336sceg","沙鈴仙人掌","0556","ability","I","這隻寶可夢在戰鬥場上受到對手的寶可夢招式的傷害而【昏厥】時，在使用招式的寶可夢身上放置6個傷害指示物。","このポケモンが、バトル場で相手のポケモンからワザのダメージを受けてきぜつしたとき、ワザを使ったポケモンにダメカンを6個のせる。","If this Pokémon is in the Active Spot and is Knocked Out by damage from an attack from your opponent’s Pokémon, put 6 damage counters on the Attacking Pokémon."
"cmo1u7psi1tg05ueemzacy8zc","電擊魔獸ex","0466","attack","I","對手的2隻寶可夢各受到50點傷害。[在備戰區不計算弱點・抵抗力。] | 若身上附有的能量比使用這個招式所需的能量多2個，則增加100點傷害。","相手のポケモン2匹に、それぞれ50ダメージ。［ベンチは弱点・抵抗力を計算しない。］ | このワザを使うためのエネルギーより、2個多くエネルギーがついているなら、100ダメージ追加。","This attack does 50 damage to 2 of your opponent’s Pokémon. (Don’t apply Weakness and Resistance for Benched Pokémon.) | If this Pokémon has at least 2 extra Energy attached (in addition to this attack’s cost), this attack does 100 more damage."
"cmobmw41e1q2g2pc7h4ezbk6m","落雷獸","0309","attack","I","這隻寶可夢也受到10點傷害。","このポケモンにも10ダメージ。","This Pokémon also does 10 damage to itself."
"cmobmw40t1q1j2pc7g3qzyb7y","千面避役","0818","attack","I","從雙方的場上寶可夢（這隻寶可夢除外）中選擇1隻剩餘HP最少的寶可夢，將其【昏厥】。 | 選擇1個這隻寶可夢身上附加的能量，將其丟棄。","おたがいの場のポケモン（このポケモンをのぞく）の中から、残りHPが一番少ないポケモンを1匹選び、きぜつさせる。 | このポケモンについているエネルギーを1個選び、トラッシュする。",""
"cmp2dgb9v386q116cq3whf4xe","胡地","","ability","I","在自己的回合，從手牌使出這張卡並完成進化時，可使用1次。從自己的牌庫抽出3張卡。","自分の番に、このカードを手札から出して進化させたとき、1回使える。自分の山札を3枚引く。","Once during your turn, when you play this Pokémon from your hand to evolve 1 of your Pokémon, you may use this Ability. Draw 3 cards."
"cmo1u6yp50j195ueek04r0ths","吉利蛋","0113","attack","E","將這隻寶可夢恢復「30」HP。","このポケモンのHPを「30」回復する。","Heal 30 damage from this Pokémon."
"cmobmwa8q1zzb2pc7tji24nv8","美洛耶塔","0648","attack","E","造成自己的場上寶可夢身上附加的「匯流能量」的數量×70點傷害。","自分の場のポケモンについている「フュージョンエネルギー」の数×70ダメージ。",""
"cmobmw46n1qb32pc7kajhiooh","達摩狒狒","0555","attack","I","增加這隻寶可夢身上附加的【火】能量的數量×40點傷害。","このポケモンについているエネルギーの数×40ダメージ追加。","This attack does 40 more damage for each {R} Energy attached to this Pokémon."
"cmobmw4771qbz2pc71cuowx39","長毛豬","0221","attack","I","擲1次硬幣若為正面，則增加30點傷害。","コインを1回投げオモテなら、30ダメージ追加。","Flip a coin. If heads, this attack does 30 more damage."
"cmoa5yaqt356sdt6lsp0pqamn","沙鐵皮","0989","attack","H","若自己的場上的能量有3個以上，則增加70點傷害。這個招式的傷害不計算弱點。","","If you have 3 or more Energy in play, this attack does 70 more damage. This attack’s damage isn’t affected by Weakness."
"cmo1u81k12dma5ueeobporr7n","蚊香君","0061","attack","H","將對手的戰鬥寶可夢【睡眠】。 | 擲2次硬幣，造成正面出現的次數×30點傷害。","相手のバトルポケモンをねむりにする。 | コインを2回投げ、オモテの数×30ダメージ。","Flip 2 coins. This attack does 30 damage for each heads."
"cmobmw4931qf42pc72xmh48jv","飯匙蛇","0336","ability","I","若自己的場上有【惡】屬性的「超級進化寶可夢【ex】」，則這隻寶可夢使用的招式，對對手的戰鬥寶可夢造成的傷害「+120」點。","自分の場にタイプの「メガシンカex」がいるなら、このポケモンが使うワザの、相手のバトルポケモンへのダメージは「+120」される。","If you have any {D} Mega Evolution Pokémon {ex} in play, attacks used by this Pokémon do 120 more damage to your opponent’s Active Pokémon (before applying Weakness and Resistance)."
"cmobmw49i1qfs2pc7v1i6actd","帝王拿波ex","0395","ability","I","這隻寶可夢不會受到對手的寶可夢使用招式的效果的影響。","このポケモンは、相手のポケモンが使うワザの効果を受けない。","Prevent all effects of attacks used by your opponent’s Pokémon done to this Pokémon. (Damage is not an effect.)"
"cmobmw49m1qfx2pc7aoc5rfga","銅鏡怪","0436","attack","I","擲1次硬幣若為正面，則在下個對手的回合，這隻寶可夢不會受到招式的傷害。","コインを1回投げオモテなら、次の相手の番、このポケモンはワザのダメージを受けない。","Flip a coin. If heads, during your opponent’s next turn, prevent all damage done to this Pokémon by attacks."
"cmo1u81rv2dz15uee0f4hop4q","狙射樹梟","0724","attack","H","從牌庫抽卡直到自己的手牌滿7張為止。 | 從自己的手牌將1張「基本【草】能量」卡丟棄。若無法丟棄，則這個招式失敗。","自分の手札が7枚になるように、山札を引く。 | 自分の手札から「基本エネルギー」を1枚トラッシュする。トラッシュできないなら、このワザは失敗。","Draw cards until you have 7 cards in your hand. | Discard a Basic {G} Energy card from your hand. If you can’t, this attack does nothing."
"cmo1u7wp1258w5ueer28qm6nq","<火箭隊的>幼基拉斯","0246","attack","I","將對手的牌庫上方1張卡丟棄。","相手の山札を上から1枚トラッシュする。",""
"cmo1u7o7e1qpr5uee5u0slyi2","嗡蝠","0714","attack","I","從自己的牌庫選擇1張「寶可夢道具」卡，在給對手看過後加入手牌。並且重洗牌庫。","自分の山札から「ポケモンのどうぐ」を1枚選び、相手に見せて、手札に加える。そして山札を切る。",""
"cmo1u81mk2dpz5ueehgqpwu6f","穿山鼠","0027","attack","H","擲2次硬幣，造成正面出現的次數×20點傷害。","コインを2回投げ、オモテの数×20ダメージ。","Flip 2 coins. This attack does 20 damage for each heads."
"cmobmw48b1qds2pc77xgcu44s","綿綿泡芙","0946","ability","I","若場上有「祭典會場」，則這隻寶可夢可使用持有的招式2次。（若對手的戰鬥寶可夢因第1次的招式而【昏厥】了，則在下一隻寶可夢放置後，使用第2次的招式。）","場に「お祭り会場」が出ているなら、このポケモンは、持っているワザを2回連続で使える。（1回目のワザで相手のバトルポケモンがきぜつしたなら、次のバトルポケモンが出たあと、2回目のワザを使う。）",""
"cmo1u81mx2dqn5ueeiw7yv9jp","晶光花","0970","attack","H","擲1次硬幣若為正面，則將對手的戰鬥寶可夢【中毒】與【麻痺】。 | 若對手的戰鬥寶可夢【中毒】，則增加100點傷害。","コインを1回投げオモテなら、相手のバトルポケモンをどくとマヒにする。 | 相手のバトルポケモンがどくなら、100ダメージ追加。","If your opponent’s Active Pokémon is Poisoned, this attack does 100 more damage."
"cmo1u7o6e1qo25ueej1aqiq3i","桃歹郎","1025","ability","I","這隻寶可夢受到對手的寶可夢招式的傷害而【昏厥】時，從自己的牌庫任意選擇1張卡加入手牌。並且重洗牌庫。","このポケモンが、相手のポケモンからワザのダメージを受けてきぜつしたとき、自分の山札から好きなカードを1枚選び、手札に加える。そして山札を切る。","If this Pokémon is Knocked Out by damage from an attack from your opponent’s Pokémon, search your deck for a card and put it into your hand. Then, shuffle your deck."
"cmo1u81nu2ds75ueet8cy0upk","噗隆隆","0965","attack","H","從自己的棄牌區選擇1張「基本【鋼】能量」卡，附於這隻寶可夢身上。","自分のトラッシュから「基本エネルギー」を1枚選び、このポケモンにつける。",""
"cmo1u7z7029ko5ueeunq4pqfx","浩大鯨","0975","attack","G","若這隻寶可夢身上附有特殊能量卡，則增加140點傷害。","このポケモンに特殊エネルギーがついているなら、140ダメージ追加。","If this Pokémon has any Special Energy attached, this attack does 140 more damage."
"cmo1u81nw2dsc5uees6u8ovzc","普隆隆姆","0966","attack","H","在上個對手的回合，若自己的寶可夢因招式的傷害而【昏厥】了，則增加90點傷害。 | 擲硬幣直到出現反面，造成正面出現的次數×100點傷害。","前の相手の番に、ワザのダメージで、自分のポケモンがきぜつしていたなら、90ダメージ追加。 | ウラが出るまでコインを投げ、オモテの数×100ダメージ。","If any of your Pokémon were Knocked Out by damage from an attack during your opponent’s last turn, this attack does 90 more damage. | Flip a coin until you get tails. This attack does 100 damage for each heads."
"cmo1u7ow61rwi5ueelwzjs1m7","倫琴貓","0405","attack","J","造成自己已經獲得的獎賞卡的張數×70點傷害。 | 選擇2個這隻寶可夢身上附加的能量，將其丟棄。","自分がすでにとったサイドの枚数×70ダメージ。 | このポケモンについているエネルギーを2個選び、トラッシュする。","This attack does 70 damage for each Prize card you have taken. | Discard 2 Energy from this Pokémon."
"cmo1u7nec1pbu5uee2n3vcefb","龜腳腳","0688","attack","I","從自己的牌庫抽出2張卡。","自分の山札を2枚引く。",""
"cmo1u7oxh1ryr5ueeecwxosw3","鬼斯","0092","attack","J","擲1次硬幣若為反面，則這個招式失敗。","コインを1回投げウラなら、このワザは失敗。","Flip a coin. If tails, this attack does nothing."
"cmo1u7oxk1ryv5uee0rx3agih","鬼斯通","0093","attack","J","在對手的戰鬥寶可夢身上放置3個傷害指示物。","相手のバトルポケモンに、ダメカンを3個のせる。",""
"cmo1u7oyn1s0r5ueei820jjw1","小箭雀","0661","attack","J","從自己的牌庫選擇最多2張抵抗力為【鬥】屬性的寶可夢卡，在給對手看過後加入手牌。並且重洗牌庫。","自分の山札から、抵抗力がタイプのポケモンを2枚まで選び、相手に見せて、手札に加える。そして山札を切る。",""
"cmo1u7p241s6o5uee938nn1zz","獨角蟲","0013","attack","J","擲1次硬幣若為反面，則這個招式失敗。","コインを1回投げウラなら、このワザは失敗。",""
"cmo1u7p271s6s5ueeheszeejf","鐵殼蛹","0014","ability","J","這隻寶可夢受到招式的傷害「-20」點。","このポケモンが受けるワザのダメージは「-20」される。","Switch in 1 of your opponent’s Benched Pokémon to the Active Spot."
"cmo1u7p2f1s785uee5ut3mkdj","胖胖哈力","0651","attack","J","從自己的牌庫選擇1張「基本【草】能量」卡，附於這隻寶可夢身上。並且重洗牌庫。","自分の山札から「基本エネルギー」を1枚選び、このポケモンにつける。そして山札を切る。",""
"cmo1u83mi2h2d5ueekkn6g97v","<竹蘭的>醜醜魚","0349","attack","I","擲1次硬幣若為正面，則在下個對手的回合，這隻寶可夢不會受到招式的傷害與效果的影響。","コインを1回投げオモテなら、次の相手の番、このポケモンはワザのダメージや効果を受けない。","Flip a coin. If heads, during your opponent’s next turn, prevent all damage from and effects of attacks done to this Pokémon."
"cmo1u7p3o1s995uee4q4awjnw","冰岩怪","0713","attack","J","將自己的牌庫上方6張卡丟棄，造成其中「基本【水】能量」卡的張數×60點傷害。","自分の山札を上から6枚トラッシュし、その中にある「基本エネルギー」の枚数×60ダメージ。",""
"cmo1u81o72dsw5uee4a6auizu","大蔥鴨","0083","ability","H","在自己的回合，從手牌將這張卡放置於備戰區時，可使用1次。從自己的牌庫選擇1張「寶可夢道具」卡，附於這隻寶可夢身上。並且重洗牌庫。","自分の番に、このカードを手札からベンチに出したとき、1回使える。自分の山札から「ポケモンのどうぐ」を1枚選び、このポケモンにつける。そして山札を切る。","When you play this Pokémon from your hand onto your Bench during your turn, you may search your deck for a Pokémon Tool card and attach it to this Pokémon. Then, shuffle your deck."
"cmo1u7p3s1s9h5ueeht14yjs2","具甲武者","0768","attack","J","若對手的寶可夢因這個招式的傷害而【昏厥】了，則在下個對手的回合，這隻寶可夢不會受到招式的傷害與效果的影響。 | 在下個自己的回合，這隻寶可夢無法使用招式。","このワザのダメージで、相手のポケモンがきぜつしたなら、次の相手の番、このポケモンはワザのダメージや効果を受けない。 | 次の自分の番、このポケモンはワザが使えない。",""
"cmo1u7z7g29lg5uee4vgrzdy5","呆呆獸","0079","attack","G","擲1次硬幣若為正面，則從自己的牌庫任意選擇1張卡加入手牌。並且重洗牌庫。若為反面，則選擇1張自己的手牌，將其丟棄。","コインを1回投げオモテなら、自分の山札から好きなカードを1枚選び、手札に加える。そして山札を切る。ウラなら、自分の手札を1枚選び、トラッシュする。",""
"cmo1u83sw2hd75ueev1b7zp1v","路卡利歐ex","0448","attack","G","對手的1隻備戰寶可夢也受到50點傷害。[在備戰區不計算弱點・抵抗力。] | 寶可夢【ex】【昏厥】時，對手獲得2張獎賞卡。","相手のベンチポケモン1匹にも、50ダメージ。［ベンチは弱点・抵抗力を計算しない。］","This attack also does 50 damage to 1 of your opponent’s Benched Pokémon. (Don’t apply Weakness and Resistance for Benched Pokémon.)"
"cmo1u80o62c455uee30ool19b","三海地鼠","0961","ability","G","在自己的回合，從手牌使出這張卡並完成進化時，可使用1次。從自己的牌庫選擇最多3張「寶可夢道具」卡，在給對手看過後加入手牌。並且重洗牌庫。","自分の番に、このカードを手札から出して進化させたとき、1回使える。自分の山札から「ポケモンのどうぐ」を3枚まで選び、相手に見せて、手札に加える。そして山札を切る。","When you play this Pokémon from your hand to evolve 1 of your Pokémon during your turn, you may search your deck for up to 3 Pokémon Tool cards, reveal them, and put them into your hand. Then, shuffle your deck."
"cmo1u81ij2dju5ueeu2hhyl0s","向日花怪","0192","attack","H","造成對手的所有寶可夢身上附加的【火】能量的數量×60點傷害。 | 將這隻寶可夢恢復「30」HP。","相手のポケモン全員についているエネルギーの数×60ダメージ。 | このポケモンのHPを「30」回復する。","This attack does 60 damage for each {R} Energy attached to all of your opponent’s Pokémon. | Heal 30 damage from this Pokémon."
"cmp2dgdic3b3s116cq4234bql","超級花葉蒂ex","","attack","J","將雙方的所有寶可夢各恢復「30」HP。 | 從自己的牌庫選擇最多4張「基本【超】能量」卡，以任意方式附於備戰寶可夢身上。並且重洗牌庫。","おたがいのポケモン全員のHPを、それぞれ「30」回復する。 | 自分の山札から「基本エネルギー」を4枚まで選び、ベンチポケモンに好きなようにつける。そして山札を切る。",""
"cmoofu1hx34cl12enc4g1eeti","南瓜怪人ex","","attack","J","增加自己的身上放置有傷害指示物的備戰寶可夢的數量×50點傷害。 | 在不看正面的情況下，從對手的手牌選擇1張，將其丟棄。","ダメカンがのっている自分のベンチポケモンの数×50ダメージ追加。 | 相手の手札からオモテを見ないで1枚選び、トラッシュする。",""
"cmo1u7p4w1sbd5ueebkfwjybo","樹才怪","0185","attack","J","從自己的牌庫選擇最多2張「變化之書」，在給對手看過後加入手牌。並且重洗牌庫。 | 這個招式的傷害不計算抵抗力。","自分の山札から「変化の書」を2枚まで選び、相手に見せて、手札に加える。そして山札を切る。 | このワザのダメージは抵抗力を計算しない。",""
"cmo1u7q4c1u0c5ueep1x26k8o","<派帕的>原野水母","0948","attack","I","這隻寶可夢也受到10點傷害。","このポケモンにも10ダメージ。","This Pokémon also does 10 damage to itself."
"cmo1u7p511sbl5uee35kdd6iu","頓甲","0232","attack","J","在下個自己的回合，這隻寶可夢使用的招式，對對手的戰鬥寶可夢造成的傷害「+120」點。 | 選擇2個這隻寶可夢身上附加的能量，將其丟棄。","次の自分の番、このポケモンが使うワザの、相手のバトルポケモンへのダメージは「+120」される。 | このポケモンについているエネルギーを2個選び、トラッシュする。",""
"cmobmwab520382pc7r4tzfwh6","掘掘兔","0659","attack","E","從自己的牌庫選擇1張寶可夢卡，在給對手看過後加入手牌。並且重洗牌庫。 | 這隻寶可夢也受到10點傷害。","自分の山札からポケモンを1枚選び、相手に見せて、手札に加える。そして山札を切る。 | このポケモンにも10ダメージ。","Search your deck for a Pokémon, reveal it, and put it into your hand. Then, shuffle your deck. | This Pokémon also does 10 damage to itself."
"cmo1u7p5g1sc95uee3exyf46f","千針魚","0211","ability","J","這隻寶可夢在戰鬥場上受到對手的寶可夢招式的傷害時，將使用招式的寶可夢【中毒】。","このポケモンが、バトル場で相手のポケモンからワザのダメージを受けたとき、ワザを使ったポケモンをどくにする。",""
"cmo1u81sj2e055ueeinifx6lq","普隆隆姆ex","0966","attack","H","只要這隻寶可夢在備戰區，不會受到招式的傷害。 | 在這個回合，若從備戰區將這隻寶可夢放置於戰鬥場，則增加120點傷害。 | 將這隻寶可夢與附加的卡全部丟棄。","この番、このポケモンがベンチからバトル場に出ていたなら、120ダメージ追加。 | このポケモンと、ついているすべてのカードを、トラッシュする。","If this Pokémon moved from your Bench to the Active Spot this turn, this attack does 120 more damage. | Discard this Pokémon and all attached cards."
"cmo1u7p6o1see5ueefg6hm4ym","泡沫栗鼠","0572","attack","J","這隻寶可夢也受到10點傷害。","このポケモンにも10ダメージ。",""
"cmo1u7z7o29lt5ueeoncjqke5","哥德小童","0575","attack","G","將對手的戰鬥寶可夢【混亂】。","相手のバトルポケモンをこんらんにする。","Your opponent’s Active Pokémon is now Confused."
"cmp2xpuad0wvt1078fvmsszxp","念力土偶","","attack","J","從對手的進化的戰鬥寶可夢身上，移除1張「進化卡」使其退化。將移除的卡放回對手的手牌。","相手の進化しているバトルポケモンから、「進化カード」を1枚はがして退化させる。はがしたカードは、相手の手札にもどす。",""
"cmo1u7z8729mp5ueeruc8e8cy","棄世猴ex","0979","attack","G","在這隻寶可夢身上放置最多12個傷害指示物，造成放置的數量×20點傷害。 | 寶可夢【ex】【昏厥】時，對手獲得2張獎賞卡。","このポケモンにダメカンを12個までのせ、のせた数×20ダメージ。",""
"cmo1u83mk2h2h5ueefulnf5jn","<竹蘭的>美納斯","0350","attack","I","對手的2隻備戰寶可夢也各受到30點傷害。[在備戰區不計算弱點・抵抗力。]","相手のベンチポケモン2匹にも、それぞれ30ダメージ。［ベンチは弱点・抵抗力を計算しない。］","This attack also does 30 damage to 2 of your opponent’s Benched Pokémon. (Don’t apply Weakness and Resistance for Benched Pokémon.)"
"cmo1u83ck2gle5ueep4cnau5z","小嘴蝸","0616","attack","I","擲1次硬幣若為正面，則在下個對手的回合，這隻寶可夢不會受到招式的傷害。","コインを1回投げオモテなら、次の相手の番、このポケモンはワザのダメージを受けない。","Flip a coin. If heads, during your opponent’s next turn, prevent all damage done to this Pokémon by attacks."
"cmobmw5wv1t1y2pc7oitf2ug5","莉佳的大食花","0071","attack","J","造成自己的場上「莉佳的寶可夢」的數量×40點傷害。","自分の場の「エリカのポケモン」の数×40ダメージ。","This attack does 40 damage for each of your Erika’s Pokémon in play."
"cmo1u7pgk1svh5ueedz97wstz","畢力吉翁","0640","attack","H","將這隻寶可夢恢復「30」HP。","このポケモンのHPを「30」回復する。","Heal 30 damage from this Pokémon."
"cmo1u7piv1szh5ueejowwyqld","烈焰馬","0078","attack","H","擲1次硬幣若為正面，則增加60點傷害。","コインを1回投げオモテなら、60ダメージ追加。","Flip a coin. If heads, this attack does 60 more damage."
"cmo1u7pzx1tsr5uee6fpsadg3","墓揚犬ex","0972","attack","H","擲硬幣直到出現反面，增加正面出現的次數×20點傷害。","ウラが出るまでコインを投げ、オモテの数×20ダメージ追加。","Flip a coin until you get tails. This attack does 20 more damage for each heads."
"cmo1u81ta2e1h5ueekljm5utz","超音蝠","0041","attack","H","從自己的牌庫選擇1張支援者卡，在給對手看過後加入手牌。並且重洗牌庫。","自分の山札からサポートを1枚選び、相手に見せて、手札に加える。そして山札を切る。","Search your deck for a Supporter card, reveal it, and put it into your hand. Then, shuffle your deck."
"cmo1u7pjz1t1e5uee2vfayhxm","比克提尼","0494","attack","H","將自己的手牌全部放回牌庫並重洗。然後，從牌庫抽出6張卡。 | 選擇1個對手的戰鬥寶可夢身上附加的特殊能量，將其丟棄。","自分の手札をすべて山札にもどして切る。その後、山札を6枚引く。 | 相手のバトルポケモンについている特殊エネルギーを1個選び、トラッシュする。","Discard a Special Energy from your opponent’s Active Pokémon."
"cmo1u83fv2gqz5ueebvepecgq","班基拉斯","0248","ability","I","只要這隻寶可夢在戰鬥場上，對手無法從手牌使出物品卡。","このポケモンがバトル場にいるかぎり、相手は手札からグッズを出して使えない。","As long as this Pokémon is in the Active Spot, your opponent can’t play any Item cards from their hand."
"cmo1u7pn11t6n5ueeenijm3pe","海刺龍","0117","attack","H","從自己的牌庫選擇最多3張寶可夢卡，在給對手看過後加入手牌。並且重洗牌庫。","自分の山札からポケモンを3枚まで選び、相手に見せて、手札に加える。そして山札を切る。","Search your deck for up to 3 Pokémon, reveal them, and put them into your hand. Then, shuffle your deck."
"cmo1u7z8z29o15ueer32w9hlt","鋼鎧鴉","0823","attack","G","若對手的寶可夢因這個招式的傷害而【昏厥】了，則在下個對手的回合，這隻寶可夢不會受到招式的傷害與效果的影響。 | 選擇2個這隻寶可夢身上附加的能量，將其丟棄。","このワザのダメージで、相手のポケモンがきぜつしたなら、次の相手の番、このポケモンはワザのダメージや効果を受けない。 | このポケモンについているエネルギーを2個選び、トラッシュする。","If your opponent’s Pokémon is Knocked Out by damage from this attack, during your opponent’s next turn, prevent all damage from and effects of attacks done to this Pokémon. | Discard 2 Energy from this Pokémon."
"cmo1u7ppp1tb75ueethy1fpxc","浮潛鼬","0419","attack","I","選擇1個對手的戰鬥寶可夢身上附加的能量，將其丟棄。 | 在下個自己的回合，這隻寶可夢無法使用招式。","相手のバトルポケモンについているエネルギーを1個選び、トラッシュする。 | 次の自分の番、このポケモンはワザが使えない。","Discard an Energy from your opponent’s Active Pokémon. | During your next turn, this Pokémon can’t attack."
"cmo1u7pt91th95ueeh5s2oo3x","洛托姆","0479","attack","H","查看對手的手牌，將其中的「物品」卡與「寶可夢道具」卡全部丟棄。 | 造成對手的戰鬥寶可夢身上附加的能量的數量×20點傷害。","相手の手札を見て、その中にある「グッズ」と「ポケモンのどうぐ」を、すべてトラッシュする。 | 相手のバトルポケモンについているエネルギーの数×20ダメージ。","This attack does 20 damage for each Energy attached to your opponent’s Active Pokémon."
"cmo1u7puc1tj55ueektt08jh1","卡璞・鳴鳴","0785","attack","H","從自己的牌庫選擇最多2張【雷】寶可夢卡，在給對手看過後加入手牌。並且重洗牌庫。 | 若自己剩餘獎賞卡的張數，比對手剩餘獎賞卡的張數多，則增加90點傷害。","自分の山札からポケモンを2枚まで選び、相手に見せて、手札に加える。そして山札を切る。 | 自分のサイドの残り枚数が、相手のサイドの残り枚数より多いなら、90ダメージ追加。","If you have more Prize cards remaining than your opponent, this attack does 90 more damage."
"cmoa5yb0s35lfdt6l70tdotgq","故勒頓ex","1007","attack","H","增加這隻寶可夢身上放置的傷害指示物的數量×10點傷害。 | 這隻寶可夢也受到60點傷害。","","This attack does 10 more damage for each damage counter on this Pokémon. | This Pokémon also does 60 damage to itself."
"cmo1u7pvt1tlp5ueeowu6alez","火箭隊的催眠貘","0096","attack","I","將對手的戰鬥寶可夢【睡眠】。","相手のバトルポケモンをねむりにする。","Your opponent’s Active Pokémon is now Asleep."
"cmobmw5th1swc2pc7ipo82xjn","布魯皇","0210","attack","I","若對手的戰鬥寶可夢身上放置有傷害指示物，則增加90點傷害。","相手のバトルポケモンにダメカンがのっているなら、90ダメージ追加。","If your opponent’s Active Pokémon already has any damage counters on it, this attack does 90 more damage."
"cmo1u7pxz1tpe5ueesw7t30c5","死神棺","0563","attack","H","在雙方的所有擁有特性的寶可夢身上，各放置6個傷害指示物。","おたがいの特性を持つポケモン全員に、それぞれダメカンを6個のせる。",""
"cmo1u7pmk1t5v5uee72odlh62","紅蓮鎧騎ex","0936","attack","H","選擇1個這隻寶可夢身上附加的【火】能量，將其丟棄。","このポケモンについているエネルギーを1個選び、トラッシュする。",""
"cmo1u7z9m29p55uee5nf1qu19","請假王","0289","ability","G","在寶可夢檢查時，因這隻寶可夢的【睡眠】的擲硬幣次數改為2次，若沒有全部為正面則無法恢復。","ポケモンチェックのとき、このポケモンのねむりで投げるコインは2回になり、すべてオモテが出ないと回復しない。","If this Pokémon is Asleep, flip 2 coins instead of 1 during Pokémon Checkup. If either of them is tails, this Pokémon is still Asleep."
"cmo1u7q321ty45ueewkxds85j","頑皮熊貓","0674","attack","I","擲1次硬幣若為反面，則這個招式失敗。","コインを1回投げウラなら、このワザは失敗。","Flip a coin. If tails, this attack does nothing."
"cmo1u81yy2eb35uee7zng8gg1","拉普拉斯ex","0131","attack","H","只要這隻寶可夢在備戰區，不會受到招式的傷害。 | 造成這隻寶可夢身上附加的能量的數量×40點傷害。 | 查看自己的牌庫上方20張卡，從其中選擇任意數量的能量卡，以任意方式附於自己的寶可夢身上。將剩餘卡放回牌庫並重洗。","このポケモンについているエネルギーの数×40ダメージ。 | 自分の山札を上から20枚見て、その中からエネルギーを好きなだけ選び、自分のポケモンに好きなようにつける。残りのカードは山札にもどして切る。","This attack does 40 damage for each Energy attached to this Pokémon."
"cmp2dg0is2szr116cme2bq4ay","電擊獸","","attack","H","從自己的牌庫抽出1張卡。","自分の山札を1枚引く。",""
"cmo1u7q9w1u9q5uee2ne6yh58","席多藍恩","0485","attack","H","在下個自己的回合，這隻寶可夢無法使用招式。","次の自分の番、このポケモンはワザが使えない。","During your next turn, this Pokémon can’t attack."
"cmo1u7z7c29l85uees2geos55","戟脊龍","0998","ability","G","在自己的回合時，可不限次數使用。從自己的手牌選擇1張「基本【水】能量」卡，附於自己的寶可夢身上。","自分の番に何回でも使える。自分の手札から「基本エネルギー」を1枚選び、自分のポケモンにつける。","As often as you like during your turn, you may attach a Basic {W} Energy card from your hand to 1 of your Pokémon."
"cmo1u85732jrq5ueeye2ffu0a","破破舵輪","0781","attack","H","在下個對手的回合，受到這個招式的寶可夢無法撤退。","次の相手の番、このワザを受けたポケモンは、にげられない。","During your opponent’s next turn, the Defending Pokémon can’t retreat."
"cmp2dge0m3bsk116cn8yiik5f","烈焰馬","","attack","H","這隻寶可夢也受到30點傷害。","","This Pokémon also does 30 damage to itself."
"cmobmwaiy20g12pc7a1geuem2","飄浮泡泡 雨水的樣子","0351","ability","E","若自己的棄牌區有8張以上的「競技場」卡，則這隻寶可夢使用招式所需的能量全部消除。","自分のトラッシュに「スタジアム」が8枚以上あるなら、このポケモンがワザを使うためのエネルギーは、すべてなくなる。",""
"cmo1u7pqm1tcs5ueecxan4e8l","甲賀忍蛙ex","0658","attack","H","擲1次硬幣若為正面，則增加100點傷害。","コインを1回投げオモテなら、100ダメージ追加。","Flip a coin. If heads, this attack does 100 more damage."
"cmo1u7wri25d55uee4rcrs2sk","怒鸚哥","0931","attack","I","若希望，將對手的戰鬥寶可夢與備戰寶可夢互換。[由對手選擇放置於戰鬥場的寶可夢。]","のぞむなら、相手のバトルポケモンをベンチポケモンと入れ替える。［バトル場に出すポケモンは相手が選ぶ。］","You may switch out your opponent’s Active Pokémon to the Bench. (Your opponent chooses the new Active Pokémon.)"
"cmo1u7qhv1ung5ueex6g6xjnb","怒鸚哥","0931","attack","H","從自己的牌庫抽出2張卡。","自分の山札を2枚引く。","Draw 2 cards."
"cmo1u82082ecz5ueegbrig5yd","托戈德瑪爾","0777","attack","H","若自己剩餘獎賞卡的張數為1張，則將對手的戰鬥寶可夢【麻痺】。","自分のサイドの残り枚数が1枚なら、相手のバトルポケモンをマヒにする。","If you have exactly 1 Prize card remaining, your opponent’s Active Pokémon is now Paralyzed."
"cmo1u84t72j3u5uee11q106zq","故勒頓","1007","attack","H","若對手的戰鬥寶可夢為「寶可夢【ex】」，則增加70點傷害。","相手のバトルポケモンが「ポケモンex」なら、70ダメージ追加。","If your opponent’s Active Pokémon is a Pokémon {ex}, this attack does 70 more damage."
"cmo1u7yjh28g15uee55tyrx0h","海星星","0120","attack","G","這個招式的傷害不計算弱點・抵抗力與對手的戰鬥寶可夢身上的附加效果。","このワザのダメージは、弱点・抵抗力と、相手のバトルポケモンにかかっている効果を計算しない。","This attack’s damage isn’t affected by Weakness or Resistance, or by any effects on your opponent’s Active Pokémon."
"cmobmwafr20ar2pc7vy3giou2","藏瑪然特V","0889","ability","E","只要這隻寶可夢在場上，自己的所有【鬥】寶可夢，受到對手的「寶可夢【VMAX】」招式的傷害「-20」點。無論有多少隻擁有這個特性的寶可夢，這個效果也不會重複。","このポケモンがいるかぎり、自分のポケモン全員が、相手の「ポケモンVMAX」から受けるワザのダメージは「-20」される。この効果は、この特性を持つポケモンが何匹いても、重ならない。",""
"cmobmw71n1uv12pc7yn2eu7mv","貓鼬斬ex","0335","attack","J","從自己的牌庫抽出2張卡。 | 這隻寶可夢也受到30點傷害。","自分の山札を2枚引く。 | このポケモンにも30ダメージ。","Draw 2 cards. | This Pokémon also does 30 damage to itself."
"cmo1u7qgc1uks5uee81miap4n","超級差不多娃娃ex","0531","attack","J","擲3次硬幣，從自己的牌庫選擇最多與正面出現的次數×2張相同數量的基本能量卡，以任意方式附於自己的寶可夢身上。並且重洗牌庫。 | 增加對手的戰鬥寶可夢身上附加的能量的數量×80點傷害。","コインを3回投げ、オモテの数×2枚ぶんまで、自分の山札から基本エネルギーを選び、自分のポケモンに好きなようにつける。そして山札を切る。 | 相手のバトルポケモンについているエネルギーの数×80ダメージ追加。","This attack does 80 more damage for each Energy attached to your opponent’s Active Pokémon."
"cmo1u81tc2e1l5ueeq05xqn3k","大嘴蝠","0042","attack","H","在下個自己的回合，這隻寶可夢無法使用招式。","次の自分の番、このポケモンはワザが使えない。","During your next turn, this Pokémon can’t attack."
"cmo1u83ra2hai5ueeybtachly","愛吃豚","0915","attack","G","從自己的牌庫抽出1張卡。","自分の山札を1枚引く。",""
"cmoa5yinr3htidt6lmq33euvx","夢幻ex","0151","ability","G","在自己的回合時可使用1次。從牌庫抽卡直到自己的手牌滿3張為止。","","Once during your turn, you may draw cards until you have 3 cards in your hand."
"cmo1u83sd2hca5uee36fzun63","蘑蘑菇","0285","attack","G","將這隻寶可夢恢復「10」HP。","このポケモンのHPを「10」回復する。",""
"cmo1u7qhd1umk5uee5t8d6swi","智揮猩","0765","attack","H","在下個自己的回合結束前，受到這個招式的寶可夢弱點改爲【無】屬性。[弱點以「×2」計算傷害。]","次の自分の番の終わりまで、このワザを受けたポケモンの弱点はタイプになる。［弱点は「×2」でダメージ計算をする。］",""
"cmo1u7qi01uno5ueesf3bq3bd","鐵脖頸","0993","ability","H","這隻寶可夢在戰鬥場受到對手的寶可夢招式的傷害時，在使用招式的寶可夢身上放置3個傷害指示物。","このポケモンが、バトル場で相手のポケモンからワザのダメージを受けたとき、ワザを使ったポケモンにダメカンを3個のせる。","If this Pokémon is in the Active Spot and is damaged by an attack from your opponent’s Pokémon (even if this Pokémon is Knocked Out), put 3 damage counters on the Attacking Pokémon."
"cmo1u822k2egw5ueeqmx6sleq","美錄梅塔","0809","attack","H","在造成傷害前，將這隻寶可夢身上附加的「寶可夢道具」卡丟棄。若無法丟棄，則這個招式失敗。","ダメージを与える前に、このポケモンについている「ポケモンのどうぐ」をトラッシュする。トラッシュできないなら、このワザは失敗。","Before doing damage, discard all Pokémon Tools from this Pokémon. If you can’t discard any, this attack does nothing."
"cmo1u7ov71ruu5uee4vhfyv3q","狙射樹梟ex","0724","ability","J","若對手的手牌為4張，則這隻寶可夢使用招式所需的【無】能量全部消除。","相手の手札が4枚なら、このポケモンはワザを使うためのエネルギーが、すべてなくなる。","If your opponent has exactly 4 cards in their hand, ignore all {C} Energy in the costs of attacks used by this Pokémon."
"cmo1u7qfy1uk45ueeas6wykii","東施喵","0432","attack","H","擲1次硬幣若為正面，則在下個對手的回合，這隻寶可夢不會受到招式的傷害與效果的影響。","コインを1回投げオモテなら、次の相手の番、このポケモンはワザのダメージや効果を受けない。","Flip a coin. If heads, during your opponent’s next turn, prevent all damage from and effects of attacks done to this Pokémon."
"cmo1u83u82hfj5uee80b18u6j","狂歡浪舞鴨","0914","ability","G","在自己的回合時可使用1次。從自己的手牌選擇1張基本能量卡，附於自己的寶可夢身上。","自分の番に1回使える。自分の手札から基本エネルギーを1枚選び、自分のポケモンにつける。","Once during your turn, you may attach a Basic Energy card from your hand to 1 of your Pokémon."
"cmo1u856l2jqu5ueeniqvk79y","阿羅拉 嘎啦嘎啦","0105","attack","H","在上個對手的回合，若自己的寶可夢因招式的傷害而【昏厥】了，則增加90點傷害。","前の相手の番に、ワザのダメージで、自分のポケモンがきぜつしていたなら、90ダメージ追加。","If any of your Pokémon were Knocked Out by damage from an attack during your opponent’s last turn, this attack does 90 more damage."
"cmo1u7p361s8h5ueep50jvivg","章魚桶","0224","attack","J","在下個對手的回合，受到這個招式的寶可夢使用招式時，對手擲2次硬幣。只要出現1次反面，則那個招式失敗。 | 將這隻寶可夢【混亂】。","次の相手の番、このワザを受けたポケモンがワザを使うとき、相手はコインを2回投げる。1回でもウラなら、そのワザは失敗。 | このポケモンをこんらんにする。",""
"cmo1u823j2ei85ueezzqajv7m","小箭雀","0661","attack","H","將對手的戰鬥寶可夢與備戰寶可夢互換。[由對手選擇放置於戰鬥場的寶可夢。]","相手のバトルポケモンをベンチポケモンと入れ替える。［バトル場に出すポケモンは相手が選ぶ。］","Switch out your opponent’s Active Pokémon to the Bench. (Your opponent chooses the new Active Pokémon.)"
"cmo1u85b12jyn5ueeit7p53zx","貪心栗鼠","0819","attack","H","從自己的牌庫抽出1張卡。","自分の山札を1枚引く。","Draw a card."
"cmo1u7pzj1ts35uee775kiyci","長毛巨魔","0861","attack","H","造成對手的戰鬥寶可夢【撤退】所需的能量的數量×50點傷害。","相手のバトルポケモンのにげるためのエネルギーの数×50ダメージ。","This attack does 50 damage for each {C} in your opponent’s Active Pokémon’s Retreat Cost."
"cmo1u85602jpu5ueeggsikhc9","皮卡丘ex","0025","attack","G","這隻寶可夢也受到30點傷害。","このポケモンにも30ダメージ。","This Pokémon also does 30 damage to itself."
"cmo1u7poe1t8z5ueedj4bbjop","水君","0245","attack","H","對手的1隻備戰寶可夢也受到30點傷害。[在備戰區不計算弱點・抵抗力。]","相手のベンチポケモン1匹にも、30ダメージ。［ベンチは弱点・抵抗力を計算しない。］","This attack also does 30 damage to 1 of your opponent’s Benched Pokémon. (Don’t apply Weakness and Resistance for Benched Pokémon.)"
"cmo1u7psq1tgc5ueedoo3zlbe","閃電鳥","0145","attack","H","擲1次硬幣若為正面，則將對手的戰鬥寶可夢【麻痺】。 | 將這隻寶可夢身上附加的能量卡全部丟棄。","コインを1回投げオモテなら、相手のバトルポケモンをマヒにする。 | このポケモンについているエネルギーを、すべてトラッシュする。","Discard all Energy from this Pokémon."
"cmo1u7pu91tj15ueeisa30gup","托戈德瑪爾","0777","attack","H","擲1次硬幣若為正面，則在下個對手的回合，這隻寶可夢不會受到招式的傷害與效果的影響。","コインを1回投げオモテなら、次の相手の番、このポケモンはワザのダメージや効果を受けない。","Flip a coin. If heads, during your opponent’s next turn, prevent all damage from and effects of attacks done to this Pokémon."
"cmo1u7xzk27hz5uee3yd433ss","咚咚鼠","0702","attack","G","擲1次硬幣若為正面，則選擇1個對手的戰鬥寶可夢身上附加的能量，將其丟棄。","コインを1回投げオモテなら、相手のバトルポケモンについているエネルギーを1個選び、トラッシュする。",""
"cmo1u7z8n29nh5ueegylthdl2","帕底亞 烏波","0942","attack","H","擲1次硬幣若為正面，則增加20點傷害。","コインを1回投げオモテなら、20ダメージ追加。","Flip a coin. If heads, this attack does 20 more damage."
"cmo1u85hw2kah5ueelo9ckrvc","<大吾的>小碎鑽","0703","ability","I","只要這隻寶可夢在備戰區，自己的所有「大吾的寶可夢」受到對手的寶可夢招式的傷害「-30」點。無論有多少隻擁有這個特性的寶可夢，這個效果也不會重複。","このポケモンがベンチにいるかぎり、自分の「ダイゴのポケモン」全員が、相手のポケモンから受けるワザのダメージは「-30」される。この効果は、この特性を持つポケモンが何匹いても、重ならない。","As long as this Pokémon is on your Bench, all of your Steven’s Pokémon take 30 less damage from attacks from your opponent’s Pokémon (after applying Weakness and Resistance). The effect of Stone Palace doesn’t stack."
"cmo1u85i02kap5ueety8zki7d","<大吾的>鐵啞鈴","0374","attack","I","對手的2隻寶可夢各受到50點傷害。[在備戰區不計算弱點・抵抗力。]","",""
"cmo1u81yo2ean5ueejd31eu99","爆焰龜獸","0776","attack","H","將對手的戰鬥寶可夢【灼傷】。在下個對手的回合，受到這個招式的寶可夢無法撤退。 | 這隻寶可夢也受到60點傷害。","相手のバトルポケモンをやけどにする。次の相手の番、このワザを受けたポケモンは、にげられない。 | このポケモンにも60ダメージ。","Your opponent’s Active Pokémon is now Burned. During your opponent’s next turn, that Pokémon can’t retreat. | This Pokémon also does 60 damage to itself."
"cmobmw7rc1w102pc7gqz0p4oi","其他冰伊布VSTAR","0471","attack","F","在下個對手的回合，受到這個招式的寶可夢無法撤退。 | 在下個對手的回合，這隻寶可夢不會受到招式的傷害與效果的影響。[對戰中，己方只可使用1次【VSTAR】力量。] | 寶可夢【VSTAR】【氣絕】時，對手獲得2張獎賞卡。","次の相手の番、このワザを受けたポケモンは、にげられない。",""
"cmobmwa5d1ztp2pc7v2rqnh2o","其他代歐奇希斯VSTAR","0386","attack","F","對手的備戰區的1隻「寶可夢【V】」也受到60點傷害。[在備戰區不計算弱點・抵抗力。] | 造成雙方的戰鬥寶可夢身上附加的能量的數量×60點傷害。[對戰中，己方只可使用1次【VSTAR】力量。] | 寶可夢【VSTAR】【氣絕】時，對手獲得2張獎賞卡。","相手のベンチの「ポケモンV」1匹にも、60ダメージ。［ベンチは弱点・抵抗力を計算しない。］",""
"cmobmw9ot1z4c2pc7xhyh1s99","洗翠 大劍鬼V","0503","attack","F","選擇最多2張對手的場上寶可夢身上附加的「寶可夢道具」卡，將其丟棄。 | 選擇1個這隻寶可夢身上附加的能量，將其丟棄。 | 寶可夢【V】【氣絕】時，對手獲得2張獎賞卡。","相手の場のポケモンについている「ポケモンのどうぐ」を2枚まで選び、トラッシュする。 | このポケモンについているエネルギーを1個選び、トラッシュする。",""
"cmo1u6wsv0fss5ueex87zqvio","火伊布","0136","ability","D","若這隻寶可夢身上附有「回憶膠囊」，則雙方的場上【草】寶可夢的特性全部消除。","このポケモンに「メモリーカプセル」がついているなら、おたがいの場のポケモンの特性は、すべてなくなる。","If this Pokémon has a Memory Capsule attached, {G} Pokémon in play (both yours and your opponent’s) have no Abilities."
"cmo1u6wrz0fr85ueev4e60v6b","烈箭鷹V","0663","attack","D","這個招式在先攻玩家的最初回合也可使用。將自己的手牌全部丟棄，從牌庫抽出6張卡。 | 選擇1個這隻寶可夢身上附加的能量，將其丟棄。 | 寶可夢【V】【氣絕】時，對手獲得2張獎賞卡。","このワザは、先攻プレイヤーの最初の番でも使える。自分の手札をすべてトラッシュし、山札を6枚引く。 | このポケモンについているエネルギーを1個選び、トラッシュする。",""
"cmo1u85ht2kad5ueeyxu8j8iw","<大吾的>念力土偶","0344","attack","I","將對手的戰鬥寶可夢【混亂】。 | 將這隻寶可夢身上附加的能量卡全部丟棄。","相手のバトルポケモンをこんらんにする。 | このポケモンについているエネルギーを、すべてトラッシュする。","Your opponent’s Active Pokémon is now Confused. | Discard all Energy from this Pokémon."
"cmo1u6wsf0fs05uee0ohhc8cf","雙刃丸","0502","attack","D","若希望，選擇1個對手的戰鬥寶可夢身上附加的能量，放回對手的手牌。","のぞむなら、相手のバトルポケモンについているエネルギーを1個選び、相手の手札にもどす。",""
"cmo1u6wul0fvt5ueed6nzt0bm","霜奶仙","0869","ability","D","在自己的回合，當從手牌使出這張卡並完成進化時，可使用1次。雙方玩家各從牌庫抽出1張卡。","自分の番に、このカードを手札から出して進化させたとき、1回使える。おたがいのプレイヤーは、それぞれ山札を1枚引く。","When you play this Pokémon from your hand to evolve 1 of your Pokémon during your turn, you may have each player draw a card."
"cmo1u6wun0fvx5ueehurcsjau","腕力","0066","attack","D","擲1次硬幣若為正面，則增加40點傷害。","コインを1回投げオモテなら、40ダメージ追加。",""
"cmo1u6wv10fwl5ueet1bu7qtj","頓甲","0232","attack","D","自己的所有備戰寶可夢也各受到20點傷害。[在備戰區不計算弱點・抵抗力。]","自分のベンチポケモン全員にも、それぞれ20ダメージ。［ベンチは弱点・抵抗力を計算しない。］","This attack also does 20 damage to each of your Benched Pokémon. (Don’t apply Weakness and Resistance for Benched Pokémon.)"
"cmo1u6wvf0fx95ueey1vi7v0e","八爪武師","0853","attack","D","在下個對手的回合，受到這個招式的寶可夢無法撤退。 | 在上個自己的回合，若這隻寶可夢使用了「鎖頭」，則增加120點傷害。","次の相手の番、このワザを受けたポケモンは、にげられない。 | 前の自分の番、このポケモンが「ヘッドロック」を使っていたなら、120ダメージ追加。",""
"cmo1u6wvk0fxh5ueeuq53pzma","大狼犬","0262","attack","D","在下個對手的回合，受到這個招式的寶可夢使用招式的傷害「-50」點。","次の相手の番、このワザを受けたポケモンが使うワザのダメージは「-50」される。","During your opponent’s next turn, the Defending Pokémon’s attacks do 50 less damage (before applying Weakness and Resistance)."
"cmo1u6wvr0fxt5uee5j5qftt7","勾魂眼","0302","attack","D","從自己的牌庫抽出1張卡。 | 選擇對手的戰鬥寶可夢持有的1個招式。在下個對手的回合，受到這個招式的寶可夢無法使用被選擇的招式。","自分の山札を1枚引く。 | 相手のバトルポケモンが持っているワザを1つ選ぶ。次の相手の番、このワザを受けたポケモンは、選ばれたワザが使えない。","Draw a card. | Choose 1 of your opponent’s Active Pokémon’s attacks. During your opponent’s next turn, that Pokémon can’t use that attack."
"cmo1u6ww90fyp5uee3lcyn7ha","龍頭地鼠","0530","attack","D","選擇1個對手的戰鬥寶可夢身上附加的能量，將其丟棄。","相手のバトルポケモンについているエネルギーを1個選び、トラッシュする。","Discard an Energy from your opponent’s Active Pokémon."
"cmo1u6wwn0fzd5ueemngn881i","鋁鋼龍","0884","attack","D","增加這隻寶可夢身上放置的傷害指示物的數量×10點傷害。 | 選擇1個這隻寶可夢身上附加的能量，將其丟棄。","このポケモンにのっているダメカンの数×10ダメージ追加。 | このポケモンについているエネルギーを1個選び、トラッシュする。",""
"cmo1u6wgx0f7x5uee8y2ekft2","雷鳥龍","0880","attack","D","在下個自己的回合，這隻寶可夢「衝天電流」的傷害「+90」點。 | 在下個自己的回合，這隻寶可夢無法使用招式。","次の自分の番、このポケモンの「アッパーでんりゅう」のダメージは「+90」される。 | 次の自分の番、このポケモンはワザが使えない。",""
"cmo1u6w0a0eev5ueesm234p87","鬼斯通","0093","attack","D","將對手的戰鬥寶可夢【睡眠】。","相手のバトルポケモンをねむりにする。",""
"cmo1u6wcc0ezv5uee686fxaut","來悲茶","0854","attack","D","在對手的戰鬥寶可夢身上放置2個傷害指示物。","相手のバトルポケモンに、ダメカンを2個のせる。",""
"cmo1u6wti0ftw5ueem64e9bgu","閃電鳥","0145","attack","D","將這隻寶可夢身上附加的能量全部丟棄，對手的1隻「寶可夢【V】・【GX】」受到160點傷害。[在備戰區不計算弱點・抵抗力。]","このポケモンについているエネルギーをすべてトラッシュし、相手の「ポケモンV・GX」1匹に、160ダメージ。［ベンチは弱点・抵抗力を計算しない。］","Discard all Energy from this Pokémon, and this attack does 160 damage to 1 of your opponent’s Pokémon {V} or Pokémon-{GX}. (Don’t apply Weakness and Resistance for Benched Pokémon.)"
"cmo1u6x680gfk5ueed6b7kswg","伊裴爾塔爾","0717","attack","D","將對手的戰鬥寶可夢【氣絕】。","相手のバトルポケモンをきぜつさせる。",""
"cmo1u6xkh0h4d5ueezon53zxn","毒刺水母","0073","attack","E","將對手的戰鬥寶可夢【中毒】。在下個對手的回合，受到這個招式的寶可夢無法撤退。","相手のバトルポケモンをどくにする。次の相手の番、このワザを受けたポケモンは、にげられない。","Your opponent’s Active Pokémon is now Poisoned. During your opponent’s next turn, that Pokémon can’t retreat."
"cmo1u6xko0h4p5ueeao65mgqh","千面避役","0818","ability","E","在自己的回合時，可使用1次。在對手的1隻寶可夢身上放置2個傷害指示物。","自分の番に1回使える。相手のポケモン1匹に、ダメカンを2個のせる。",""
"cmo1u6xlg0h615ueesumaqrti","提布莉姆","0857","attack","E","將這隻寶可夢恢復「30」HP。","このポケモンのHPを「30」回復する。",""
"cmo1u6xlu0h6p5uee6441n8w7","地鼠","0050","attack","E","擲1次硬幣若為正面，則在下個對手的回合，這隻寶可夢不會受到招式的傷害與效果的影響。","コインを1回投げオモテなら、次の相手の番、このポケモンはワザのダメージや効果を受けない。",""
"cmo1u6xmb0h7h5ueed32l2jrj","投擲猴","0766","ability","E","只要這隻寶可夢在場上，自己的「連擊」寶可夢使用的招式，對對手的備戰區的「寶可夢【V】・【GX】」造成的傷害「+30」點。無論有多少隻擁有這個特性的寶可夢，這個效果也不會重複。","このポケモンがいるかぎり、自分の「れんげき」のポケモンが使うワザの、相手のベンチの「ポケモンV・GX」へのダメージは「+30」される。この効果は、この特性を持つポケモンが何匹いても、重ならない。","Your Rapid Strike Pokémon’s attacks do 30 more damage to your opponent’s Benched Pokémon {V} and Benched Pokémon-{GX} (before applying Weakness and Resistance). You can’t apply more than 1 Throwing Coach Ability at a time."
"cmo1u6xml0h7x5uee8tg3tfc6","伽勒爾 呆呆王V","0199","attack","E","將自己的1張手牌丟棄。然後，從自己的牌庫抽出3張卡。 | 在下個對手的回合結束時，受到這個招式的寶可夢會【氣絕】。 | 寶可夢【V】【氣絕】時，對手獲得2張獎賞卡。","自分の手札を1枚トラッシュする。その後、自分の山札を3枚引く。 | 次の相手の番の終わりに、このワザを受けたポケモンはきぜつする。",""
"cmo1u7nax1p5p5ueeny87ebn1","潤水鴨","0912","attack","H","擲1次硬幣若為正面，則增加20點傷害。","コインを1回投げオモテなら、20ダメージ追加。","Flip a coin. If heads, this attack does 20 more damage."
"cmo1u6tc709r15uee7sltnc45","帝王拿波V","0395","ability","E","只要這隻寶可夢在戰鬥場上，對手場上的【基礎】寶可夢（「擁有規則的寶可夢」除外）的特性全部消除。","このポケモンがバトル場にいるかぎり、相手の場のたねポケモン（「ルールを持つポケモン」をのぞく）の特性は、すべてなくなる。",""
"cmo1u8shr3oav5ueefbk8evw5","鳳王","0250","attack","H","若自己的備戰區有「太晶」寶可夢，則增加100點傷害。","","If you have any Tera Pokémon on your Bench, this attack does 100 more damage."
"cmo1u6y0y0hv65uee3nlxgwgr","滴蛛霸","0752","attack","E","選擇1個這隻寶可夢身上附加的能量，改附於備戰寶可夢身上。","このポケモンについているエネルギーを1個選び、ベンチポケモンにつけ替える。",""
"cmo1u6y150hvi5ueecfve4m9z","幼棉棉","0829","attack","E","將這隻寶可夢恢復「10」HP。","このポケモンのHPを「10」回復する。",""
"cmo1u7z3729e35uee4s1l4t42","一對鼠","0924","attack","G","從自己的牌庫抽出2張卡。","自分の山札を2枚引く。","Draw 2 cards."
"cmo1u6y1s0hwm5ueez1wj4u9h","巨沼怪","0260","ability","E","在自己的回合時，可使用1次。從自己的手牌選擇1張【水】或者【鬥】能量卡，附於自己的寶可夢身上。","自分の番に1回使える。自分の手札からまたはエネルギーを1枚選び、自分のポケモンにつける。",""
"cmo1u6y1x0hwu5ueezpdyhvsh","冰伊布V","0471","attack","E","從自己的牌庫選擇1張從這隻寶可夢進化而來的卡，放置於這隻寶可夢身上完成進化。並且重洗牌庫。 | 將場上的競技場卡丟棄。 | 寶可夢【V】【氣絕】時，對手獲得2張獎賞卡。","このポケモンから進化するカードを、自分の山札から1枚選び、このポケモンにのせて進化させる。そして山札を切る。 | 場に出ているスタジアムをトラッシュする。",""
"cmo1u8sjo3oe45ueeas369smy","自爆磁怪","0462","attack","G","若希望，將對手的戰鬥寶可夢與備戰寶可夢互換。[由對手選擇放置於戰鬥場的寶可夢。] | 這隻寶可夢也受到30點傷害。","","You may switch out your opponent’s Active Pokémon to the Bench. (Your opponent chooses the new Active Pokémon.) | This Pokémon also does 30 damage to itself."
"cmo1u83rd2ham5uee60w9ax77","纏紅鶴","0973","attack","G","這隻寶可夢也受到20點傷害。","このポケモンにも20ダメージ。",""
"cmo1u6y240hx65ueecfoopw4q","其他冰伊布VMAX","0471","ability","E","這隻寶可夢不會受到對手的「寶可夢【VMAX】」（「冰伊布【VMAX】」 除外）招式的傷害。","このポケモンは、相手の「ポケモンVMAX」（「グレイシアVMAX」をのぞく）からワザのダメージを受けない。",""
"cmo1u6y2o0hy65ueen4jpohml","麻麻鰻魚王","0604","attack","E","在這個回合，若這隻寶可夢從「麻麻鰻」進化，則將對手的戰鬥寶可夢【麻痺】。 | 這隻寶可夢也受到30點傷害。","この番、このポケモンが「シビビール」から進化していたなら、相手のバトルポケモンをマヒにする。 | このポケモンにも30ダメージ。","If this Pokémon evolved from Eelektrik during this turn, your opponent’s Active Pokémon is now Paralyzed. | This Pokémon also does 30 damage to itself."
"cmp2dg10m2tp4116cbz7onz9p","索財靈","","attack","H","從自己的牌庫選擇最多2張基本能量卡，在給對手看過後加入手牌。並且重洗牌庫。","自分の山札から基本エネルギーを2枚まで選び、相手に見せて、手札に加える。そして山札を切る。",""
"cmobmwzor34od2pc7vp2rvzl5","飛天螳螂","0123","attack","H","在下個自己的回合，這隻寶可夢無法使用「猛擊在地」。","","During your next turn, this Pokémon can’t use Slashing Strike."
"cmobmx0ju362n2pc7styfp44j","巨鉗螳螂ex","0212","attack","H","在下個對手的回合，這隻寶可夢受到招式的傷害「-50」點。 | 將最多2張這隻寶可夢身上附加的【鋼】能量卡丟棄，造成其張數×120點傷害。","","During your opponent’s next turn, this Pokémon takes 50 less damage from attacks (after applying Weakness and Resistance). | Discard up to 2 {M} Energy from this Pokémon. This attack does 120 damage for each card you discarded in this way."
"cmo1u6y6f0i4r5uee1gvyaklv","甜舞妮","0762","attack","E","若希望，選擇1個對手的戰鬥寶可夢身上附加的能量，改附於對手的備戰寶可夢身上。","コインを1回投げオモテなら、30ダメージ追加。",""
"cmo1u6vrz0e095ueegley2rpi","多龍奇","0886","attack","D","從自己的牌庫選擇1張「多龍梅西亞」卡，放置於備戰區。並且重洗牌庫。","自分の山札から「ドラメシヤ」を1枚選び、ベンチに出す。そして山札を切る。",""
"cmo1u6y6v0i5j5ueefs4vkain","薩戮德","0893","ability","E","在自己的回合時，可使用1次。從自己的手牌選擇1張【超】能量卡，附於自己的備戰區的【超】寶可夢身上。然後，從自己的牌庫抽出2張卡。","",""
"cmo1u6y6m0i535ueeu3vx3mvu","騰蹴小將","0814","ability","E","只要這隻寶可夢在戰鬥場上，對手的戰鬥寶可夢【撤退】所需的能量增加2個。","",""
"cmo1u6y700i5r5uee1ueb21o7","飄浮泡泡 雪雲的樣子","0351","ability","E","只要這隻寶可夢在場上，自己的場上的，名稱中有「雙彈瓦斯」的寶可夢身上附加的基本【惡】能量，各視為提供2個【惡】能量。無論有多少隻擁有這個特性的寶可夢，這個效果也不會重複。","自分のトラッシュに「スタジアム」が8枚以上あるなら、このポケモンがワザを使うためのエネルギーは、すべてなくなる。",""
"cmobmxe183rty2pc7xe2j5t2h","大牙狸","0399","ability","F","只要這隻寶可夢在備戰區，不會受到招式的傷害。","","As long as this Pokémon is on your Bench, prevent all damage done to this Pokémon by attacks (both yours and your opponent’s)."
"cmobmxe1b3ru22pc7krx71ucp","大尾狸","0400","ability","F","在自己的回合時可使用1次。從牌庫抽卡直到自己的手牌滿5張為止。","","Once during your turn, you may draw cards until you have 5 cards in your hand."
"cmo1u6tcj09rl5ueecojnytg0","雪童子","0361","attack","E","擲1次硬幣若為正面，則將對手的戰鬥寶可夢【麻痺】。","",""
"cmobmxe2f3rvv2pc7yh3yguvg","薩戮德V","0893","attack","F","對手的1隻備戰寶可夢也受到30點傷害。[在備戰區不計算弱點・抵抗力。] | 若對手的戰鬥寶可夢為「寶可夢【V】」，則增加120點傷害。","","This attack also does 30 damage to 1 of your opponent’s Benched Pokémon. (Don’t apply Weakness and Resistance for Benched Pokémon.) | If your opponent’s Active Pokémon is a Pokémon {V}, this attack does 120 more damage."
"cmo1u8shd3oa75uee7ne1zrw8","瑪力露麗","0184","ability","H","若自己的場上有「太晶」寶可夢，則這隻寶可夢使用「‌‌捨身衝撞」所需的能量，改為1個【超】能量。","","If you have any Tera Pokémon in play, this Pokémon can use the Double-Edge attack for {P}."
"cmo1u6y7n0i6w5ueeu3zxyzy5","帝牙海獅","0365","attack","E","在下個自己的回合，這隻寶可夢無法使用招式。","このポケモンについているエネルギーを2個トラッシュし、相手のバトルポケモンをマヒにする。",""
"cmo1u6y7j0i6o5ueeru3b98i3","白馬蕾冠王V","0898","ability","E","這隻寶可夢的屬性改為與這隻寶可夢身上附加的基本能量相同。（若身上附加的基本能量屬性有2種以上，則改為各自屬性。）","",""
"cmo1u6y7y0i7g5ueefcx5s1ry","催眠貘","0096","attack","E","從自己的棄牌區選擇1張「寶可夢道具」卡，在給對手看過後加入手牌。","",""
"cmo1u6y880i7w5ueemrk6k9rq","怨影娃娃","0353","attack","E","寶可夢道具卡，附於自己的寶可夢使用。1隻寶可夢只可附上1張寶可夢道具卡，並且保持附加狀態。 | 附有這張卡的「連擊」寶可夢，可使用這張卡上寫的招式。[需要有足夠使用招式的能量。]  雷●　飯綱墜擊　10+ 增加對手的戰鬥寶可夢身上附加的能量的數量×50點傷害。 | 在自己的回合時，物品卡可不限張數使用。","",""
"cmo1u6ya00ib05ueeg6cxd9pe","其他龍捲雲VMAX","0641","attack","E","若場上有競技場卡，則增加120點傷害。然後，將那張競技場卡丟棄。 | 寶可夢【VMAX】【氣絕】時，對手獲得3張獎賞卡。","場にスタジアムが出ているなら、120ダメージ追加。その後、そのスタジアムをトラッシュする。",""
"cmo1u6ybi0idl5ueegyze4qbc","其他時拉比VMAX","0251","attack","E","從自己的牌庫選擇最多2張寶可夢卡，在給對手看過後加入手牌。並且重洗牌庫。 | 寶可夢【VMAX】【氣絕】時，對手獲得3張獎賞卡。","自分の山札からポケモンを2枚まで選び、相手に見せて、手札に加える。そして山札を切る。",""
"cmobmx06635gj2pc7ga9iwk26","捷拉奧拉","0807","attack","H","擲1次硬幣若為正面，則將對手的戰鬥寶可夢【麻痺】。 | 選擇1個這隻寶可夢身上附加的能量，將其丟棄。","","Flip a coin. If heads, your opponent’s Active Pokémon is now Paralyzed. | Discard an Energy from this Pokémon."
"cmo1u6ydy0ihu5uee2brokc0k","好勝毛蟹","0740","attack","E","擲2次硬幣，造成正面出現的次數×90點傷害。","コインを2回投げ、オモテの数×90ダメージ。",""
"cmobmw9k11ywt2pc7w4o9yor2","炎帝V","0244","ability","F","若這隻寶可夢在戰鬥場上，則在自己的回合時可使用1次。從自己的牌庫抽出1張卡。","このポケモンがバトル場にいるなら、自分の番に1回使える。自分の山札を1枚引く。",""
"cmo1u6yeo0ij25uee9naqc8bh","變隱龍","0352","ability","E","這隻寶可夢的屬性改為與這隻寶可夢身上附加的基本能量相同。（若身上附加的基本能量屬性有2種以上，則改為各自屬性。）","このポケモンは、このポケモンについている基本エネルギーと同じタイプになる。（2種類以上のタイプの基本エネルギーがついているなら、それぞれのタイプになる。）","This Pokémon is the same type as any basic Energy attached to it. (If it has 2 or more different types of basic Energy attached, this Pokémon is each of those types.)"
"cmo1u6yev0ije5ueemtju6jk6","小箭雀","0661","attack","E","從自己的牌庫抽出1張卡。若在後攻玩家的最初回合使用，則再抽出3張卡。 | 擲1次硬幣若為反面，則這個招式失敗。","自分の山札を1枚引く。後攻プレイヤーの最初の番なら、さらに3枚引く。 | コインを1回投げウラなら、このワザは失敗。","Draw a card. If you go second and it’s your first turn, draw 3 more cards. | Flip a coin. If tails, this attack does nothing."
"cmo1u6yf40iju5ueey0wo94ek","藏飽栗鼠","0820","ability","E","只要這隻寶可夢在場上，自己的寶可夢身上附加的能量，不會受到對手的物品或者支援者的效果影響而丟棄與放回手牌或牌庫。","このポケモンがいるかぎり、自分のポケモンについているエネルギーは、相手のグッズまたはサポートによる、トラッシュする効果と手札や山札にもどす効果を受けない。","Energy attached to your Pokémon can’t be put into your hand, deck, or discard pile by an effect of your opponent’s Item or Supporter cards."
"cmo1u6v4f0cv15uee356bz4qb","水君V","0245","ability","E","若這隻寶可夢在戰鬥場上，則在自己的回合時可使用1次。從自己的牌庫抽出1張卡。","このポケモンがバトル場にいるなら、自分の番に1回使える。自分の山札を1枚引く。",""
"cmo1u6ygp0imm5ueeqst2q3xq","蓮葉童子","0270","attack","E","從自己的牌庫選擇最多2張【基礎】寶可夢卡，放置於備戰區。並且重洗牌庫。","自分の山札からたねポケモンを2枚まで選び、ベンチに出す。そして山札を切る。","Search your deck for up to 2 Basic Pokémon and put them onto your Bench. Then, shuffle your deck."
"cmo1u6ygv0imv5ueel9js44as","冷水猿","0516","attack","E","將對手的戰鬥寶可夢【睡眠】。 | 查看對手的手牌，造成其中支援者卡的張數×60點傷害。","相手のバトルポケモンをねむりにする。 | 相手の手札を見て、その中にあるサポートの枚数×60ダメージ。","Your opponent’s Active Pokémon is now Asleep. | Your opponent reveals their hand. This attack does 60 damage for each Supporter card you find there."
"cmo1u6ygz0in35ueeya467o9j","胖丁","0039","attack","E","造成自己的備戰區的，持有「一同滾動」招式的寶可夢的數量×20點傷害。","自分のベンチの、ワザ「みんなでころがる」を持つポケモンの数×20ダメージ。","This attack does 20 damage for each of your Benched Pokémon that has the Let’s All Rollout attack."
"cmo1u6v6n0cyy5uee408l7u22","南瓜精","0710","ability","E","在自己的回合，當從手牌將這張卡放置於備戰區時，可使用1次。將場上的競技場卡丟棄。","自分の番に、このカードを手札からベンチに出したとき、1回使える。場に出ているスタジアムをトラッシュする。","When you play this Pokémon from your hand onto your Bench during your turn, you may discard a Stadium in play."
"cmo1u6yhw0ion5ueepuu7vd9q","天蠍王","0472","attack","E","選擇1個對手的戰鬥寶可夢身上附加的能量，將其丟棄。 | 將對手的戰鬥寶可夢【中毒】。","相手のバトルポケモンについているエネルギーを1個選び、トラッシュする。 | 相手のバトルポケモンをどくにする。","Discard an Energy from your opponent’s Active Pokémon. | Your opponent’s Active Pokémon is now Poisoned."
"cmo1u6yh50inb5uee4ce07yru","胖可丁","0040","attack","E","從自己的牌庫任意選擇最多2張卡加入手牌。並且重洗牌庫。","自分の山札から好きなカードを2枚まで選び、手札に加える。そして山札を切る。","Search your deck for up to 2 cards and put them into your hand. Then, shuffle your deck."
"cmo1u80su2cc25ueeghp0vzv9","溜溜糖球","0283","attack","G","擲3次硬幣，造成正面出現的次數×10點傷害。","コインを3回投げ、オモテの数×10ダメージ。",""
"cmo1u82au2ete5ueecum03sss","青綿鳥","0333","attack","H","將對手的戰鬥寶可夢【混亂】。","相手のバトルポケモンをこんらんにする。","Your opponent’s Active Pokémon is now Confused."
"cmo1u7pgt1svx5uee9ewiggzt","強顎雞母蟲","0736","attack","H","擲1次硬幣若為正面，則增加30點傷害。","コインを1回投げオモテなら、30ダメージ追加。","Flip a coin. If heads, this attack does 30 more damage."
"cmo1u6yi40ioz5ueen0ql458o","阿勃梭魯","0359","attack","E","選擇對手的1隻備戰寶可夢，與戰鬥寶可夢互換。然後，新上場的寶可夢受到30點傷害。","相手のベンチポケモンを1匹選び、バトルポケモンと入れ替える。その後、新しく出てきたポケモンに30ダメージ。","Switch 1 of your opponent’s Benched Pokémon with their Active Pokémon. This attack does 30 damage to the new Active Pokémon."
"cmo1u6yiv0iqb5ueeffi5r6ej","毒骷蛙","0454","attack","E","將對手的戰鬥寶可夢【中毒】。因這個【中毒】而放置的傷害指示物的數量改為4個。","相手のバトルポケモンをどくにする。このどくでのせるダメカンの数は4個になる。","Your opponent’s Active Pokémon is now Poisoned. During Pokémon Checkup, put 4 damage counters on that Pokémon instead of 1."
"cmo1u6yit0iq75ueedy4krjud","伽勒爾 喵喵","0052","attack","E","在下個對手的回合，受到這個招式的寶可夢使用招式的傷害「-20」點。","次の相手の番、このワザを受けたポケモンが使うワザのダメージは「-20」される。","During your opponent’s next turn, the Defending Pokémon’s attacks do 20 less damage (before applying Weakness and Resistance)."
"cmo1u6yji0irf5uee8wi2gnf8","單首龍","0633","attack","E","從自己的牌庫選擇1張【基礎】寶可夢卡，放置於備戰區。並且重洗牌庫。","自分の山札からたねポケモンを1枚選び、ベンチに出す。そして山札を切る。","Search your deck for a Basic Pokémon and put it onto your Bench. Then, shuffle your deck."
"cmobmxe443ryk2pc7fz93i3t4","雷丘V","0026","attack","F","這個招式在先攻玩家的最初回合也可使用。從自己的牌庫選擇1張【雷】能量卡，附於這隻寶可夢身上。並且重洗牌庫。 | 將自己的場上寶可夢身上附加的任意數量的【雷】能量卡丟棄，造成其張數×60點傷害。","","If you go first, you can use this attack during your first turn. Search your deck for a {L} Energy card and attach it to this Pokémon. Then, shuffle your deck. | You may discard any amount of {L} Energy from your Pokémon. This attack does 60 damage for each card you discarded in this way."
"cmo1u6yrk0j5e5ueethm4ztg7","卡蒂狗","0058","attack","E","從自己的牌庫選擇1張【火】能量卡，附於自己的寶可夢身上。並且重洗牌庫。","自分の山札からエネルギーを1枚選び、自分のポケモンにつける。そして山札を切る。","Search your deck for a {R} Energy card and attach it to 1 of your Pokémon. Then, shuffle your deck."
"cmobmxe493rys2pc7jn0qbqic","雷公V","0243","ability","F","若這隻寶可夢在戰鬥場上，則在自己的回合時可使用1次。從自己的牌庫抽出1張卡。","","Once during your turn, if this Pokémon is in the Active Spot, you may draw a card."
"cmo1u6tdc09sy5ueemghjmyde","鋁鋼龍V","0884","attack","E","在下個對手的回合，受到這個招式的寶可夢使用招式的傷害「-30」點。 | 寶可夢【V】【氣絕】時，對手獲得2張獎賞卡。","次の相手の番、このワザを受けたポケモンが使うワザのダメージは「-30」される。",""
"cmo1u6ym00ivs5ueeepqe5ar5","毽子花","0188","ability","E","在自己的回合，每次從自己的手牌將能量附於這隻寶可夢身上時，可使用1次。從自己的牌庫選擇1張從這隻寶可夢進化而來的卡，放置於這隻寶可夢身上完成進化。並且重洗牌庫。","自分の番に、自分の手札からエネルギーをこのポケモンにつけるたび、1回使える。このポケモンから進化するカードを、自分の山札から1枚選び、このポケモンにのせて進化させる。そして山札を切る。","When you attach an Energy card from your hand to this Pokémon during your turn, you may search your deck for a card that evolves from this Pokémon and put it onto this Pokémon to evolve it. Then, shuffle your deck."
"cmo1u6yn60ixs5ueeg93al1ak","刺甲貝","0091","attack","E","這隻寶可夢受到招式的傷害「-30」點。 | 對手的2隻備戰寶可夢也各受到30點傷害。[在備戰區不計算弱點・抵抗力。]","相手のベンチポケモン2匹にも、それぞれ30ダメージ。［ベンチは弱点・抵抗力を計算しない。］",""
"cmo1u6ynn0iyl5ueexsbzehx1","正電拍拍","0311","attack","E","在上個自己的回合，若自己的「負電拍拍」使用了招式，則增加100點傷害。","前の自分の番、自分の「マイナン」がワザを使っていたなら、100ダメージ追加。",""
"cmo1u6ynl0iyh5ueeh9gtx9f8","負電拍拍","0312","attack","E","從自己的牌庫選擇最多2張【基礎】寶可夢卡，放置於備戰區。並且重洗牌庫。","自分の山札からたねポケモンを2枚まで選び、ベンチに出す。そして山札を切る。","Search your deck for up to 2 Basic Pokémon and put them onto your Bench. Then, shuffle your deck."
"cmo1u6yny0iz55ueev0e9jmns","穿山鼠","0027","attack","E","查看自己的牌庫上方1張卡，回復原樣。若希望，將那張卡丟棄。 | 造成自己的備戰區的，持有「一同滾動」招式的寶可夢的數量×20點傷害。","自分の山札を上から1枚見て、もとにもどす。のぞむなら、そのカードをトラッシュする。 | 自分のベンチの、ワザ「みんなでころがる」を持つポケモンの数×20ダメージ。","Look at the top card of your deck. You may discard that card. | This attack does 20 damage for each of your Benched Pokémon that has the Let’s All Rollout attack."
"cmo1u6ypd0j1l5ueeuzvwkbda","幸福蛋","0242","ability","E","只要這隻寶可夢在場上，自己的場上所有持有「一同滾動」招式的寶可夢，不會受到對手的「寶可夢【VMAX】」招式的傷害。","このポケモンがいるかぎり、自分の場にいるワザ「みんなでころがる」を持つポケモン全員は、相手の「ポケモンVMAX」からワザのダメージを受けない。","Prevent all damage done to each of your Pokémon that has the Let’s All Rollout attack by attacks from your opponent’s Pokémon {VMAX}."
"cmo1u6yry0j5y5ueepgikevdk","水晶燈火靈V","0609","attack","E","將對手的戰鬥寶可夢【混亂】。 | 查看對手的手牌，造成其中訓練家卡的張數×40點傷害。 | 寶可夢【V】【氣絕】時，對手獲得2張獎賞卡。","相手のバトルポケモンをこんらんにする。 | 相手の手札を見て、その中にあるトレーナーズの枚数×40ダメージ。",""
"cmp2dgba43872116cjaiwho3x","‌喵喵","","attack","H","擲3次硬幣，造成正面出現的次數×20點傷害。","コインを3回投げ、オモテの数×20ダメージ。","Flip 3 coins. This attack does 20 damage for each heads."
"cmo1u6ysl0j6u5ueeup2vfdrg","櫻花魚","0368","ability","E","只要這隻寶可夢在場上，對手的場上「連擊」寶可夢的特性全部消除。","このポケモンがいるかぎり、相手の場の「れんげき」のポケモンの特性は、すべてなくなる。","Your opponent’s Rapid Strike Pokémon in play have no Abilities."
"cmo1u6ytn0j8e5ueec4pi4h8m","其他逐電犬VMAX","0836","attack","E","增加自己的場上寶可夢身上附加的【雷】能量的數量×30點傷害。 | 在下個自己的回合，這隻寶可夢無法使用「極巨伏特」。 | 寶可夢【VMAX】【氣絕】時，對手獲得3張獎賞卡。","自分の場のポケモンについているエネルギーの数×30ダメージ追加。 | 次の自分の番、このポケモンは「ダイボルト」が使えない。",""
"cmobmwa811zy72pc7xi0rle2g","迷唇姐","0124","attack","E","從自己的牌庫抽出2張卡。 | 將對手的戰鬥寶可夢【混亂】。","自分の山札を2枚引く。 | 相手のバトルポケモンをこんらんにする。","Draw 2 cards. | Your opponent’s Active Pokémon is now Confused."
"cmobmwa8n1zz72pc78hezlz8b","夢夢蝕","0518","attack","E","選擇對手的1隻備戰寶可夢，與戰鬥寶可夢互換。然後，將新上場的寶可夢【睡眠】。 | 增加對手的戰鬥寶可夢身上附加的能量的數量×30點傷害。","相手のベンチポケモンを1匹選び、バトルポケモンと入れ替える。その後、新しく出てきたポケモンをねむりにする。 | 相手のバトルポケモンについているエネルギーの数×30ダメージ追加。","Switch 1 of your opponent’s Benched Pokémon with their Active Pokémon. The new Active Pokémon is now Asleep. | This attack does 30 more damage for each Energy attached to your opponent’s Active Pokémon."
"cmo1u85472jmp5ueesgeiegyv","敗露球菇ex","0591","attack","H","將對手的戰鬥寶可夢【睡眠】。 | 擲1次硬幣若為正面，則增加80點傷害。","相手のバトルポケモンをねむりにする。 | コインを1回投げオモテなら、80ダメージ追加。","Your opponent’s Active Pokémon is now Asleep. | Flip a coin. If heads, this attack does 80 more damage."
"cmobmwa9r20102pc736c5jpcq","灰塵山","0569","attack","E","將對手的戰鬥寶可夢【中毒】。","相手のバトルポケモンをどくにする。","Your opponent’s Active Pokémon is now Poisoned."
"cmo1u7q6n1u495uee7hyig32s","阿勃梭魯","0359","attack","H","若自己的場上的【惡】能量有3個以上，則增加50點傷害。","自分の場にエネルギーが3個以上あるなら、50ダメージ追加。","If you have at least 3 {D} Energy in play, this attack does 50 more damage."
"cmobmwaa8201s2pc7wnl5ql6l","托戈德瑪爾","0777","attack","E","造成自己的備戰區的，持有「一同滾動」招式的寶可夢的數量×20點傷害。","自分のベンチの、ワザ「みんなでころがる」を持つポケモンの数×20ダメージ。","This attack does 20 damage for each of your Benched Pokémon that has the Let’s All Rollout attack."
"cmo1u81y92e9z5uee9rrif3vx","白蓬蓬","0830","attack","E","將這隻寶可夢與附加的卡，全部放回自己的牌庫。然後，從牌庫任意選擇最多3張卡加入手牌。並且重洗牌庫。","このポケモンと、ついているすべてのカードを、自分の山札にもどす。その後、山札から好きなカードを3枚まで選び、手札に加える。そして山札を切る。","Heal all damage from 1 of your Benched Pokémon. | Flip a coin. If tails, this attack does nothing."
"cmobmwaay202w2pc763ecbx5q","圖圖犬","0235","attack","E","從自己的棄牌區選擇最多2張「匯流」訓練家卡，在給對手看過後加入手牌。","自分のトラッシュから「フュージョン」のトレーナーズを2枚まで選び、相手に見せて、手札に加える。","Put up to 2 Fusion Strike Trainer cards from your discard pile into your hand."
"cmobmwab020302pc70jau48cp","向尾喵","0300","attack","E","擲1次硬幣若為反面，則這個招式失敗。","コインを1回投げウラなら、このワザは失敗。",""
"cmobmwaem20922pc7ptjaehlt","鳳王","0250","attack","E","對手的1隻寶可夢受到50點傷害。[在備戰區不計算弱點・抵抗力。] | 選擇1個這隻寶可夢身上附加的能量，將其丟棄。","相手のポケモン1匹に、50ダメージ。［ベンチは弱点・抵抗力を計算しない。］ | このポケモンについているエネルギーを1個選び、トラッシュする。",""
"cmobmwaez209n2pc79o9gwnue","帕路奇亞","0484","ability","E","只要這隻寶可夢在戰鬥場上，對手無法從手牌使出競技場卡。","このポケモンがバトル場にいるかぎり、相手は手札からスタジアムを出せない。","As long as this Pokémon is in the Active Spot, your opponent can’t play any Stadium cards from their hand."
"cmo1u82dy2eyn5uee5rlrevby","蛋蛋","0102","attack","H","將這隻寶可夢恢復「10」HP。","このポケモンのHPを「10」回復する。","Heal 10 damage from this Pokémon."
"cmp2dg0tz2tft116cpdmhir9j","蟲甲聖","","attack","H","從自己的牌庫抽出3張卡。 | 若自己的牌庫的剩餘張數為3張以下，則增加200點傷害。","自分の山札を3枚引く。 | 自分の山札の残り枚数が3枚以下なら、200ダメージ追加。","If there are 3 or fewer cards in your deck, this attack does 200 more damage."
"cmo1u7pqa1tc85ueeab9sj0zp","酋雷姆ex","0646","attack","I","對手的所有備戰寶可夢，也各受到對手已經獲得的獎賞卡的張數×10點傷害。[在備戰區不計算弱點・抵抗力。]","相手のベンチポケモン全員にも、それぞれ、相手がすでにとったサイドの枚数×10ダメージ。［ベンチは弱点・抵抗力を計算しない。］","This attack also does 10 damage to each of your opponent’s Benched Pokémon for each Prize card your opponent has taken. (Don’t apply Weakness and Resistance for Benched Pokémon.)"
"cmo1u7ydj285r5ueegzn621s2","穿山王","0028","attack","G","在下個對手的回合，受到這個招式的寶可夢無法撤退。 | 若對手的戰鬥寶可夢身上放置有傷害指示物，則增加100點傷害。","次の相手の番、このワザを受けたポケモンは、にげられない。 | 相手のバトルポケモンにダメカンがのっているなら、100ダメージ追加。","During your opponent’s next turn, the Defending Pokémon can’t retreat. | If your opponent’s Active Pokémon already has any damage counters on it, this attack does 100 more damage."
"cmobmwahp20e02pc776k3mi1u","薩戮德","0893","attack","E","從自己的牌庫選擇1張【草】寶可夢卡，在給對手看過後加入手牌。並且重洗牌庫。若在後攻玩家的最初回合使用，則可加入手牌的【草】寶可夢卡張數改為最多3張。 | 增加這隻寶可夢身上附加的【草】能量的數量×20點傷害。","自分の山札からポケモンを1枚選び、相手に見せて、手札に加える。そして山札を切る。後攻プレイヤーの最初の番なら、手札に加えられるポケモンの枚数は3枚までになる。 | このポケモンについているエネルギーの数×20ダメージ追加。",""
"cmobmwaj820gh2pc7a4n8tco7","淚眼蜥","0816","attack","E","從自己的牌庫選擇最多3張「連擊」【基礎】寶可夢卡，放置於備戰區。並且重洗牌庫。 | 擲2次硬幣，造成正面出現的次數×20點傷害。","自分の山札から「れんげき」のたねポケモンを3枚まで選び、ベンチに出す。そして山札を切る。 | コインを2回投げ、オモテの数×20ダメージ。","Search your deck for up to 3 Basic Rapid Strike Pokémon and put them onto your Bench. Then, shuffle your deck. | Flip 2 coins. This attack does 20 damage for each heads."
"cmobmwaji20gx2pc7hsphj3sp","雪絨蛾","0873","ability","D","在自己的回合時，可不限次數使用。從自己的手牌選擇1張【水】能量卡，附於備戰區的【水】寶可夢身上。","自分の番に何回でも使える。自分の手札からエネルギーを1枚選び、ベンチのポケモンにつける。",""
"cmobmwajk20h12pc7ellv8lsx","冰砌鵝","0875","attack","E","對手的1隻寶可夢受到自己的場上寶可夢身上附加的「匯流能量」的數量×40點傷害。[在備戰區不計算弱點・抵抗力。]","相手のポケモン1匹に、自分の場のポケモンについている「フュージョンエネルギー」の数×40ダメージ。［ベンチは弱点・抵抗力を計算しない。］","This attack does 40 damage to 1 of your opponent’s Pokémon for each Fusion Strike Energy attached to all of your Pokémon. (Don’t apply Weakness and Resistance for Benched Pokémon.)"
"cmo1u6wm30fgy5uee1d6xq3td","大針蜂","0015","ability","D","在自己的回合，若自己的手牌只有這1張卡，則可使用1次。將這張卡放置於備戰區。然後，從自己的牌庫抽出3張卡。","自分の番に、自分の手札がこのカード1枚だけなら、1回使える。このカードをベンチに出す。その後、自分の山札を3枚引く。","Once during your turn, if this Pokémon is the last card in your hand, you may play it onto your Bench. If you do, draw 3 cards."
"cmo1u82hy2f5g5ueejqddc4ml","棄世猴","0979","attack","H","將這隻寶可夢【混亂】。 | 將雙方的戰鬥寶可夢【昏厥】。","このポケモンをこんらんにする。 | おたがいのバトルポケモンをきぜつさせる。","This Pokémon is now Confused."
"cmo1u8jab38n25ueeax5s6i1p","謝米","0492","attack","D","將這隻寶可夢恢復「20」HP。 | 擲1次硬幣若為正面，則將對手的戰鬥寶可夢與附加的卡全部翻回反面並重洗，放回對手的牌庫下方。","","Heal 20 damage from this Pokémon. | Flip a coin. If heads, your opponent shuffles their Active Pokémon and all attached cards and puts them on the bottom of their deck."
"cmo1u7o0x1qep5ueejsis8fef","蒼炎刃鬼ex","0937","attack","H","增加自己的棄牌區的能量卡的張數×20點傷害。 | 將這隻寶可夢身上附加的能量卡全部丟棄。","自分のトラッシュにあるエネルギーの枚数×20ダメージ追加。 | このポケモンについているエネルギーを、すべてトラッシュする。","This attack does 20 more damage for each Energy card in your discard pile. | Discard all Energy from this Pokémon."
"cmo1u7z2m29d35ueezmb7vfda","滋汁鼴","0944","attack","G","從自己的棄牌區選擇1張基本能量卡，在給對手看過後加入手牌。","自分のトラッシュから基本エネルギーを1枚選び、相手に見せて、手札に加える。","Put a Basic Energy card from your discard pile into your hand."
"cmo1u8jbf38or5uee3k6ss4ul","甜冷美后","0763","attack","D","對手的1隻寶可夢，受到這隻寶可夢身上附加的能量的數量×20點傷害。[在備戰區不計算弱點・抵抗力。] | 若希望，選擇1個對手的戰鬥寶可夢身上附加的能量，放回對手的手牌。","","This attack does 20 damage to 1 of your opponent’s Pokémon for each Energy attached to this Pokémon. (Don’t apply Weakness and Resistance for Benched Pokémon.) | You may put an Energy attached to your opponent’s Active Pokémon into their hand."
"cmo1u82g92f2k5uee2ry224t8","自爆磁怪","0462","attack","H","將對手的戰鬥寶可夢【混亂】。在下個對手的回合，受到這個招式的寶可夢無法撤退。 | 在下個自己的回合，這隻寶可夢無法使用「電磁炮」。","相手のバトルポケモンをこんらんにする。次の相手の番、このワザを受けたポケモンは、にげられない。 | 次の自分の番、このポケモンは「でんじほう」が使えない。","Your opponent’s Active Pokémon is now Confused. During your opponent’s next turn, that Pokémon can’t retreat. | During your next turn, this Pokémon can’t use Zap Cannon."
"cmo1u8jb938of5uee4ztsbkw0","膽小蟲","0767","attack","D","將這隻寶可夢與備戰寶可夢互換。","",""
"cmo1u8jbp38p75ueegws91ppg","具甲武者","0768","attack","D","增加對手的場上的「寶可夢【V】・【GX】」的數量×50點傷害。 | 將這隻寶可夢與備戰寶可夢互換。","","This attack does 50 more damage for each of your opponent’s Pokémon {V} and Pokémon-{GX} in play. | Switch this Pokémon with 1 of your Benched Pokémon."
"cmo1u8jbm38p35ueeufuvphpp","薩戮德V","0893","attack","D","在下個對手的回合，受到這個招式的寶可夢無法撤退。 | 若希望，從自己的手牌選擇最多2張基本能量卡，以任意方式附於備戰寶可夢身上。然後，將附上這些卡的寶可夢的HP全部恢復。 | 寶可夢【V】【氣絕】時，對手獲得2張獎賞卡。","",""
"cmo1u7pzb1trq5ueec1kmmqrc","卡璞・蝶蝶","0786","attack","H","將對手的戰鬥寶可夢【混亂】。 | 若對手的戰鬥寶可夢【混亂】，則增加90點傷害。","相手のバトルポケモンをこんらんにする。 | 相手のバトルポケモンがこんらんなら、90ダメージ追加。","Your opponent’s Active Pokémon is now Confused. | If your opponent’s Active Pokémon is Confused, this attack does 90 more damage."
"cmo1u8jc038pn5uee5zat7eix","伽勒爾 踏冰人偶","0866","ability","D","在自己的回合時，可使用1次。選擇1張對手的反面向上的獎賞卡，與對手的牌庫最上方的卡維持反面朝上互換。","","Once during your turn, you may switch 1 of your opponent’s face-down Prize cards with the top card of their deck. (The cards stay face down.)"
"cmo1u8jc638pv5ueej6p91tr3","水伊布","0134","ability","D","只要這隻寶可夢在備戰區，不會受到招式的傷害。","","As long as this Pokémon is on your Bench, prevent all damage done to this Pokémon by attacks (both yours and your opponent’s)."
"cmo1u8jcc38q35uee2zw6ji69","古空棘魚","0369","attack","D","從自己的牌庫選擇最多2張「稀有化石」卡，放置於備戰區。並且重洗牌庫。","","Search your deck for up to 2 Rare Fossil cards and put them onto your Bench. Then, shuffle your deck."
"cmo1u8jci38qf5ueei5wszrbz","冷水猿","0516","attack","D","在下個自己的回合，這隻寶可夢無法使用招式。","","During your next turn, this Pokémon can’t attack."
"cmo1u8jd138rb5ueeikzqsq2u","超壞星","0748","attack","D","選擇1個這隻寶可夢身上附加的能量，將其丟棄。將這隻寶可夢的HP全部恢復。 | 將對手的戰鬥寶可夢【中毒】。","","Discard an Energy from this Pokémon and heal all damage from it. | Your opponent’s Active Pokémon is now Poisoned."
"cmo1u8jdq38sf5uee4ohbfxh5","麒麟奇","0203","attack","D","將2個傷害指示物以任意方式放置於對手的寶可夢身上。 | 若希望，令對手將對手自己的手牌全部放回牌庫並重洗。這個情況下，對手從牌庫抽出4張卡。","","Put 2 damage counters on your opponent’s Pokémon in any way you like. | You may have your opponent shuffle their hand into their deck. If you do, your opponent draws 4 cards."
"cmo1u6xyg0hr15ueem5ijkxmf","沙螺蟒","0844","attack","E","將自己的牌庫上方6張卡丟棄，造成其中的【鬥】能量卡的張數×60點傷害。","自分の山札を上から6枚トラッシュし、その中にあるエネルギーの枚数×60ダメージ。","Discard the top 6 cards of your deck. This attack does 60 damage for each {F} Energy card you discarded in this way."
"cmo1u8jef38tk5ueesilpq5hq","咚咚鼠","0702","attack","D","將對手的戰鬥寶可夢【混亂】。","",""
"cmo1u82hv2f5c5ueenjr3167d","火爆猴","0057","attack","H","擲1次硬幣若為正面，則選擇1個對手的戰鬥寶可夢身上附加的能量，將其丟棄。","コインを1回投げオモテなら、相手のバトルポケモンについているエネルギーを1個選び、トラッシュする。","Flip a coin. If heads, discard an Energy from your opponent’s Active Pokémon."
"cmo1u8jer38u45ueer8h4tbgu","睡睡菇","0755","attack","D","將對手的戰鬥寶可夢【睡眠】。","",""
"cmo1u7qf21uin5uee9rm3zll5","請假王ex","0289","ability","H","若對手的場上沒有「寶可夢【ex】・【V】」，則這隻寶可夢無法使用招式。","相手の場に「ポケモンex・V」がいないなら、このポケモンはワザが使えない。","If your opponent has no Pokémon {ex} or Pokémon {V} in play, this Pokémon can’t attack."
"cmo1u8jf038uk5ueep7cngz5w","燈罩夜菇","0756","attack","D","擲1次硬幣若為正面，則在下個對手的回合，受到這個招式的寶可夢無法使用招式。 | 若場上有「迷光森林」，則增加60點傷害。","","Flip a coin. If heads, during your opponent’s next turn, the Defending Pokémon can’t attack. | If Glimwood Tangle is in play, this attack does 60 more damage."
"cmo1u8jey38ug5ueeeylr8pbj","謎擬Ｑ","0778","ability","D","只要這隻寶可夢在場上，對手的所有備戰寶可夢的HP無法恢復。","このポケモンがいるかぎり、相手のベンチポケモン全員のHPは、回復しない。","Your opponent’s Benched Pokémon can’t be healed."
"cmo1u8jfv38w05ueeewlimx71","伽勒爾 呆殼獸","0080","ability","D","若這隻寶可夢在戰鬥場上，則在自己的回合時可使用1次。將對手的戰鬥寶可夢【中毒】。","",""
"cmo1u7znz2adq5uee2sevw2xo","基拉祈","0385","ability","G","只要這隻寶可夢在場上，自己的所有備戰寶可夢，不會因對手的【基礎】寶可夢使用招式的效果而被放置傷害指示物。","このポケモンがいるかぎり、自分のベンチポケモン全員は、相手のたねポケモンが使うワザの効果で、ダメカンがのらない。",""
"cmo1u8jgp38xg5uee5hxlsk4n","達克萊伊","0491","ability","D","若這隻寶可夢身上附有【惡】能量，則這隻寶可夢受到招式的傷害「-20」點。","","If this Pokémon has any {D} Energy attached, it takes 20 less damage from attacks (after applying Weakness and Resistance)."
"cmo1u8jgs38xk5uee9hukwuqp","好啦魷","0686","attack","D","若對手的戰鬥寶可夢【混亂】，則增加50點傷害。","","If your opponent’s Active Pokémon is Confused, this attack does 50 more damage."
"cmo1u844v2hxy5uee9etbjfxb","托戈德瑪爾","0777","attack","G","擲1次硬幣若為正面，則在下個對手的回合，這隻寶可夢不會受到招式的傷害。","コインを1回投げオモテなら、次の相手の番、このポケモンはワザのダメージを受けない。",""
"cmo1u8jhd38yl5uee2r2mtptb","狐大盜","0828","attack","D","從自己的牌庫任意選擇最多2張卡加入手牌。並且重洗牌庫。","","Search your deck for up to 2 cards and put them into your hand. Then, shuffle your deck."
"cmo1u8jhm38z15ueefaqomr1v","伊布","0133","attack","D","從自己的牌庫選擇1張從「伊布」進化而來的卡，在給對手看過後加入手牌。並且重洗牌庫。 | 擲1次硬幣若為反面，則這個招式失敗。","","Search your deck for a card that evolves from Eevee, reveal it, and put it into your hand. Then, shuffle your deck. | Flip a coin. If tails, this attack does nothing."
"cmo1u8ji238zt5ueelnu0io4h","藏飽栗鼠V","0820","attack","D","選擇1個對手的戰鬥寶可夢身上附加的能量，將其丟棄。 | 擲1次硬幣若為反面，則這個招式失敗。 | 寶可夢【V】【氣絕】時，對手獲得2張獎賞卡。","",""
"cmo1u8ji038zp5ueem1icosyn","鋼鎧鴉","0823","ability","D","在自己的回合，當從手牌使出這張卡並完成進化時，可使用1次。選擇自己的1隻寶可夢（「鋼鎧鴉」除外），將那隻寶可夢與附加的卡，全部放回手牌。","","When you play this Pokémon from your hand to evolve 1 of your Pokémon during your turn, you may put 1 of your Pokémon, except any Corviknight, and all attached cards into your hand."
"cmo1u8jj3391l5ueesamsabo5","時拉比","0251","attack","D","造成對手的戰鬥寶可夢身上附加的能量的數量×30點傷害。 | 從自己的牌庫，選擇自己的所有備戰寶可夢進化而來的卡各1張，放置於各自身上完成進化。並且重洗牌庫。","","This attack does 30 damage for each Energy attached to your opponent’s Active Pokémon. | For each of your Benched Pokémon, search your deck for a card that evolves from that Pokémon and put it onto that Pokémon to evolve it. Then, shuffle your deck."
"cmo1u8jj5391p5ueesog0me1c","烈空坐","0384","attack","D","將這隻寶可夢身上附加的基本能量全部丟棄，造成丟棄的基本能量的屬性種類的數量×80點傷害。","",""
"cmo1u7q0w1tuf5uee55h77tkv","頓甲","0232","attack","H","這個招式的傷害不計算對手的戰鬥寶可夢身上的附加效果。 | 選擇2個這隻寶可夢身上附加的能量，將其丟棄。在下個對手的回合，這隻寶可夢受到招式的傷害「-100」點。","このワザのダメージは、相手のバトルポケモンにかかっている効果を計算しない。 | このポケモンについているエネルギーを2個選び、トラッシュする。次の相手の番、このポケモンが受けるワザのダメージは「-100」される。","This attack’s damage isn’t affected by any effects on your opponent’s Active Pokémon. | Discard 2 Energy from this Pokémon. During your opponent’s next turn, this Pokémon takes 100 less damage from attacks (after applying Weakness and Resistance)."
"cmo1u8jja391x5ueen2u0fe0t","榛果球","0204","attack","D","擲1次硬幣若為正面，則在下個對手的回合，這隻寶可夢不會受到招式的傷害。","","Flip a coin. If heads, during your opponent’s next turn, prevent all damage done to this Pokémon by attacks."
"cmo1u7z6w29kg5ueexwakoye5","走鯨","0974","attack","G","對手的所有備戰寶可夢也各受到10點傷害。 [在備戰區不計算弱點・抵抗力。]","相手のベンチポケモン全員にも、それぞれ10ダメージ。［ベンチは弱点・抵抗力を計算しない。］",""
"cmo1u6y8k0i8g5uee5gu58eit","酷豹V","0510","attack","E","若希望，將這隻寶可夢與附加的卡，全部放回手牌。 | 寶可夢【V】【氣絕】時，對手獲得2張獎賞卡。","のぞむなら、このポケモンと、ついているすべてのカードを、手札にもどす。",""
"cmo1u82e72ez35uee3qvo0z7w","粉蝶蛹","0665","attack","D","將這隻寶可夢與備戰寶可夢互換。","このポケモンをベンチポケモンと入れ替える。",""
"cmo1u8jkx394m5uee2xxi7r18","鰓魚海獸","0883","attack","D","在下個對手的回合，這隻寶可夢受到招式的傷害「-60」點。 | 將對手的戰鬥寶可夢【睡眠】。","","During your opponent’s next turn, this Pokémon takes 60 less damage from attacks (after applying Weakness and Resistance). | Your opponent’s Active Pokémon is now Asleep."
"cmo1u8jl939565ueett3ynjiy","電龍V","0181","attack","D","將對手的戰鬥寶可夢【混亂】。 | 對手的身上放置有傷害指示物的所有備戰寶可夢也各受到30點傷害。[在備戰區不計算弱點・抵抗力。] | 寶可夢【V】【氣絕】時，對手獲得2張獎賞卡。","",""
"cmo1u8jmt397i5ueemy7y1b9t","沼王","0195","attack","D","若自己剩餘獎賞卡的張數為6張・4張・2張，則這個招式失敗。","","If you have exactly 2, 4, or 6 Prize cards remaining, this attack does nothing."
"cmo1u8jnd398e5ueexc6y2w13","大顎蟻","0328","attack","D","若場上有競技場卡，則增加10點傷害。","",""
"cmobmw3ve1psw2pc7r56xzzik","超級阿勃梭魯ex","0359","attack","I","若對手的戰鬥寶可夢身上放置的傷害指示物為6個，則將那隻寶可夢【昏厥】。 | 查看對手的手牌，從其中選擇1張卡，將其丟棄。","相手のバトルポケモンにのっているダメカンが6個なら、そのポケモンをきぜつさせる。 | 相手の手札を見て、その中からカードを1枚選び、トラッシュする。","If your opponent’s Active Pokémon has exactly 6 damage counters on it, that Pokémon is Knocked Out. | Your opponent reveals their hand, and you discard a card you find there."
"cmo1u82jo2f8d5uee92ynupzn","傘電蜥","0694","attack","H","這隻寶可夢也受到10點傷害。","このポケモンにも10ダメージ。","This Pokémon also does 10 damage to itself."
"cmobmw3zy1q072pc7beph5n21","火炎獅","0668","ability","I","只要這隻寶可夢在戰鬥場上，對手的戰鬥寶可夢使用的招式的傷害「-30」點。","このポケモンがバトル場にいるかぎり、相手のバトルポケモンが使うワザのダメージは「-30」される。","As long as this Pokémon is in the Active Spot, attacks used by your opponent’s Active Pokémon do 30 less damage (before applying Weakness and Resistance)."
"cmo1u8jon39aj5ueely9waqdp","八爪武師V","0853","attack","D","在下個對手的回合，受到這個招式的【基礎】寶可夢，無法使用招式。 | 擲1次硬幣若為正面，則增加100點傷害。 | 寶可夢【V】【氣絕】時，對手獲得2張獎賞卡。","",""
"cmo1u8jog39a75uee1nvn28c8","其他巨鉗螳螂VMAX","0212","attack","D","在下個對手的回合，這隻寶可夢受到招式的傷害「-30」點。 | 寶可夢【VMAX】【氣絕】時，對手獲得3張獎賞卡。","",""
"cmo1u6yj90iqz5ueexaju6sxt","酋雷姆","0646","attack","E","將自己的場上寶可夢身上附加的任意數量的【水】能量卡丟棄，造成其張數×60點傷害。","自分の場のポケモンについているエネルギーを好きなだけトラッシュし、その枚数×60ダメージ。",""
"cmo1u8jp639bb5ueexblhave5","波士可多拉","0306","ability","D","這隻寶可夢的HP是全滿的狀態下，這隻寶可夢受到招式的傷害而【氣絕】時，這隻寶可夢不會【氣絕】，而是以剩餘HP為「10」的狀態留在場上。","","If this Pokémon has full HP and would be Knocked Out by damage from an attack, it is not Knocked Out, and its remaining HP becomes 10."
"cmobmw4611qa22pc74wv9q728","樂天河童","0272","ability","I","若自己的場上有【草】屬性的「超級進化寶可夢【ex】」，則在自己的回合時可使用1次。將自己的1隻寶可夢恢復「60」HP。","自分の場にタイプの「メガシンカex」がいるなら、自分の番に1回使える。自分のポケモン1匹のHPを「60」回復する。","Once during your turn, if you have any {G} Mega Evolution Pokémon {ex} in play, you may use this Ability. Heal 60 damage from 1 of your Pokémon."
"cmo1u7ppb1taj5uee72139o5h","海豹球","0363","attack","H","將對手的戰鬥寶可夢【睡眠】。","相手のバトルポケモンをねむりにする。","Your opponent’s Active Pokémon is now Asleep."
"cmo1u82gj2f305ueehsa1jzhp","泥巴魚","0618","attack","H","擲1次硬幣若為正面，則將對手的戰鬥寶可夢【麻痺】。再選擇1個那隻寶可夢身上附加的能量，將其丟棄。","コインを1回投げオモテなら、相手のバトルポケモンをマヒにする。さらに、そのポケモンについているエネルギーを1個選び、トラッシュする。","Flip a coin. If heads, your opponent’s Active Pokémon is now Paralyzed, and discard an Energy from that Pokémon."
"cmo1u8jpi39bv5ueegoenk0l0","基拉祈","0385","ability","D","若這隻寶可夢在戰鬥場上，則在自己的回合時，可使用1次。查看自己的牌庫上方2張卡，選擇其中1張，加入手牌。將剩餘卡放回牌庫上方。","","Once during your turn, if this Pokémon is in the Active Spot, you may look at the top 2 cards of your deck and put 1 of them into your hand. Put the other card back on top of your deck."
"cmo1u8jpk39bz5uee3j4j7xgb","帝牙盧卡","0483","attack","D","從自己的棄牌區選擇最多2張【鋼】能量卡，附於自己的1隻寶可夢身上。 | 選擇2個這隻寶可夢身上附加的能量，將其丟棄。","","Attach up to 2 {M} Energy cards from your discard pile to 1 of your Pokémon. | Discard 2 Energy from this Pokémon."
"cmo1u8jpv39cf5ueemfujdqwr","尾立","0161","attack","D","從自己的牌庫選擇1張【基礎】寶可夢卡，放置於備戰區。並且重洗牌庫。","",""
"cmo1u83em2gou5uee0lf0753t","巨金怪","0376","attack","I","若自己的備戰區有「鐵啞鈴」「金屬怪」，則增加150點傷害。","自分のベンチに「ダンバル」「メタング」がいるなら、150ダメージ追加。","If Beldum and Metang are on your Bench, this attack does 150 more damage."
"cmo1u7o6l1qof5uee35r0asl3","仆斬將軍","0983","ability","I","這隻寶可夢使用的招式，對對手的戰鬥寶可夢造成的傷害，依對手已經獲得的獎賞卡每1張「+30」點。","このポケモンが使うワザの、相手のバトルポケモンへのダメージは、相手がすでにとったサイド1枚につき「+30」される。","Attacks used by this Pokémon do 30 more damage to your opponent’s Active Pokémon for each Prize card your opponent has taken (before applying Weakness and Resistance)."
"cmo1u7pz41tre5ueekq7laui7","莉莉艾的蝶結萌虻","0743","ability","I","在自己的回合，從手牌使出這張卡並完成進化時，可使用1次。查看對手的手牌，從其中選擇任意數量的【基礎】寶可夢卡，放置於對手的備戰區。","自分の番に、このカードを手札から出して進化させたとき、1回使える。相手の手札を見て、その中からたねポケモンを好きなだけ選び、相手のベンチに出す。","When you play this Pokémon from your hand to evolve 1 of your Pokémon during your turn, you may have your opponent reveal their hand and you put any number of Basic Pokémon you find there onto their Bench."
"cmo1u8jra39ej5ueelyopsf7z","暴飛龍V","0373","attack","D","對手的所有寶可夢各受到30點傷害。[在備戰區不計算弱點・抵抗力。] | 寶可夢【V】【氣絕】時，對手獲得2張獎賞卡。","",""
"cmo1u7q1d1tv75ueeu7ipbh8b","雷吉洛克","0377","ability","I","若這隻寶可夢身上附有能量卡，則這隻寶可夢受到招式的傷害「-30」點。","このポケモンにエネルギーがついているなら、このポケモンが受けるワザのダメージは「-30」される。","If this Pokémon has any Energy attached, it takes 30 less damage from attacks (after applying Weakness and Resistance)."
"cmo1u83fe2gq65uee8tscrzlk","岩狗狗","0744","attack","I","查看自己的牌庫上方1張卡，回復原樣。若希望，將那張卡丟棄。","自分の山札を上から1枚見て、もとにもどす。のぞむなら、そのカードをトラッシュする。","Look at the top card of your deck. You may discard that card."
"cmo1u8jrd39en5ueed0tm4eg1","其他暴飛龍VMAX","0373","attack","D","對手的2隻寶可夢各受到40點傷害。[在備戰區不計算弱點・抵抗力。] | 在下個自己的回合，這隻寶可夢無法使用「極巨之翼」。 | 寶可夢【VMAX】【氣絕】時，對手獲得3張獎賞卡。","",""
"cmo1u7q9y1u9u5ueenxhn5yc9","騎士蝸牛","0589","attack","I","在下個自己的回合，這隻寶可夢無法使用招式。","次の自分の番、このポケモンはワザが使えない。","During your next turn, this Pokémon can’t attack."
"cmo1u8jry39fg5ueer23a9szz","舞天鵝","0581","ability","D","在這個回合，若從自己的手牌使出了「養鳥人」，則這隻寶可夢使用招式所需的能量全部消除。","","If you played Bird Keeper from your hand during this turn, ignore all Energy in this Pokémon’s attack costs."
"cmo1u8jsp39gk5uee4xat2fup","銃嘴大鳥","0733","attack","D","選擇1個對手的戰鬥寶可夢身上附加的能量，將其丟棄。 | 選擇2個這隻寶可夢身上附加的能量，放回手牌。","","Discard an Energy from your opponent’s Active Pokémon. | Put 2 Energy attached to this Pokémon into your hand."
"cmo1u8d692y225ueezkfvofa5","土地雲","0645","attack","E","若希望，將這隻寶可夢與備戰寶可夢互換。 | 將這隻寶可夢身上附加的所有能量，以任意方式改附於備戰寶可夢身上。","のぞむなら、このポケモンをベンチポケモンと入れ替える。 | このポケモンについているエネルギーをすべて、ベンチポケモンに好きなようにつけ替える。","You may switch this Pokémon with 1 of your Benched Pokémon. | Move all Energy from this Pokémon to your Benched Pokémon in any way you like."
"cmo1u8jsn39gg5ueeemruuw5w","貪心栗鼠","0819","attack","D","擲1次硬幣若為反面，則這個招式失敗。","",""
"cmo1u81k72dmi5ueetwwrq3i9","角金魚","0118","ability","H","若場上有「祭典會場」，則這隻寶可夢可使用持有的招式2次。（若對手的戰鬥寶可夢因第1次的招式而【昏厥】了，則在下一隻寶可夢放置後，使用第2次的招式。）","場に「お祭り会場」が出ているなら、このポケモンは、持っているワザを2回連続で使える。（1回目のワザで相手のバトルポケモンがきぜつしたなら、次のバトルポケモンが出たあと、2回目のワザを使う。）","If Festival Grounds is in play, this Pokémon may use an attack it has twice. If the first attack Knocks Out your opponent’s Active Pokémon, you may attack again after your opponent chooses a new Active Pokémon."
"cmo1u83r52haa5ueee8ifjtd7","電龍ex","0181","attack","G","若希望，將2個這隻寶可夢身上附加的能量丟棄，增加100點傷害。 | 寶可夢【ex】【昏厥】時，對手獲得2張獎賞卡。","のぞむなら、このポケモンについているエネルギーを2個トラッシュし、100ダメージ追加。","You may discard 2 Energy from this Pokémon to have this attack do 100 more damage."
"cmo1u83lm2h0w5ueea4wrkrw1","<阿響的>火球鼠","0155","attack","I","選擇1個這隻寶可夢身上附加的能量，將其丟棄。","このポケモンについているエネルギーを1個選び、トラッシュする。","Discard an Energy from this Pokémon."
"cmo1u7pr41tdk5ueen9dz6t4z","海豚俠","0964","ability","H","在自己的回合，這隻寶可夢從戰鬥場回到備戰區時，可使用1次。從自己的牌庫選擇1張「海豚俠【ex】」，與這張卡互換（所附加的卡・傷害指示物・特殊狀態・效果等全部保留）。若互換了，則這張卡放回牌庫。並且重洗牌庫。","自分の番に、このポケモンがバトル場からベンチにもどったとき、1回使える。自分の山札から「イルカマンex」を1枚選び、このカードと入れ替える（ついているカード・ダメカン・特殊状態・効果などは、すべて引きつぐ）。入れ替えたなら、このカードは山札にもどす。そして山札を切る。","Once during your turn, when this Pokémon moves from the Active Spot to the Bench, you may search your deck for a Palafin {ex} and switch it with this Pokémon. Any attached cards, damage counters, Special Conditions, turns in play, and any other effects remain on the new Pokémon. If you switched a Pokémon in this way, put this card into your deck. Then, shuffle your deck."
"cmo1u6qj304vu5ueek5738raf","<阿響的>皮丘","0172","attack","I","從自己的牌庫抽出1張卡。","自分の山札を1枚引く。","Draw a card."
"cmo1u83o72h595ueeq4hqvkxz","<派帕的>貪心栗鼠","0819","attack","I","在造成傷害前，將對手的戰鬥寶可夢身上附加的「寶可夢道具」卡丟棄。","ダメージを与える前に、相手のバトルポケモンについている「ポケモンのどうぐ」をトラッシュする。","Before doing damage, discard all Pokémon Tools from your opponent’s Active Pokémon."
"cmo1u84592hym5ueezy712asr","哈克龍","0148","attack","G","擲2次硬幣，造成正面出現的次數×70點傷害。","コインを2回投げ、オモテの数×70ダメージ。","Flip 2 coins. This attack does 70 damage for each heads."
"cmo1u7z8l29nd5ueetpyxfqwg","烏鴉頭頭","0430","attack","G","將自己的1張手牌丟棄。若無法丟棄，則這個招式失敗。","自分の手札を1枚トラッシュする。トラッシュできないなら、このワザは失敗。","Discard a card from your hand. If you can’t, this attack does nothing."
"cmo1u83ud2hfr5ueesnoke0og","謎擬Ｑex","0778","attack","G","若希望，將這隻寶可夢與備戰寶可夢互換。 | 造成雙方的戰鬥寶可夢身上附加的能量的數量×30點傷害。 | 寶可夢【ex】【昏厥】時，對手獲得2張獎賞卡。","のぞむなら、このポケモンをベンチポケモンと入れ替える。 | おたがいのバトルポケモンについているエネルギーの数×30ダメージ。","You may switch this Pokémon with 1 of your Benched Pokémon. | This attack does 30 damage for each Energy attached to both Active Pokémon."
"cmo1u81ty2e2l5uee67x7smnr","願增猿ex","1015","ability","H","這隻寶可夢受到對手的寶可夢招式的傷害而【昏厥】時，若自己的場上有「桃歹郎【ex】」，則被獲得的獎賞卡減少1張。","このポケモンが、相手のポケモンからワザのダメージを受けてきぜつしたとき、自分の場に「モモワロウex」がいるなら、とられるサイドは1枚少なくなる。","If this Pokémon is Knocked Out by damage from an attack from your opponent’s Pokémon, and if you have any Pecharunt {ex} in play, your opponent takes 1 fewer Prize card."
"cmo1u82ho2f505ueedmkl47oj","愛管侍","0876","ability","H","在自己的回合，從手牌將這張卡放置於備戰區時，可使用1次。將自己的戰鬥寶可夢恢復「30」HP，特殊狀態也恢復1個。","自分の番に、このカードを手札からベンチに出したとき、1回使える。自分のバトルポケモンのHPを「30」回復し、特殊状態も1つ回復する。",""
"cmo1u84rg2j0t5ueef3lxhnh9","瑪力露麗","0184","attack","H","擲1次硬幣若為正面，則將對手的戰鬥寶可夢【麻痺】。","コインを1回投げオモテなら、相手のバトルポケモンをマヒにする。","Flip a coin. If heads, your opponent’s Active Pokémon is now Paralyzed."
"cmo1u81nk2drr5uee21apdcqt","可可多拉","0304","attack","H","這隻寶可夢也受到10點傷害。","このポケモンにも10ダメージ。","This Pokémon also does 10 damage to itself."
"cmp2dg3dq2wzr116ck1qoj6b7","催眠貘","","attack","H","查看對手的手牌。","相手の手札を見る。","Your opponent reveals their hand."
"cmo1u70wy0mu65ueez9wmdufw","千針魚","0211","attack","E","從自己的牌庫抽出1張卡。","自分の山札を1枚引く。","Draw a card."
"cmo1u8hy036d05ueeepucqqop","坐騎山羊","0673","attack","D","這隻寶可夢也受到30點傷害。","","This Pokémon also does 30 damage to itself."
"cmo1u8k5i3a0n5ueedxmyg716","啪咚猴","0811","ability","D","若場上有自己的競技場卡，則這隻寶可夢【撤退】所需的能量全部消除。","","If you have a Stadium in play, this Pokémon has no Retreat Cost."
"cmo1u8k5g3a0j5ueesw8rhjob","轟擂金剛猩","0812","ability","D","在自己的回合時，可使用1次。從自己的牌庫選擇最多2張【草】能量卡，附於自己的1隻寶可夢身上。並且重洗牌庫。","",""
"cmo1u7qfc1uj35uee8hcb79d3","貓鼬斬","0335","attack","H","擲3次硬幣。若出現1次正面，則增加20點傷害。若出現2次正面，則增加50點傷害。若全部為正面，則增加80點傷害。","コインを3回投げる。オモテが1回なら、20ダメージ追加。オモテが2回なら、50ダメージ追加。すべてオモテなら、80ダメージ追加。","Flip 3 coins. If 1 of them is heads, this attack does 20 more damage. If 2 of them are heads, this attack does 50 more damage. If all of them are heads, this attack does 80 more damage."
"cmo1u8hy236d45uee9wnvo6mu","以歐路普V","0826","attack","D","若希望，將這隻寶可夢與備戰寶可夢互換。 | 增加對手的戰鬥寶可夢身上附加的能量的數量×30點傷害。 | 寶可夢【V】【氣絕】時，對手獲得2張獎賞卡。","",""
"cmo1u8k5l3a0r5uee1ec9isl2","卡蒂狗","0058","attack","D","擲1次硬幣若為正面，則從自己的棄牌區任意選擇1張卡，在給對手看過後加入手牌。","","Flip a coin. If heads, put a card from your discard pile into your hand."
"cmo1u8hz136es5uee53fls1ho","伽勒爾 達摩狒狒V","0555","attack","D","擲1次硬幣若為正面，則將對手的戰鬥寶可夢【麻痺】。 | 這隻寶可夢也受到30點傷害。 | 寶可夢【V】【氣絕】時，對手獲得2張獎賞卡。","",""
"cmo1u8hz636f05uee8t2k51yc","咬咬龜","0833","attack","D","在下個對手的回合，受到這個招式的寶可夢無法撤退。","",""
"cmo1u8hz836f45ueebeu08y7m","暴噬龜","0834","attack","D","在這個回合，若從手牌使出了「露璃娜」，則將對手的戰鬥寶可夢【麻痺】。","","If you played Nessa from your hand during this turn, your opponent’s Active Pokémon is now Paralyzed."
"cmo1u8k783a3g5ueebdxqkjdd","洛托姆","0479","ability","D","在自己的回合，當從手牌將這張卡放置於備戰區時，可使用1次。從自己的牌庫選擇最多2張名稱中有「洛托姆」的物品卡，在給對手看過後加入手牌。並且重洗牌庫。","","When you play this Pokémon from your hand onto your Bench during your turn, you may search your deck for up to 2 Item cards that have the word ""Rotom"" in their name, reveal them, and put them into your hand. Then, shuffle your deck."
"cmo1u7z8929mt5ueevshg2rvl","樹才怪","0185","attack","G","擲1次硬幣若為正面，則在下個對手的回合，這隻寶可夢不會受到招式的傷害與效果的影響。","コインを1回投げオモテなら、次の相手の番、このポケモンはワザのダメージや効果を受けない。","Flip a coin. If heads, during your opponent’s next turn, prevent all damage from and effects of attacks done to this Pokémon."
"cmo1u83ss2hcz5ueex4yd6pp4","團珠蛛","0917","attack","H","擲1次硬幣若為正面，則選擇1隻對手的備戰寶可夢，與戰鬥寶可夢互換。","コインを1回投げオモテなら、相手のベンチポケモンを1匹選び、バトルポケモンと入れ替える。","Draw a card."
"cmo1u8i1u36jl5ueea6nek7i6","伽勒爾 蔥遊兵V","0865","ability","D","在自己的回合，當從備戰區將這隻寶可夢放置於戰鬥場時，可使用1次。選擇自己的場上寶可夢身上附加的任意數量的【鬥】能量，改附於這隻寶可夢身上。","",""
"cmo1u859r2jwb5uee4wrhjc32","大奶罐","0241","attack","H","這個招式必須在上個自己的回合這隻寶可夢使用了「滾動」才可使用。","このワザは、前の自分の番に、このポケモンが「ころがる」を使っていなければ使えない。","You can use this attack only if this Pokémon used Rollout during your last turn."
"cmo1u854y2jo15ueeffhkfegh","萊希拉姆ex","0643","attack","H","選擇1個這隻寶可夢身上附加的能量，將其丟棄。","このポケモンについているエネルギーを1個選び、トラッシュする。","Discard an Energy from this Pokémon."
"cmo1u8i2v36ld5ueeyic60vpt","鋁鋼龍","0884","attack","D","增加這隻寶可夢身上放置的傷害指示物的數量×10點傷害。 | 選擇1個這隻寶可夢身上附加的能量，將其丟棄。","","This attack does 10 more damage for each damage counter on this Pokémon. | Discard an Energy from this Pokémon."
"cmobmw67y1tjs2pc73wb3py2n","藍鱷","0159","attack","J","擲1次硬幣若為正面，則選擇1個對手的戰鬥寶可夢身上附加的能量，將其丟棄。","コインを1回投げオモテなら、相手のバトルポケモンについているエネルギーを1個選び、トラッシュする。","Flip a coin. If heads, discard an Energy from your opponent’s Active Pokémon."
"cmo1u7ssm1yma5uee75mrkd6y","茸茸羊","0180","ability","E","在自己的回合時，可使用1次。從自己的棄牌區選擇1張【雷】能量卡，附於備戰寶可夢身上。","自分の番に1回使える。自分のトラッシュからエネルギーを1枚選び、ベンチポケモンにつける。",""
"cmo1u8i2x36lh5ueehcckugtn","卡比獸","0143","ability","D","若這隻寶可夢在戰鬥場上，則在自己的回合時可使用1次，若使用，則自己的回合結束。從牌庫抽卡直到自己的手牌滿7張為止。","","Once during your turn, if this Pokémon is in the Active Spot, you may draw cards until you have 7 cards in your hand. If you use this Ability, your turn ends."
"cmo1u6w610eop5ueebrc8a5x1","提布莉姆","0857","attack","D","將這隻寶可夢恢復「30」HP。 | 擲1次硬幣若為正面，則增加30點傷害。","このポケモンのHPを「30」回復する。 | コインを1回投げオモテなら、30ダメージ追加。","Heal 30 damage from this Pokémon. | Flip a coin. If heads, this attack does 30 more damage."
"cmo1u6y0o0hup5uee4qp593ns","保母蟲","0542","attack","E","將自己的所有備戰寶可夢的HP全部恢復。然後，將這隻寶可夢與附加的卡，全部放回自己的牌庫並重洗。","自分のベンチポケモン全員のHPを、すべて回復する。その後、このポケモンと、ついているすべてのカードを、自分の山札にもどして切る。","Heal all damage from each of your Benched Pokémon. If you healed any damage in this way, shuffle this Pokémon and all attached cards into your deck."
"cmo1u6y1z0hwy5ueelmhrf3yl","美納斯","0350","ability","E","只要這隻寶可夢在場上，對手從手牌使出支援者時，這張卡的持有人與其手牌不會受到其效果的影響。","このポケモンがいるかぎり、このカードの持ち主とその手札は、相手が手札からサポートを出して使ったとき、その効果を受けない。",""
"cmo1u6y2z0hyq5ueemylipqgs","花潔夫人","0671","ability","E","在自己的回合時，可不限次數使用。選擇1個自己的場上寶可夢身上附加的能量，改附於自己的其他「連擊」寶可夢身上。","自分の番に何回でも使える。自分の場のポケモンについているエネルギーを1個選び、自分の別の「れんげき」のポケモンにつけ替える。","As often as you like during your turn, you may move an Energy from 1 of your Pokémon to 1 of your Rapid Strike Pokémon."
"cmo1u6y860i7s5uee8q119chz","拉魯拉絲","0280","attack","E","從自己的牌庫選擇1張【超】屬性的【基礎】寶可夢卡或者【超】能量卡，在給對手看過後加入手牌。並且重洗牌庫。 | 在自己的回合時，物品卡可不限張數使用。","相手のバトルポケモンをこんらんにする。",""
"cmo1u6yhc0inn5ueevfcinvfl","鋼炮臂蝦","0693","attack","E","對手的1隻備戰寶可夢受到50點傷害。[在備戰區不計算弱點・抵抗力。]","相手のベンチポケモン1匹に、50ダメージ。［ベンチは弱点・抵抗力を計算しない。］","This attack does 50 damage to 1 of your opponent’s Benched Pokémon. (Don’t apply Weakness and Resistance for Benched Pokémon.)"
"cmo1u6yi80ip75ueehjry0rx5","天蠍","0207","attack","E","將對手的戰鬥寶可夢【中毒】。","相手のバトルポケモンをどくにする。","Your opponent’s Active Pokémon is now Poisoned."
"cmo1u6yrf0j565ueet03x58ap","沙鈴仙人掌","0556","attack","E","從自己的手牌將任意數量的「寶可夢道具」卡丟棄，造成其張數×50點傷害。","自分の手札から「ポケモンのどうぐ」を好きなだけトラッシュし、その枚数×50ダメージ。","Discard any number of Pokémon Tool cards from your hand. This attack does 50 damage for each card you discarded in this way."
"cmo1u845e2hyu5uee5n759x41","老翁龍","0780","attack","G","增加這隻寶可夢身上放置的傷害指示物的數量×10點傷害。","このポケモンにのっているダメカンの数×10ダメージ追加。",""
"cmo1u6yqw0j4a5ueeps12b1ll","巴大蝶","0012","ability","E","在自己的回合，當從手牌使出這張卡並完成進化時，可使用1次。將對手的戰鬥寶可夢【中毒】、【灼傷】與【混亂】。","自分の番に、このカードを手札から出して進化させたとき、1回使える。相手のバトルポケモンをどくとやけどとこんらんにする。","When you play this Pokémon from your hand to evolve 1 of your Pokémon during your turn, you may make your opponent’s Active Pokémon Burned, Confused, and Poisoned."
"cmo1u7xys27gn5ueejq9orhyu","海地鼠","0960","attack","G","擲1次硬幣若為正面，則將對手的牌庫上方1張卡丟棄。","コインを1回投げオモテなら、相手の山札を上から1枚トラッシュする。",""
"cmo1u6ysn0j6y5ueexgoujqkl","雪吞蟲","0872","attack","E","從自己的牌庫選擇最多2張【水】能量卡，在給對手看過後加入手牌。並且重洗牌庫。","自分の山札からエネルギーを2枚まで選び、相手に見せて、手札に加える。そして山札を切る。","Search your deck for up to 2 {W} Energy cards, reveal them, and put them into your hand. Then, shuffle your deck."
"cmo1u8kdw3aeu5uee1wzck1h1","妙蛙花V","0003","attack","E","將這隻寶可夢恢復「30」HP。 | 這隻寶可夢也受到30點傷害。 | 寶可夢【V】【氣絕】時，對手獲得2張獎賞卡。","",""
"cmo1u8ke83afe5uee3ly486tr","其他妙蛙花VMAX","0003","attack","E","造成自己的場上寶可夢身上附加的【草】能量的數量×30點傷害。 | 將這隻寶可夢恢復「30」HP。 | 寶可夢【VMAX】【氣絕】時，對手獲得3張獎賞卡。","",""
"cmo1u8ke13af25ueeox43g109","喇叭芽","0069","attack","E","若對手的戰鬥寶可夢【中毒】，則增加40點傷害。","",""
"cmo1u8kei3afu5uee7yq5pzbg","口呆花","0070","ability","E","在自己的回合，當從手牌使出這張卡並完成進化時，可使用1次。將對手的戰鬥寶可夢【中毒】與【灼傷】。","","When you play this Pokémon from your hand to evolve 1 of your Pokémon during your turn, you may make your opponent’s Active Pokémon Burned and Poisoned."
"cmo1u8kdu3aeq5ueek6xlbav6","大食花","0071","attack","E","將對手的戰鬥寶可夢【混亂】。在下個對手的回合，受到這個招式的寶可夢無法撤退。","","Your opponent’s Active Pokémon is now Confused. During your opponent’s next turn, that Pokémon can’t retreat."
"cmo1u81xz2e9j5ueeueydhx18","尖牙籠","0455","attack","H","將這隻寶可夢恢復「40」HP。 | 減少這隻寶可夢身上放置的傷害指示物的數量×10點傷害。","このポケモンのHPを「40」回復する。 | このポケモンにのっているダメカンの数×10ダメージぶん、このワザのダメージは小さくなる。","This attack does 10 less damage for each damage counter on this Pokémon."
"cmo1u8ke33af65uee3w39w9ee","時拉比","0251","ability","E","若這隻寶可夢在戰鬥場上，則在自己的回合時可使用1次。查看自己的牌庫上方6張卡。選擇其中1張能量卡，在給對手看過後加入手牌。將剩餘卡放回牌庫並重洗。","","Once during your turn, if this Pokémon is in the Active Spot, you may look at the top 6 cards of your deck, reveal an Energy card you find there, and put it into your hand. Shuffle the other cards back into your deck."
"cmobmw3zt1pzz2pc77cqrzzlv","破破舵輪","0781","attack","I","若場上有自己的競技場卡，則增加50點傷害。","場に自分のスタジアムが出ているなら、50ダメージ追加。","If you have a Stadium in play, this attack does 50 more damage."
"cmo1u85862jtm5uee3w4tb8ns","故勒頓ex","1007","attack","H","若自己的備戰寶可夢身上放置有傷害指示物，則增加120點傷害。","自分のベンチポケモンにダメカンがのっているなら、120ダメージ追加。","If your Benched Pokémon have any damage counters on them, this attack does 120 more damage."
"cmo1u8j6t38hd5ueef4k1olx6","櫻花兒","0421","ability","E","在自己的回合時，可不限次數使用。從自己的手牌選擇1張【草】能量卡，附於自己的寶可夢（「擁有規則的寶可夢」除外）身上。","","As often as you like during your turn, you may attach a {G} Energy card from your hand to 1 of your Pokémon that doesn’t have a Rule Box (Pokémon {V}, Pokémon-{GX}, etc. have Rule Boxes)."
"cmo1u8ken3ag25ueed5mswpud","蘭螳花","0754","attack","E","將這隻寶可夢恢復「30」HP。","このポケモンのHPを「30」回復する。","Heal 30 damage from this Pokémon."
"cmo1u8kea3afi5uee4yghdyw3","卡璞・哞哞","0787","attack","E","將對手的戰鬥寶可夢與備戰寶可夢互換。[由對手選擇放置於戰鬥場的寶可夢。] | 若希望，將這隻寶可夢身上附加的能量全部丟棄。這個情況下，增加80點傷害。","相手のバトルポケモンをベンチポケモンと入れ替える。［バトル場に出すポケモンは相手が選ぶ。］ | のぞむなら、このポケモンについているエネルギーを、すべてトラッシュする。その場合、80ダメージ追加。","Your opponent switches their Active Pokémon with 1 of their Benched Pokémon. | You may discard all Energy from this Pokémon. If you do, this attack does 80 more damage."
"cmo1u8key3agm5ueel0687eft","蘋裹龍V","0841","attack","E","在下個對手的回合，受到這個招式的寶可夢使用招式所需的能量增加2個【無】能量。 | 寶可夢【V】【氣絕】時，對手獲得2張獎賞卡。","",""
"cmo1u80vl2cgr5ueev3rhqn87","獨劍鞘","0679","attack","G","這隻寶可夢也受到10點傷害。","このポケモンにも10ダメージ。",""
"cmo1u7ow91rwm5uee35s0zk1r","咚咚鼠","0702","attack","J","從自己的棄牌區選擇最多與對手的所有寶可夢身上附加的能量的數量相同數量的「基本【雷】能量」卡，以任意方式附於自己的【雷】寶可夢身上。 | 擲1次硬幣若為正面，則將對手的戰鬥寶可夢【麻痺】。","相手のポケモン全員についているエネルギーの数ぶんまで、自分のトラッシュから「基本エネルギー」を選び、自分のポケモンに好きなようにつける。 | コインを1回投げオモテなら、相手のバトルポケモンをマヒにする。",""
"cmo1u8kfo3ahq5uee2o4wgw5g","火伊布","0136","attack","D","將對手的戰鬥寶可夢【灼傷】。 | 選擇1個這隻寶可夢身上附加的能量，將其丟棄。然後，選擇1個對手的戰鬥寶可夢身上附加的能量，將其丟棄。","",""
"cmo1u8kfg3ahe5ueekccneq4a","焚焰蚣","0851","ability","E","只要這隻寶可夢在場上，對手的【灼傷】的寶可夢，就算在寶可夢檢查時擲的硬幣為正面，【灼傷】也不會恢復。","","Whenever your opponent flips a coin for their Burned Pokémon during Pokémon Checkup, it doesn’t recover from that Special Condition even if the result is heads."
"cmo1u8kfj3ahi5ueewes59lgy","水箭龜V","0009","attack","E","在下個自己的回合，這隻寶可夢無法使用「激流炮」。 | 寶可夢【V】【氣絕】時，對手獲得2張獎賞卡。","",""
"cmo1u8kf63agy5ueew30hn69m","其他水箭龜VMAX","0009","attack","E","從自己的牌庫選擇最多3張【水】能量卡，以任意方式附於備戰寶可夢身上。並且重洗牌庫。 | 對手的2隻備戰寶可夢也各受到30點傷害。[在備戰區不計算弱點・抵抗力。] | 寶可夢【VMAX】【氣絕】時，對手獲得3張獎賞卡。","",""
"cmo1u7zsz2am75ueenc0wpyy2","火恐龍","0005","ability","G","這隻寶可夢不會受到對手的寶可夢使用招式的效果的影響。","このポケモンは、相手のポケモンが使うワザの効果を受けない。","Prevent all effects of attacks used by your opponent’s Pokémon done to this Pokémon. (Damage is not an effect.)"
"cmo1u8kfq3ahu5ueeytw32yw0","墨海馬","0116","attack","E","在下個對手的回合，當受到這個招式的寶可夢使用招式時，對手擲1次硬幣。若為反面，則那個招式失敗。","",""
"cmo1u8id637305uee1jrwnnjw","龍蝦小兵","0341","attack","E","擲1次硬幣若為正面，則將對手的戰鬥寶可夢【麻痺】。","",""
"cmo1u8id937345ueeetjxhb1a","鐵螯龍蝦","0342","attack","E","在不看正面的情況下，選擇1張對手的手牌，將其丟棄。","","Discard a random card from your opponent’s hand."
"cmo1u8kgh3aj35uee97ogaccz","波爾凱尼恩","0721","attack","E","擲2次硬幣，造成正面出現的次數×120點傷害。","","Flip 2 coins. This attack does 120 damage for each heads."
"cmo1u8kgt3ajn5ueec5cjbd28","古月鳥","0845","attack","E","對手的1隻備戰寶可夢受到50點傷害。[在備戰區不計算弱點・抵抗力。]","",""
"cmo1u8j9a38le5ueer6nifprc","雪絨蛾","0873","ability","D","在自己的回合時，可不限次數使用。從自己的手牌選擇1張【水】能量卡，附於備戰區的【水】寶可夢身上。","",""
"cmo1u8idr37415ueec5vwblhs","帕奇利茲","0417","attack","E","從自己的牌庫選擇1張寶可夢卡，在給對手看過後加入手牌。並且重洗牌庫。","","Search your deck for a Pokémon, reveal it, and put it into your hand. Then, shuffle your deck."
"cmo1u8khg3akr5uee48q7w81t","伽勒爾 呆呆獸","0079","attack","E","擲1次硬幣若為正面，則選擇對手的1隻備戰寶可夢，與戰鬥寶可夢互換。","",""
"cmo1u7pn31t6r5ueeqgwj677k","刺龍王ex","0230","attack","H","從自己的棄牌區選擇最多3張【水】寶可夢卡，放置於備戰區。 | 增加這隻寶可夢身上附加的【水】能量的數量×50點傷害。","自分のトラッシュからポケモンを3枚まで選び、ベンチに出す。 | このポケモンについているエネルギーの数×50ダメージ追加。","Put up to 3 {W} Pokémon from your discard pile onto your Bench. | This attack does 50 more damage for each {W} Energy attached to this Pokémon."
"cmo1u80q72c7l5ueelorf0mte","吼爆彈","0294","attack","G","擲1次硬幣若為正面，則將對手的戰鬥寶可夢【麻痺】。","コインを1回投げオモテなら、相手のバトルポケモンをマヒにする。","Flip a coin. If heads, your opponent’s Active Pokémon is now Paralyzed."
"cmo1u8idw37495ueel6k4oiw8","念力土偶","0344","attack","E","從自己的棄牌區選擇【超】能量，以任意方式附於自己的寶可夢身上，直到自己的場上寶可夢身上附加的能量的數量，和對手的場上寶可夢身上附加的能量的數量相同為止。","","Attach {P} Energy cards from your discard pile to your Pokémon in any way you like until your Pokémon and your opponent’s Pokémon have the same total amount of Energy attached."
"cmo1u8khn3al35uee707pdxy6","風鈴鈴","0358","attack","E","從自己的牌庫選擇最多2張基本能量卡，在給對手看過後加入手牌。並且重洗牌庫。 | 將對手的戰鬥寶可夢【睡眠】。","","Search your deck for up to 2 basic Energy cards, reveal them, and put them into your hand. Then, shuffle your deck. | Your opponent’s Active Pokémon is now Asleep."
"cmo1u8i5z36qq5uee2kjuw55x","多龍奇","0886","attack","E","從自己的牌庫選擇1張「多龍梅西亞」卡，放置於備戰區。並且重洗牌庫。","","Search your deck for a Dreepy and put it onto your Bench. Then, shuffle your deck."
"cmo1u8bcj2us55ueef6cqjya7","猴怪","0056","attack","E","擲1次硬幣若為反面，則這個招式失敗。","コインを1回投げウラなら、このワザは失敗。","Flip a coin. If tails, this attack does nothing."
"cmo1u80zv2co45uee3hcb1bo8","煤炭龜","0324","attack","H","在下個對手的回合，這隻寶可夢受到招式的傷害「-30」點。 | 選擇2個這隻寶可夢身上附加的能量，將其丟棄。","次の相手の番、このポケモンが受けるワザのダメージは「-30」される。 | このポケモンについているエネルギーを2個選び、トラッシュする。","During your opponent’s next turn, this Pokémon takes 30 less damage from attacks (after applying Weakness and Resistance). | Discard 2 Energy from this Pokémon."
"cmo1u8kiq3amv5ueegmnlrgc7","火爆猴","0057","attack","E","將場上的對手的競技場卡丟棄。 | 造成自己的備戰區的身上放置有傷害指示物的寶可夢數量×50點傷害。","場に出ている相手のスタジアムをトラッシュする。 | 自分のベンチのダメカンがのっているポケモンの数×50ダメージ。","If your opponent has a Stadium in play, discard it. | This attack does 50 damage for each of your Benched Pokémon that has any damage counters on it."
"cmp2dg00a2s9m116cy70687xe","古玉魚","","attack","H","從自己的牌庫抽出2張卡。 | 若場上有競技場卡，則增加60點傷害。然後，將那張競技場卡丟棄。","自分の山札を2枚引く。 | 場にスタジアムが出ているなら、60ダメージ追加。その後、そのスタジアムをトラッシュする。","If a Stadium is in play, this attack does 60 more damage. Then, discard that Stadium."
"cmo1u8kjb3anv5uee56xs26nf","一擊武道熊師V","0892","attack","E","這個招式的傷害不計算抵抗力。 | 寶可夢【V】【氣絕】時，對手獲得2張獎賞卡。","",""
"cmo1u8kj43anj5ueejl93udl3","連擊武道熊師V","0892","attack","E","對手的2隻備戰寶可夢也各受到20點傷害。[在備戰區不計算弱點・抵抗力。] | 寶可夢【V】【氣絕】時，對手獲得2張獎賞卡。","",""
"cmo1u8kjg3ao45ueec6fzzs2p","叉字蝠","0169","ability","E","在自己的回合，當從手牌使出這張卡並完成進化時，可使用1次。從自己的牌庫抽出3張卡。","","When you play this Pokémon from your hand to evolve 1 of your Pokémon during your turn, you may draw 3 cards."
"cmo1u8kjp3aok5ueefo063rt0","班基拉斯V","0248","attack","E","將對手的牌庫上方2張卡丟棄。 | 將自己的牌庫上方4張卡丟棄。 | 寶可夢【V】【氣絕】時，對手獲得2張獎賞卡。","",""
"cmo1u7pvp1tlh5ueexin0ajh4","皮可西","0036","attack","E","選擇1個對手的戰鬥寶可夢持有的招式，作為這個招式使用。","相手のバトルポケモンが持っているワザを1つ選び、このワザとして使う。","Search your deck for up to 3 basic Energy cards of different types and attach them to your Pokémon in any way you like. Then, shuffle your deck."
"cmo1u8if037655uee7s9ssmjg","劈斬司令","0625","attack","E","若對手的戰鬥寶可夢為【鋼】寶可夢，則增加90點傷害。","","If your opponent’s Active Pokémon is a {M} Pokémon, this attack does 90 more damage."
"cmo1u823o2eig5ueefeftaudv","烈箭鷹","0663","attack","H","若對手的戰鬥寶可夢【撤退】所需的能量為2個以上，則增加110點傷害。","相手のバトルポケモンのにげるためのエネルギーが2個以上なら、110ダメージ追加。","If the Retreat Cost of your opponent’s Active Pokémon is {C}{C} or more, this attack does 110 more damage."
"cmo1u8kkh3aps5ueevqlsy01s","堅盾劍怪","0681","attack","E","在自己的回合時，可使用1次。從自己的手牌選擇1張「堅盾劍怪」卡，與這張卡互換（所附加的卡・傷害指示物・特殊狀態・效果等全部保留）。將這張卡放回手牌。 | 選擇2個這隻寶可夢身上附加的【鋼】能量，將其丟棄。","",""
"cmo1u8kkf3apo5ueexfpgnyag","堅盾劍怪","0681","attack","E","在自己的回合時，可使用1次。從自己的手牌選擇1張「堅盾劍怪」卡，與這張卡互換（所附加的卡・傷害指示物・特殊狀態・效果等全部保留）。將這張卡放回手牌。 | 在下個對手的回合，這隻寶可夢不會受到「寶可夢【VMAX】」招式的傷害。","",""
"cmo1u8if7376h5ueeolpov0jd","鋼鎧鴉V","0823","attack","E","在下個對手的回合，受到這個招式的寶可夢無法撤退。 | 在下個自己的回合，這隻寶可夢無法使用「天空颶風」。 | 寶可夢【V】【氣絕】時，對手獲得2張獎賞卡。","",""
"cmo1u81j32dkq5ueelrseniph","轟擂金剛猩","0812","attack","H","在下個對手的回合，受到這個招式的寶可夢使用招式所需的能量與【撤退】所需的能量，各增加1個【無】能量。 | 這隻寶可夢也受到50點傷害。","次の相手の番、このワザを受けたポケモンは、ワザを使うためのエネルギーとにげるためのエネルギーが、それぞれエネルギー1個ぶん多くなる。 | このポケモンにも50ダメージ。","During your opponent’s next turn, attacks used by the Defending Pokémon cost {C} more, and its Retreat Cost is {C} more. | This Pokémon also does 50 damage to itself."
"cmo1u8kl43aqw5ueeun1qf4qy","其他伊布VMAX","0133","attack","D","在下個對手的回合，當受到這個招式的寶可夢使用招式時，對手擲1次硬幣。若為反面，則那個招式失敗。 | 寶可夢【VMAX】【氣絕】時，對手獲得3張獎賞卡。","",""
"cmo1u8ifh376x5ueexula2ccp","東施喵","0432","attack","E","從自己的牌庫抽出3張卡。然後，將這隻寶可夢【睡眠】。","","Draw 3 cards. If you do, this Pokémon is now Asleep."
"cmo1u8kl73ar05ueeaej05g8w","古月鳥V","0845","attack","D","從自己的牌庫任意選擇最多2張卡加入手牌。並且重洗牌庫。 | 將這隻寶可夢身上附加的能量全部丟棄，對手的1隻寶可夢受到160點傷害。[在備戰區不計算弱點・抵抗力。] | 寶可夢【V】【氣絕】時，對手獲得2張獎賞卡。","",""
"cmo1u7q6w1u4p5ueexdbthnng","瑪俐的扒手貓","0509","attack","I","若對手的戰鬥寶可夢為「寶可夢【ex】」，則增加40點傷害。","相手のバトルポケモンが「ポケモンex」なら、40ダメージ追加。","If your opponent’s Active Pokémon is a Pokémon {ex}, this attack does 40 more damage."
"cmo1u8kll3aro5ueechsgmgv3","其他古月鳥VMAX","0845","attack","D","擲與這隻寶可夢身上附加的能量的數量相同次數的硬幣，造成正面出現的次數×80點傷害。 | 寶可夢【VMAX】【氣絕】時，對手獲得3張獎賞卡。","",""
"cmo1u82ht2f585uee6394d230","猴怪","0056","attack","H","擲2次硬幣，造成正面出現的次數×10點傷害。","コインを2回投げ、オモテの数×10ダメージ。","Flip 2 coins. This attack does 10 damage for each heads."
"cmo1u7q9r1u9i5ueecem67o6w","青銅鐘","0437","attack","H","擲2次硬幣，造成正面出現的次數×100點傷害。","コインを2回投げ、オモテの数×100ダメージ。","Flip 2 coins. This attack does 100 damage for each heads."
"cmo1u82jm2f895ueefygpgyvo","爆炸頭水牛","0626","attack","H","在下個對手的回合，這隻寶可夢受到招式的傷害時，在使用招式的寶可夢身上放置6個傷害指示物。 | 選擇2個這隻寶可夢身上附加的能量，將其丟棄。","次の相手の番、このポケモンがワザのダメージを受けたとき、ワザを使ったポケモンにダメカンを6個のせる。 | このポケモンについているエネルギーを2個選び、トラッシュする。","During your opponent’s next turn, if this Pokémon is damaged by an attack (even if this Pokémon is Knocked Out), put 6 damage counters on the Attacking Pokémon. | Discard 2 Energy from this Pokémon."
"cmo1u8kog3awp5ueedqntfm5w","啪咚猴","0811","attack","E","在不看正面的情況下，選擇1張對手的手牌，將其丟棄。","",""
"cmo1u8kq33aze5ueejsyrbj53","火炎獅","0668","attack","E","選擇1個對手的戰鬥寶可夢身上附加的能量，將其丟棄。","","Discard an Energy from your opponent’s Active Pokémon."
"cmo1u8kpt3ayx5uee54uqa114","波爾凱尼恩V","0721","attack","E","若這隻寶可夢身上放置有10個以上的傷害指示物，則增加150點傷害。 | 寶可夢【V】【氣絕】時，對手獲得2張獎賞卡。","",""
"cmo1u8ih5379u5ueehk0t2cz8","水伊布V","0134","attack","E","從自己的牌庫抽出3張卡。 | 將這隻寶可夢與備戰寶可夢互換。 | 寶可夢【V】【氣絕】時，對手獲得2張獎賞卡。","",""
"cmo1u8kpw3az15ueeez1zvo0e","其他水伊布VMAX","0134","attack","E","從自己的棄牌區選擇1張【水】寶可夢卡，放置於備戰區。然後，從自己的棄牌區選擇最多3張【水】能量卡，附於剛放置的寶可夢身上。 | 若對手的戰鬥寶可夢身上放置有傷害指示物，則增加100點傷害。 | 寶可夢【VMAX】【氣絕】時，對手獲得3張獎賞卡。","",""
"cmo1u8ih937a25uee78qt0y4l","瑪力露麗","0184","attack","E","從自己的棄牌區選擇寶可夢卡與支援者卡合計最多3張，在給對手看過後加入手牌。","","Put up to 3 in any combination of Pokémon and Supporter cards from your discard pile into your hand."
"cmo1u855d2joq5uee5113rmwu","呆呆王","0199","attack","H","若希望，選擇2個對手的戰鬥寶可夢身上附加的能量，放回對手的手牌。","のぞむなら、相手のバトルポケモンについているエネルギーを2個選び、相手の手札にもどす。","You may put 2 Energy attached to your opponent’s Active Pokémon into their hand."
"cmo1u8j9538l65ueez9wjohwn","雪妖女","0478","ability","E","在自己的回合，當從手牌使出這張卡並完成進化時，可使用1次。從自己的棄牌區選擇1張【水】能量卡，附於自己的寶可夢身上。","","When you play this Pokémon from your hand to evolve 1 of your Pokémon during your turn, you may attach a {W} Energy card from your discard pile to 1 of your Pokémon."
"cmo1u6wu80fv55ueeiymanoow","風鈴鈴","0358","attack","D","從自己的牌庫選擇寶可夢卡與支援者卡各1張，在給對手看過後加入手牌。並且重洗牌庫。 | 將對手的戰鬥寶可夢【睡眠】。","自分の山札からポケモンとサポートを1枚ずつ選び、相手に見せて、手札に加える。そして山札を切る。 | 相手のバトルポケモンをねむりにする。","Search your deck for a Pokémon and a Supporter card, reveal them, and put them into your hand. Then, shuffle your deck. | Your opponent’s Active Pokémon is now Asleep."
"cmo1u8kr13b0y5ueet88v28e3","愛心魚","0370","attack","E","將自己的手牌全部放回牌庫並重洗。然後，從自己的牌庫抽出與對手的手牌張數相同數量的卡。","","Shuffle your hand into your deck. Then, draw a card for each card in your opponent’s hand."
"cmo1u8i9r36x35uee2415f5yj","電燈怪","0171","attack","E","在下個對手的回合，當受到這個招式的寶可夢使用招式時，對手擲1次硬幣。若為反面，則那個招式失敗。","","During your opponent’s next turn, if the Defending Pokémon tries to attack, your opponent flips a coin. If tails, that attack doesn’t happen."
"cmo1u8ksd3b365ueecw6f17f2","咩利羊","0179","attack","E","在下個對手的回合，受到這個招式的寶可夢使用招式的傷害「-20」點。","",""
"cmo1u6xwm0hns5uee1knqshkw","鐵螯龍蝦","0342","attack","E","在不看正面的情況下，選擇1張對手的手牌，將其丟棄。","相手の手札からオモテを見ないで1枚選び、トラッシュする。",""
"cmo1u6y8o0i8o5uee89v4ffa1","岩狗狗","0744","attack","E","雙方玩家每次從自己的手牌將能量附於寶可夢（【超】寶可夢除外）身上時，在那隻寶可夢身上放置2個傷害指示物。 | 在自己的回合時，只可將1張競技場卡放置於戰鬥場旁邊。若其他名稱的競技場卡被放置，則將這張卡丟棄。","コインを1回投げオモテなら、相手のバトルポケモンについているエネルギーを1個選び、トラッシュする。",""
"cmo1u7pxb1toa5uee3pjygrf4","拉帝亞斯","0380","attack","H","從自己的牌庫抽出2張卡。","自分の山札を2枚引く。",""
"cmo1u8ks93b2y5ueeb93sffir","電龍","0181","attack","E","擲1次硬幣若為正面，則將對手的戰鬥寶可夢【麻痺】。 | 查看對手的手牌，若其中有能量卡，則增加90點傷害。","","Flip a coin. If heads, your opponent’s Active Pokémon is now Paralyzed. | Your opponent reveals their hand. If you find any Energy cards there, this attack does 90 more damage."
"cmo1u6ybn0idt5ueefzx6h3rk","轟擂金剛猩","0812","attack","E","將這隻寶可夢恢復「30」HP。 | 將自己的場上寶可夢身上附加的任意數量的能量丟棄，增加其張數×30點傷害。","このポケモンのHPを「30」回復する。 | 自分の場のポケモンについているエネルギーを好きなだけトラッシュし、その枚数×30ダメージ追加。",""
"cmo1u8eeb309c5uee43tizkv3","煤炭龜","0324","attack","B","從自己的牌庫上方抽出4張丟到棄牌區，將其中的所有【火】能量卡，以任意方式附於自己的寶可夢身上。 | 將對手的戰鬥寶可夢【灼傷】。","",""
"cmo1u8ee1308w5ueee18f97o6","小火焰猴","0390","attack","B","擲3次硬幣，造成正面出現的次數×10點傷害。","",""
"cmo1u6y3o0hzy5uee5zot2x08","搗蛋小妖","0859","attack","E","擲1次硬幣若為正面，則增加30點傷害。","コインを1回投げオモテなら、30ダメージ追加。",""
"cmo1u8eed309g5uee8n029vwl","猛火猴","0391","attack","B","將對手的戰鬥寶可夢【灼傷】。","",""
"cmobmw48l1qe82pc7bykyx57f","天蠍王","0472","attack","I","將對手的戰鬥寶可夢【中毒】。在下個對手的回合，受到這個招式的寶可夢無法撤退。","相手のバトルポケモンをどくにする。次の相手の番、このワザを受けたポケモンは、にげられない。",""
"cmo1u6va30d4v5ueepje4an42","其他烈空坐VMAX","0384","attack","E","將這隻寶可夢身上附加的【火】或者【雷】任一屬性的任意數量的基本能量卡丟棄，增加其張數×80點傷害。 | 寶可夢【VMAX】【氣絕】時，對手獲得3張獎賞卡。","このポケモンについているまたはタイプのどちらかの基本エネルギーを好きなだけトラッシュし、その枚数×80ダメージ追加。",""
"cmo1u8ee330905ueep8ljjb3z","烈焰猴","0392","ability","B","只要這隻寶可夢在場上，對手的戰鬥寶可夢因【灼傷】而放置的傷害指示物的數量改為6個。","",""
"cmo1u8ksp3b3q5ueew9kmxm2b","其他太陽伊布VMAX","0196","ability","E","只要這隻寶可夢在場上，自己的所有身上附有能量的寶可夢，不會受到對手的寶可夢使用招式的效果的影響。（已經受到的效果無法消除。）","",""
"cmo1u6ys00j625ueebff735lp","其他水晶燈火靈VMAX","0609","ability","E","只要這隻寶可夢在戰鬥場上，對手無法從手牌使出並附上「寶可夢道具」。","このポケモンがバトル場にいるかぎり、相手は手札から「ポケモンのどうぐ」を出してつけられない。",""
"cmo1u8ee830985ueepk4hvb5f","火紅不倒翁","0554","attack","B","擲硬幣直到出現反面，增加正面出現的次數×30點傷害。","",""
"cmo1u8ksw3b425ueec3xgwc34","拉魯拉絲","0280","attack","E","將對手的戰鬥寶可夢【混亂】。","",""
"cmo1u8edz308s5ueeh5nv9pom","達摩狒狒","0555","attack","B","從自己的手牌抽出最多3張【火】能量卡，以任意方式附於自己的寶可夢身上。 | 擲4次硬幣，增加正面出現的次數×50點傷害。","",""
"cmo1u6ws60frk5ueepya9eede","噴火龍","0006","ability","D","在自己的回合時，可使用1次。查看自己的牌庫上方3張卡，選擇其中1張卡加入手牌。將剩餘卡丟棄。","自分の番に1回使える。自分の山札を上から3枚見て、その中からカードを1枚選び、手札に加える。残りのカードはトラッシュする。",""
"cmo1u83dv2gnm5ueetnpm0em3","N的電電蟲","0595","attack","I","在造成傷害前，將對手的戰鬥寶可夢身上附加的「寶可夢道具」卡丟棄。有丟棄的情況下，將對手的戰鬥寶可夢【麻痺】。","ダメージを与える前に、相手のバトルポケモンについている「ポケモンのどうぐ」をトラッシュする。トラッシュした場合、相手のバトルポケモンをマヒにする。","Before doing damage, discard all Pokémon Tools from your opponent’s Active Pokémon. If you discarded a Pokémon Tool in this way, your opponent’s Active Pokémon is now Paralyzed."
"cmo1u8eek309s5uee5r9whcd8","火斑喵","0725","attack","B","擲1次硬幣若為正面，則增加10點傷害。","",""
"cmo1u8eew30ad5ueedvey1b9l","阿羅拉 穿山鼠","0027","attack","B","擲3次硬幣，造成正面出現的次數×10點傷害。","",""
"cmo1u6ws80fro5ueeposx3bzo","熔岩蝸牛","0219","attack","D","選擇2個這隻寶可夢身上附加的能量，將其丟棄。","このポケモンについているエネルギーを2個選び、トラッシュする。","Discard 2 Energy from this Pokémon."
"cmo1u8ef530at5ueezy2ptevq","阿羅拉 穿山王","0028","attack","B","在下個對手的回合，當這隻寶可夢受到招式的傷害時，在使用招式的寶可夢身上放置6個傷害指示物。","",""
"cmo1u8eez30ah5uee9f2cdx4m","阿羅拉 六尾","0037","ability","B","若自己的場上有【妖】寶可夢，則將這隻寶可夢【撤退】所需的能量全部消除。","","Flip a coin. If heads, discard the top card of your opponent’s deck."
"cmo1u8ef130al5ueelkuci7ug","墨海馬","0116","attack","B","增加這隻寶可夢身上所附加的【水】能量的數量×10點傷害。","",""
"cmo1u7pz21tra5ueedbvtbsha","莉莉艾的萌虻","0742","attack","I","將這隻寶可夢恢復「10」HP。","このポケモンのHPを「10」回復する。","Heal 10 damage from this Pokémon."
"cmo1u85422jmh5ueeom73yyic","裙兒小姐","0549","ability","H","只要這隻寶可夢在場上，自己的【草】或者【火】寶可夢使用的招式，對對手的戰鬥寶可夢造成的傷害「+20」點。","このポケモンがいるかぎり、自分のまたはポケモンが使うワザの、相手のバトルポケモンへのダメージは「+20」される。","Attacks used by your {G} Pokémon and {R} Pokémon do 20 more damage to your opponent’s Active Pokémon (before applying Weakness and Resistance)."
"cmo1u83f72gpu5uee4jz6aigq","沙基拉斯","0247","attack","I","這隻寶可夢也受到20點傷害。","このポケモンにも20ダメージ。","This Pokémon also does 20 damage to itself."
"cmo1u8ef330ap5ueeyd9cpq6x","海刺龍","0117","attack","B","增加這隻寶可夢身上所附加的【水】能量的數量×20點傷害。","","If your opponent’s Active Pokémon is Poisoned, this attack does 60 more damage."
"cmobmwahi20do2pc7txf4ni83","其他以歐路普VMAX","0826","ability","D","若這隻寶可夢在戰鬥場上，則在自己的回合時可使用1次。在對手的所有寶可夢身上各放置1個傷害指示物。","このポケモンがバトル場にいるなら、自分の番に1回使える。相手のポケモン全員に、それぞれダメカンを1個のせる。",""
"cmo1u8ef830ax5uee5p91d4df","刺龍王GX","0230","attack","B","增加這隻寶可夢身上所附加的【水】能量的數量×50點傷害。 | 將這隻寶可夢與備戰寶可夢互換。 | 對手的所有寶可夢各受到40點傷害。[在備戰區不計算弱點・抵抗力。]［對戰中，己方只可使用1次GX招式。］ | 寶可夢GX【氣絕】時，對手獲得2張獎賞卡。","",""
"cmo1u6t8a09k85uee16lao84v","其他皮卡丘VMAX","0025","attack","D","若希望，將這隻寶可夢身上附加的能量全部丟棄。這個情況下，增加150點傷害。 | 寶可夢【VMAX】【氣絕】時，對手獲得3張獎賞卡。","のぞむなら、このポケモンについているエネルギーを、すべてトラッシュする。その場合、150ダメージ追加。",""
"cmo1u8efc30b55uee3ctft8di","沼王","0195","ability","B","在自己的回合時，可不限次數使用。將自己的備戰寶可夢身上所附加的1個【水】能量，改附於戰鬥寶可夢身上。","",""
"cmo1u8efo30bp5ueepaqblnvn","沼躍魚","0259","attack","B","對手的1隻備戰寶可夢也受到20點傷害。[在備戰區不計算弱點・抵抗力。]","",""
"cmo1u8efl30bl5ueexw1yo5i6","巨沼怪","0260","ability","B","在自己的回合時，可使用1次。從自己的手牌抽出1張丟到棄牌區。然後，從牌庫抽出3張。","",""
"cmo1u6y0t0huy5ueefy4numao","寶包繭","0541","attack","E","擲1次硬幣若為正面，則增加20點傷害。","コインを1回投げオモテなら、20ダメージ追加。","Flip a coin. If heads, this attack does 20 more damage."
"cmo1u8efy30c55uee5h8jrbde","自爆磁怪","0462","ability","B","在自己的回合時，可不限次數使用。從自己的手牌抽出1張【雷】能量卡，附於自己的寶可夢身上。","",""
"cmo1u8eg530ch5ueepbl0rjqn","電擊獸","0125","attack","B","擲1次硬幣若為正面，則將對手的戰鬥寶可夢【麻痺】。","",""
"cmo1u6y810i7k5uee3jn6nqro","詛咒娃娃","0354","attack","E","選擇任意數量的自己的手牌，以任意順序排列，放回牌庫下方。然後，從牌庫抽出與放回的張數相同數量的卡。 | 在自己的回合時，支援者卡只可使用1張。","このポケモンにダメカンを7個までのせ、のせた数×20ダメージ。 | 相手のバトルポケモンをこんらんにする。",""
"cmo1u8ege30cx5ueelngu3plz","帕奇利茲","0417","attack","B","在造成傷害前，將對手的戰鬥寶可夢身上所附加的「寶可夢道具卡」丟到棄牌區。丟到棄牌區的情況下，增加40點傷害，將對手的戰鬥寶可夢【麻痺】。","","If 1 of your Dedenne used Dede-Short during your last turn, this attack does 180 more damage."
"cmo1u8egk30d95uee1ajodrbc","斑斑馬","0522","attack","B","從自己的牌庫抽出最多2張「電氣力量」，在給對手看過後加入手牌。並且重洗牌庫。","自分の山札にある「エレキパワー」を2枚まで、相手に見せてから、手札に加える。そして山札を切る。",""
"cmo1u8egw30dt5ueencmfwoxv","勾魂眼","0302","attack","B","這個招式可在先攻玩家的最初回合使用。從自己的牌庫抽出1張任意卡加入手牌。並且重洗牌庫。 | 將3個傷害指示物以任意方式放置於對手的寶可夢身上。","",""
"cmo1u82ia2f605ueedi5r2z8v","晶光芽","0969","attack","H","這個招式的傷害不計算抵抗力。","このワザのダメージは抵抗力を計算しない。","This attack’s damage isn’t affected by Resistance."
"cmo1u8egp30dh5ueemodkv6ey","飄飄球","0425","attack","B","將對手的戰鬥寶可夢【混亂】。","",""
"cmo1u6ysi0j6q5ueeg2sji3i3","好勝毛蟹V","0740","attack","E","將對手的牌庫上方2張卡丟棄。 | 增加對手的戰鬥寶可夢身上放置的傷害指示物的數量×60點傷害。 | 寶可夢【V】【氣絕】時，對手獲得2張獎賞卡。","相手の山札を上から2枚トラッシュする。 | 相手のバトルポケモンにのっているダメカンの数×60ダメージ追加。",""
"cmo1u8ksy3b465ueeqdfmqaku","克雷色利亞","0488","attack","E","從自己的牌庫選擇1張【超】能量卡，附於自己的寶可夢身上。並且重洗牌庫。若在後攻玩家的最初回合使用，則可附上的張數改為最多3張，附於自己的1隻寶可夢身上。 | 若自己的場上的能量有5個以上，則增加90點傷害。","","Search your deck for a {P} Energy card and attach it to 1 of your Pokémon. If you go second and it’s your first turn, instead search for up to 3 {P} Energy cards and attach them to 1 of your Pokémon. Then, shuffle your deck. | If you have at least 5 Energy in play, this attack does 90 more damage."
"cmo1u6xmg0h7p5ueenm3toaag","伽勒爾 哭哭面具","0562","attack","E","擲1次硬幣若為正面，則增加30點傷害。","コインを1回投げオモテなら、30ダメージ追加。",""
"cmobmw3tk1ppv2pc7n954gef9","九尾","0038","attack","I","將自己的牌庫上方1張卡丟棄，若那張卡為支援者卡，則將那個效果作為這個招式的效果使用。","自分の山札を上から1枚トラッシュし、そのカードがサポートなら、その効果を、このワザの効果として使う。","Discard the top card of your deck, and if that card is a Supporter card, use the effect of that card as the effect of this attack."
"cmobmw3tw1pqf2pc7we2v4cx2","騰蹴小將","0814","attack","I","對手的1隻寶可夢受到40點傷害。[在備戰區不計算弱點・抵抗力。]","相手のポケモン1匹に、40ダメージ。［ベンチは弱点・抵抗力を計算しない。］","This attack does 40 damage to 1 of your opponent’s Pokémon. (Don’t apply Weakness and Resistance for Benched Pokémon.)"
"cmobmw3tz1pqj2pc7t7ovfghv","閃焰王牌","0815","ability","I","進行對戰準備將寶可夢放置於戰鬥場上時，若手牌有這張卡，則可將這張卡反面朝上放置於戰鬥場。","対戦準備でポケモンをバトル場に出すとき、このカードが手札にあるなら、ウラにしてバトル場に出してよい。","If this Pokémon is in your hand when you are setting up to play, you may put it face down in the Active Spot."
"cmo1u8eha30eh5ueerzvapzw5","科斯莫姆","0790","attack","B","將這隻寶可夢恢復「20」HP。","",""
"cmo1u8ehj30ex5ueeisxstpxd","奈克洛茲瑪 拂曉之翼","0800","attack","B","若自己剩餘獎賞卡的張數為6張，則增加這隻寶可夢身上所放置的傷害指示物的數量×20點傷害。 | 將這隻寶可夢身上所附加的2個能量丟到棄牌區。","",""
"cmo1u8ehq30f95ueepc0g4ef6","毒貝比","0803","attack","B","將對手的戰鬥寶可夢【中毒】。 | 在下個對手的回合，就算這隻寶可夢【氣絕】，對手也無法獲得獎賞卡。","",""
"cmo1u8eho30f55ueef08ky4ae","毒貝比","0803","attack","B","在看過所有反面朝上的自己的獎賞卡的正面後，回復原樣。","",""
"cmo1u8kth3b535ueesfyvewgn","泥偶巨人","0623","attack","E","若這隻寶可夢身上附有「寶可夢道具」，則增加90點傷害。 | 這隻寶可夢也受到30點傷害。","","If this Pokémon has a Pokémon Tool attached, this attack does 90 more damage. | This Pokémon also does 30 damage to itself."
"cmo1u8kt53b4i5ueedezrprpl","蝶結萌虻","0743","attack","E","若希望，選擇1個對手的戰鬥寶可夢身上附加的能量，改附於對手的備戰寶可夢身上。","",""
"cmo1u8eih30gi5ueejfuvz04m","龜腳腳","0688","attack","B","從自己的牌庫抽出1張。","",""
"cmobmwaa3201k2pc7exqa3s3k","鐵蟻","0632","attack","E","若對手的戰鬥寶可夢為【火】寶可夢，則將那隻寶可夢【麻痺】。","相手のバトルポケモンがポケモンなら、そのポケモンをマヒにする。",""
"cmo1u8ei230fu5ueeuya8qsvt","龜足巨鎧","0689","attack","B","若自己的手牌為7張，則將對手的戰鬥寶可夢【麻痺】。","",""
"cmo1u8eic30ga5ueeces7fopy","基格爾德","0718","ability","B","這隻寶可夢使用招式的傷害，不計算弱點・抵抗力。","",""
"cmo1u8ei530fy5uee2lzpzl5i","基格爾德","0718","attack","B","擲1次硬幣若為正面，則將對手的戰鬥寶可夢【麻痺】。 | 若己方已經使用了GX招式，則增加60點傷害。","",""
"cmo1u8ij037d25uee714sf3bs","噬沙堡爺","0770","attack","E","若對手的戰鬥寶可夢為【基礎】寶可夢，則將那隻寶可夢【氣絕】。","","If your opponent’s Active Pokémon is a Basic Pokémon, it is Knocked Out."
"cmo1u8ku73b6b5ueeu85q604p","好勝毛蟹","0740","attack","E","擲2次硬幣，造成正面出現的次數×90點傷害。","","Flip 2 coins. This attack does 90 damage for each heads."
"cmobmw3vc1pss2pc7927xmrec","鐵螯龍蝦","0342","attack","I","若這隻寶可夢身上放置有傷害指示物，則這個招式只需要1個【惡】能量即可使用。","このワザは、このポケモンにダメカンがのっているなら、エネルギー1個で使える。","If this Pokémon has any damage counters on it, this attack can be used for {D}."
"cmobmw3vo1ptc2pc77bm6ebgh","狐大盜","0828","attack","I","若希望，從牌庫抽卡直到自己的手牌滿6張為止。","のぞむなら、自分の手札が6枚になるように、山札を引く。","You may draw cards until you have 6 cards in your hand."
"cmobmw3vu1ptl2pc7lfbn7xdn","塗標客","0945","attack","I","擲1次硬幣若為正面，則從特殊狀態中選擇1種，將對手的戰鬥寶可夢處於那個狀態。","コインを1回投げオモテなら、特殊状態の中から1つ選び、相手のバトルポケモンをその状態にする。","Flip a coin. If heads, choose a Special Condition. Your opponent’s Active Pokémon is now affected by that Special Condition."
"cmo1u854k2jnd5ueefkwvg6h3","火焰雞ex","0257","ability","H","在自己的回合時可使用1次。從自己的棄牌區選擇1張基本能量卡，附於自己的寶可夢身上。","自分の番に1回使える。自分のトラッシュから基本エネルギーを1枚選び、自分のポケモンにつける。","Once during your turn, you may attach a Basic Energy card from your discard pile to 1 of your Pokémon."
"cmo1u8eil30gq5ueet350qutk","禿鷹丫頭","0629","attack","B","從自己的牌庫抽出1張。","",""
"cmo1u8kud3b6n5ueety5cpegw","八爪武師","0853","ability","E","只要這隻寶可夢在戰鬥場上，對手的戰鬥寶可夢【撤退】所需的能量增加2個。","","As long as this Pokémon is in the Active Spot, your opponent’s Active Pokémon’s Retreat Cost is {C}{C} more."
"cmo1u8ejh30ia5ueek8hmna6d","巨鉗螳螂GX","0212","ability","B","若這隻寶可夢的剩餘HP為「100」以下，則這隻寶可夢使用的招式，對對手的戰鬥寶可夢造成的傷害「+80」點。","",""
"cmo1u6tco09rt5uee822g6ued","瓦斯彈","0109","attack","E","將對手的戰鬥寶可夢【中毒】。","相手のバトルポケモンをどくにする。","Your opponent’s Active Pokémon is now Poisoned."
"cmo1u8inx37lg5ueexzntv381","波士可多拉","0306","attack","E","在下個對手的回合，這隻寶可夢受到招式的傷害「-30」點。 | 自己的所有寶可夢也各受到30點傷害。[在備戰區不計算弱點・抵抗力。]","","During your opponent’s next turn, this Pokémon takes 30 less damage from attacks (after applying Weakness and Resistance). | This attack also does 30 damage to each of your Pokémon. (Don’t apply Weakness and Resistance for Benched Pokémon.)"
"cmo1u8kvp3b8v5uee5hhkwlrb","幸福蛋V","0242","attack","E","每次從自己的手牌將能量附於這隻寶可夢身上時，都將這隻寶可夢的特殊狀態全部恢復。 | 增加這隻寶可夢身上附加的能量的數量×30點傷害。若希望，在造成傷害後，從棄牌區選擇最多3張能量卡，附於這隻寶可夢身上。 | 寶可夢【V】【氣絕】時，對手獲得2張獎賞卡。","",""
"cmo1u8eko30ka5uee2ltxc77z","花潔夫人","0671","ability","B","在自己的回合時，可使用1次。擲1次硬幣若為正面，則從自己的棄牌區抽出1張物品卡，在給對手看過後放回牌庫上方。","自分の番に1回使える。コインを1回投げオモテなら、自分のトラッシュにあるグッズを1枚、相手に見せてから、山札の上にもどす。",""
"cmo1u8ic237105uee7b6we8ie","謝米","0492","attack","E","若希望，從牌庫抽卡直到自己的手牌滿6張為止。 | 將這隻寶可夢與附加的卡，全部放回手牌。","","You may draw cards until you have 6 cards in your hand. | Put this Pokémon and all attached cards into your hand."
"cmo1u7nas1p5h5ueenvaftbz5","新葉喵","0906","attack","I","擲3次硬幣，造成正面出現的次數×10點傷害。","コインを3回投げ、オモテの数×10ダメージ。","Flip 3 coins. This attack does 10 damage for each heads."
"cmo1u8el230ky5ueegxhsh1tu","燈罩夜菇","0756","ability","B","當這隻寶可夢在戰鬥場上，受到對手的寶可夢招式的傷害時，將使用招式的寶可夢【睡眠】。","",""
"cmo1u767u0w0t5ueewy6apmpm","卡璞・鰭鰭","0788","attack","B","擲1次硬幣若為正面，則將對手的戰鬥寶可夢與所附加的所有卡，放回對手的牌庫並重洗。 | 將對手的戰鬥寶可夢【混亂】。","コインを1回投げオモテなら、相手のバトルポケモンと、ついているすべてのカードを、相手の山札にもどして切る。 | 相手のバトルポケモンをこんらんにする。",""
"cmo1u8ioi37mg5uee1cs8u82r","多麗米亞","0676","attack","E","從自己的牌庫選擇1張寶可夢卡，在給對手看過後加入手牌。並且重洗牌庫。 | 在下個對手的回合，這隻寶可夢受到招式的傷害「-20」點。","","Search your deck for a Pokémon, reveal it, and put it into your hand. Then, shuffle your deck. | During your opponent’s next turn, this Pokémon takes 20 less damage from attacks (after applying Weakness and Resistance)."
"cmo1u8el530l35ueejoeegafv","酋雷姆","0646","attack","B","增加這隻寶可夢身上所放置的傷害指示物的數量×10點傷害。 | 對手的1隻備戰寶可夢也受到20點傷害。[在備戰區不計算弱點・抵抗力。]","",""
"cmobmw4121q1w2pc7euajc5u7","冰砌鵝","0875","attack","I","擲1次硬幣若為正面，則將對手的戰鬥寶可夢【麻痺】。","コインを1回投げオモテなら、相手のバトルポケモンをマヒにする。","Flip a coin. If heads, your opponent’s Active Pokémon is now Paralyzed."
"cmobmw4171q242pc79ktqzj51","三合一磁怪","0082","attack","I","擲1次硬幣若為正面，則將對手的戰鬥寶可夢【麻痺】。","コインを1回投げオモテなら、相手のバトルポケモンをマヒにする。","Flip a coin. If heads, your opponent’s Active Pokémon is now Paralyzed."
"cmo1u7wz725q45ueevpt0m3f1","牙牙","0610","attack","I","從自己的牌庫選擇最多2張基本能量卡，在給對手看過後加入手牌。並且重洗牌庫。","自分の山札から基本エネルギーを2枚まで選び、相手に見せて、手札に加える。そして山札を切る。","Search your deck for up to 2 Basic Energy cards, reveal them, and put them into your hand. Then, shuffle your deck."
"cmo1u85pi2kns5ueec1ivg579","洛奇亞","0249","attack","E","造成雙方的戰鬥寶可夢身上附加的能量的數量×20點傷害。 | 在下個自己的回合，這隻寶可夢無法使用招式。","おたがいのバトルポケモンについているエネルギーの数×20ダメージ。 | 次の自分の番、このポケモンはワザが使えない。","This attack does 20 damage for each Energy attached to both Active Pokémon. | During your next turn, this Pokémon can’t attack."
"cmobmwafd20ab2pc7e7o1a530","科斯莫姆","0790","attack","E","擲1次硬幣若為正面，則在下個對手的回合，這隻寶可夢不會受到招式的傷害。","コインを1回投げオモテなら、次の相手の番、このポケモンはワザのダメージを受けない。",""
"cmp2dgb5z381k116cg0ur6v5u","凱西","","attack","I","將這隻寶可夢與備戰寶可夢互換。","","Switch this Pokémon with 1 of your Benched Pokémon."
"cmobmw45u1q9q2pc79q8h9wns","超級赫拉克羅斯ex","0214","attack","I","增加與在上個對手的回合這隻寶可夢受到的招式的傷害相同數值的傷害。 | 將對手的牌庫上方2張卡丟棄。","前の相手の番に、このポケモンが受けたワザのダメージと同じダメージ追加。 | 相手の山札を上から2枚トラッシュする。","If this Pokémon was damaged by an attack during your opponent’s last turn, this attack does that much more damage. | Discard the top 2 cards of your opponent’s deck."
"cmp2dgba63876116cvxybt443","謝米","","attack","J","從自己的牌庫選擇1張能量卡，附於備戰區的【草】寶可夢身上。並且重洗牌庫。","自分の山札からエネルギーを1枚選び、ベンチのポケモンにつける。そして山札を切る。",""
"cmo1u70za0mya5ueemre1h47v","索羅亞克","0571","attack","E","擲2次硬幣，造成正面出現的次數×40點傷害。","コインを2回投げ、オモテの数×40ダメージ。","Flip 2 coins. This attack does 40 damage for each heads."
"cmobmw4641qa62pc7kk2sk0ld","蓋諾賽克特","0649","attack","I","對手的1隻寶可夢，受到這隻寶可夢身上附加的【草】能量的數量×20點傷害。[在備戰區不計算弱點・抵抗力。]","相手のポケモン1匹に、このポケモンについているエネルギーの数×20ダメージ。［ベンチは弱点・抵抗力を計算しない。］","This attack does 20 damage to 1 of your opponent’s Pokémon for each {G} Energy attached to this Pokémon. (Don’t apply Weakness and Resistance for Benched Pokémon.)"
"cmp2dgbav3883116cwrhvqr0m","粉香香","","attack","J","將自己的1隻寶可夢恢復「30」HP。","",""
"cmo1u7xfa26ih5ueexgk89nvy","探探鼠","0504","attack","I","從自己的牌庫選擇1張物品卡，在給對手看過後加入手牌。並且重洗牌庫。","自分の山札からグッズを1枚選び、相手に見せて、手札に加える。そして山札を切る。","Search your deck for an Item card, reveal it, and put it into your hand. Then, shuffle your deck."
"cmobmw46l1qaz2pc7pqn3d6q4","火紅不倒翁","0554","attack","I","增加這隻寶可夢身上附加的【火】能量的數量×20點傷害。","このポケモンについているエネルギーの数×20ダメージ追加。","This attack does 20 more damage for each {R} Energy attached to this Pokémon."
"cmp2dgbb7388j116cuywmyx3f","龜足巨鎧","","ability","J","在自己的回合時可使用1次。從自己的手牌選擇1張「基本【鬥】能量」卡，附於自己的【鬥】寶可夢身上。","","Once during your turn, you may use this Ability. Attach a Basic {F} Energy card from your hand to 1 of your {F} Pokémon."
"cmobmw46v1qbf2pc7jitsemag","炭小侍","0935","attack","I","從自己的牌庫選擇最多2張基本能量卡，在給對手看過後加入手牌。並且重洗牌庫。","自分の山札から基本エネルギーを2枚まで選び、相手に見せて、手札に加える。そして山札を切る。","Search your deck for up to 2 Basic Energy cards, reveal them, and put them into your hand. Then, shuffle your deck."
"cmobmw4701qbn2pc70wtf7t5e","小海獅","0086","attack","I","將這隻寶可夢恢復「20」HP。","このポケモンのHPを「20」回復する。","Heal 20 damage from this Pokémon."
"cmp2dgbba388n116clbe9o5o7","怪顎龍","","ability","J","若這隻寶可夢身上附有特殊能量卡，則這隻寶可夢的最大HP「+150」。","このポケモンに特殊エネルギーがついているなら、このポケモンは最大HPが「＋150」される。","If this Pokémon has any Special Energy attached, it gets +150 HP."
"cmp2dgbc8389v116cnamm7tey","長尾火狐","","attack","J","選擇1個這隻寶可夢身上附加的能量，將其丟棄。","",""
"cmobmw4791qc32pc79m3afl8w","象牙豬","0473","attack","I","若場上有競技場卡，則增加120點傷害。然後，將那張競技場卡丟棄。 | 選擇2個這隻寶可夢身上附加的能量，將其丟棄。","場にスタジアムが出ているなら、120ダメージ追加。その後、そのスタジアムをトラッシュする。 | このポケモンについているエネルギーを2個選び、トラッシュする。","If a Stadium is in play, this attack does 120 more damage. Then, discard that Stadium. | Discard 2 Energy from this Pokémon."
"cmobmw4861qdk2pc70d6rl1gd","風妖精","0547","attack","I","將自己的1隻備戰寶可夢的HP全部恢復。 | 將這隻寶可夢與備戰寶可夢互換。","自分のベンチポケモン1匹のHPを、すべて回復する。 | このポケモンをベンチポケモンと入れ替える。",""
"cmo1u81kj2dmz5uee9jb4p3hc","美納斯","0350","ability","H","只要這隻寶可夢在場上，對手的場上寶可夢與那隻寶可夢身上附加的所有卡，無法放回手牌。","このポケモンがいるかぎり、相手の場のポケモンと、そのポケモンについているすべてのカードは、手札にもどせない。","Your opponent’s Pokémon in play and all attached cards can’t be put into your opponent’s hand."
"cmobmw48x1qes2pc7pt2d0ieg","瑪狃拉","0461","attack","I","若這隻寶可夢的剩餘HP為「50」以下，則增加170點傷害。","このポケモンの残りHPが「50」以下なら、170ダメージ追加。",""
"cmobmw48g1qe02pc7qr4j5u8y","帕底亞 肯泰羅","0128","attack","I","造成自己的場上的，身上放置有傷害指示物的名稱中有「肯泰羅」的寶可夢的數量×40點傷害。 | 這隻寶可夢也受到20點傷害。","自分の場の、ダメカンがのっている名前に「ケンタロス」とつくポケモンの数×40ダメージ。 | このポケモンにも20ダメージ。","This attack does 40 damage for each of your Pokémon that has “Tauros” in its name that has any damage counters on it. | This Pokémon also does 20 damage to itself."
"cmobmwxrf31jx2pc7ne48o7su","代歐奇希斯","0386","attack","J","從自己的牌庫選擇最多2張「基本【超】能量」卡，附於這隻寶可夢身上。並且重洗牌庫。 | 增加對手的戰鬥寶可夢身上附加的能量的數量×20點傷害。","",""
"cmobmw49a1qfg2pc7h5lvlwm8","流氓鱷","0553","attack","I","在上個對手的回合，若自己的寶可夢因招式的傷害而【昏厥】了，則增加160點傷害。","前の相手の番に、ワザのダメージで、自分のポケモンがきぜつしていたなら、160ダメージ追加。","If any of your Pokémon were Knocked Out by damage from an attack during your opponent’s last turn, this attack does 160 more damage."
"cmobmw3t91ppb2pc77edgft41","時拉比","0251","attack","I","從自己的牌庫選擇【草】寶可夢卡與競技場卡合計最多3張，在給對手看過後加入手牌。並且重洗牌庫。","自分の山札からポケモンとスタジアムを合計3枚まで選び、相手に見せて、手札に加える。そして山札を切る。",""
"cmobmw49t1qg92pc7lqb9kdeb","鋁鋼龍","0884","attack","I","選擇1個對手的戰鬥寶可夢身上附加的能量，將其丟棄。","相手のバトルポケモンについているエネルギーを1個選び、トラッシュする。","Discard an Energy from your opponent’s Active Pokémon."
"cmobmw49y1qgh2pc7o3myfr6g","胖丁","0039","attack","I","擲硬幣直到出現反面，造成正面出現的次數×20點傷害。","ウラが出るまでコインを投げ、オモテの数×20ダメージ。","Flip a coin until you get tails. This attack does 20 damage for each heads."
"cmobmw4a01qgl2pc71zews1oh","胖可丁","0040","attack","I","造成自己的場上的，持有「輪唱」招式的寶可夢的數量×40點傷害。","自分の場の、ワザ「りんしょう」を持つポケモンの数×40ダメージ。","This attack does 40 damage for each of your Pokémon in play that has the Round attack."
"cmo1u6y310hyu5ueeg3bkm89p","其他仙子伊布VMAX","0700","attack","E","從自己的手牌選擇1張能量卡，附於自己的備戰寶可夢身上。然後，將那隻寶可夢恢復「120」HP。 | 增加自己的備戰寶可夢的屬性種類的數量×30點傷害。 | 寶可夢【VMAX】【氣絕】時，對手獲得3張獎賞卡。","自分の手札からエネルギーを1枚選び、自分のベンチポケモンにつける。その後、そのポケモンのHPを「120」回復する。 | 自分のベンチポケモンのタイプの数×30ダメージ追加。",""
"cmobmw4a21qgp2pc7c5c48hcg","長尾怪手","0190","attack","I","在不看正面的情況下，從對手的手牌選擇1張，查看那張卡的正面後放回對手的牌庫並重洗。","相手の手札からオモテを見ないで1枚選び、そのカードのオモテを見て、相手の山札にもどして切る。","Choose a random card from your opponent’s hand, and your opponent reveals that card and shuffles it into their deck."
"cmobmw4a51qgt2pc762rq0tbs","雙尾怪手","0424","attack","I","將2個這隻寶可夢身上附加的能量丟棄，對手的2隻寶可夢各受到60點傷害。[在備戰區不計算弱點・抵抗力。]","このポケモンについているエネルギーを2個トラッシュし、相手のポケモン2匹に、それぞれ60ダメージ。［ベンチは弱点・抵抗力を計算しない。］","Discard 2 Energy from this Pokémon, and this attack does 60 damage to each of 2 of your opponent’s Pokémon. (Don’t apply Weakness and Resistance for Benched Pokémon.)"
"cmobmw3ua1pr02pc7qwz4t43a","穿山王","0028","attack","I","在下個對手的回合，受到這個招式的寶可夢使用招式時，對手擲1次硬幣。若為反面，則那個招式失敗。","次の相手の番、このワザを受けたポケモンがワザを使うとき、相手はコインを1回投げる。ウラならそのワザは失敗。","During your opponent’s next turn, if the Defending Pokémon tries to use an attack, your opponent flips a coin. If tails, that attack doesn’t happen."
"cmo1u8s753ns05uee944ioa78","潤水鴨","0912","attack","G","擲1次硬幣若為正面，則增加20點傷害。","コインを1回投げオモテなら、20ダメージ追加。","Flip a coin. If heads, this attack does 20 more damage."
"cmobmw3uc1pr42pc7h68oq9lq","大岩蛇","0095","attack","I","擲1次硬幣若為正面，則將對手的戰鬥寶可夢【麻痺】。","コインを1回投げオモテなら、相手のバトルポケモンをマヒにする。","Flip a coin. If heads, your opponent’s Active Pokémon is now Paralyzed."
"cmo1u8l3f3bma5ueejcxdqyur","呆火鱷","0909","attack","G","將對手的戰鬥寶可夢【灼傷】。","相手のバトルポケモンをやけどにする。","Your opponent’s Active Pokémon is now Burned."
"cmo1u857f2jsa5ueeers40fbo","霜奶仙ex","0869","ability","H","在自己的回合時可使用1次。將自己的1隻寶可夢恢復「30」HP。","自分の番に1回使える。自分のポケモン1匹のHPを「30」回復する。","Once during your turn, you may heal 30 damage from 1 of your Pokémon."
"cmo1u8l3j3bmi5ueek2eni4mt","操陷蛛","0918","attack","G","擲1次硬幣若為正面，則將對手的戰鬥寶可夢【麻痺】。","","Flip a coin. If heads, your opponent’s Active Pokémon is now Paralyzed."
"cmo1u8l333blq5ueeovseawga","風速狗","0059","attack","G","擲1次硬幣若為正面，則選擇1個對手的戰鬥寶可夢身上附加的能量，將其丟棄。","コインを1回投げオモテなら、相手のバトルポケモンについているエネルギーを1個選び、トラッシュする。","Flip a coin. If heads, discard an Energy from your opponent’s Active Pokémon."
"cmo1u8l2y3bli5uee2isqqhxu","故勒頓","1007","attack","G","選擇3個這隻寶可夢身上附加的能量，將其丟棄。","",""
"cmo1u8l3o3bmq5ueeuczz5vjp","飄香豚","0916","attack","G","擲1次硬幣若為反面，則在下個自己的回合，這隻寶可夢無法使用招式。","コインを1回投げウラなら、次の自分の番、このポケモンはワザが使えない。","Flip a coin. If tails, during your next turn, this Pokémon can’t attack."
"cmo1u8l3x3bn65ueegtkihhyq","摩托蜥ex","0967","attack","G","#N/A","自分の山札から基本エネルギーを1枚選び、このポケモンにつける。そして山札を切る。 | 次の自分の番、このポケモンはワザが使えない。","Search your deck for a Basic Energy card and attach it to this Pokémon. Then, shuffle your deck. | During your next turn, this Pokémon can’t attack."
"cmo1u8l4o3boi5ueevbmiztzb","迷你芙","0928","attack","G","將自己的1隻寶可夢恢復「30」HP。","自分のポケモン1匹のHPを「30」回復する。","Heal 30 damage from 1 of your Pokémon."
"cmo1u7nzd1qc45uee0zdngfiw","毒粉蛾","0269","ability","I","在自己的回合時可使用1次。擲1次硬幣若為正面，則選擇1個對手的戰鬥寶可夢身上附加的能量，放回對手的手牌。","自分の番に1回使える。コインを1回投げオモテなら、相手のバトルポケモンについているエネルギーを1個選び、相手の手札にもどす。","Once during your turn, you may use this Ability. Flip a coin. If heads, put an Energy attached to your opponent’s Active Pokémon into their hand."
"cmo1u8l4j3boa5uee0zc50n0m","茸茸羊","0180","attack","G","選擇1個這隻寶可夢身上附加的能量，將其丟棄。","","Discard an Energy from this Pokémon."
"cmo1u8l4v3bou5ueeonuysp2p","墓揚犬","0972","attack","G","從自己的棄牌區選擇最多2張物品卡，在給對手看過後加入手牌。 | ※ロゴあり（ジムロゴ）","",""
"cmobmw3v91pso2pc7uqrx0yeu","鹽石巨靈","0934","ability","I","只要這隻寶可夢在場上，自己的【鬥】寶可夢使用的招式，對對手的戰鬥寶可夢造成的傷害「+30」點。","このポケモンがいるかぎり、自分のポケモンが使うワザの、相手のバトルポケモンへのダメージは「+30」される。","Attacks used by your {F} Pokémon do 30 more damage to your opponent’s Active Pokémon (before applying Weakness and Resistance)."
"cmo1u8l4q3bom5uee9q5eqdsz","毛崖蟹ex","0950","ability","G","當這隻寶可夢在戰鬥場上受到對手的寶可夢招式的傷害時，選擇1個使用招式的寶可夢身上附加的能量，將其丟棄。","このポケモンが、バトル場で相手のポケモンからワザのダメージを受けたとき、ワザを使ったポケモンについているエネルギーを1個選び、トラッシュする。","If this Pokémon is in the Active Spot and is damaged by an attack from your opponent’s Pokémon (even if this Pokémon is Knocked Out), discard an Energy from the Attacking Pokémon."
"cmo1u7w4i24965ueedzyxc0bf","獒教父ex","0943","attack","G","在下個對手的回合，受到這個招式的寶可夢使用招式的傷害「-50」點。 | 若自己的備戰寶可夢身上放置有傷害指示物，則增加120點傷害。","次の相手の番、このワザを受けたポケモンが使うワザのダメージは「-50」される。 | 自分のベンチポケモンにダメカンがのっているなら、120ダメージ追加。","During your opponent’s next turn, attacks used by the Defending Pokémon do 50 less damage (before applying Weakness and Resistance)."
"cmobmx4mw3cn32pc7q9ggu442","沼王","0195","attack","H","將自己的牌庫上方3張卡丟棄，造成其中能量卡的張數×80點傷害。","","Discard the top 3 cards of your deck, and this attack does 80 damage for each Energy card you discarded in this way."
"cmobmx4my3cn72pc7c5akdym7","鑰圈兒","0707","ability","G","只要這隻寶可夢在戰鬥場上，雙方場上的【基礎】寶可夢的特性（「惡作劇之鎖」除外）全部消除。","",""
"cmobmx4n13cnb2pc7mmlyshzs","纏紅鶴ex","0973","attack","H","若這隻寶可夢與對手的戰鬥寶可夢身上附加的能量數量相同，則增加100點傷害。 | 這隻寶可夢也受到30點傷害。 | 寶可夢【ex】【昏厥】時，對手獲得2張獎賞卡。","","If this Pokémon and your opponent’s Active Pokémon have the same amount of Energy attached, this attack does 100 more damage. | This Pokémon also does 30 damage to itself."
"cmo1u7xta27755ueejhuzgtii","噗噗豬","0326","attack","G","從自己的牌庫選擇最多2張基本能量卡，以任意方式附於自己的寶可夢身上。並且重洗牌庫。","自分の山札から基本エネルギーを2枚まで選び、自分のポケモンに好きなようにつける。そして山札を切る。",""
"cmobmx4ne3cnw2pc7zwb77273","椰蛋樹","0103","attack","G","增加對手的戰鬥寶可夢身上附加的能量的數量×30點傷害。","","This attack does 30 more damage for each Energy attached to your opponent’s Active Pokémon."
"cmo1u7xth277h5ueeh50s96w0","小鍛匠","0957","attack","D","從自己的牌庫抽出1張卡。","自分の山札を1枚引く。","Your opponent’s Active Pokémon is now Asleep."
"cmobmx4nh3co02pc75xav26q9","熱帶龍","0357","attack","G","將這隻寶可夢恢復「20」HP。 | 將這隻寶可夢身上附加的能量卡，全部改附於1隻備戰寶可夢身上。","","Heal 20 damage from this Pokémon. | Move all Energy from this Pokémon to 1 of your Benched Pokémon."
"cmp2dgjzv3jk4116cqnqkp0mb","甜竹竹","","attack","G","這隻寶可夢也受到10點傷害。","","This Pokémon also does 10 damage to itself."
"cmobmw48n1qec2pc70bvtc96t","大顎蟻","0328","attack","I","擲2次硬幣，造成正面出現的次數×10點傷害。","コインを2回投げ、オモテの数×10ダメージ。","Flip 2 coins. This attack does 10 damage for each heads."
"cmo1u6ydd0igt5ueedniw5jqp","烏賊王","0687","attack","E","從自己的手牌將任意數量的「連擊」卡給對手看過後，造成其張數×40點傷害。然後，將給對手看過的「連擊」卡放回牌庫並重洗。","自分の手札から「れんげき」のカードを好きなだけ相手に見せて、その枚数×40ダメージ。その後、見せた「れんげき」のカードを山札にもどして切る。",""
"cmo1u7w1v244h5ueejx6jkfdh","噗隆隆","0965","attack","G","將對手的戰鬥寶可夢【中毒】。","相手のバトルポケモンをどくにする。",""
"cmobmx4nt3cok2pc7trpma5hl","天然鳥","0178","ability","G","在自己的回合時可使用1次。從自己的手牌選擇1張「基本【超】能量」卡，附於備戰寶可夢身上。然後，從自己的牌庫抽出2張卡。","","Once during your turn, you may attach a Basic {P} Energy card from your hand to 1 of your Benched Pokémon. If you attached Energy to a Pokémon in this way, draw 2 cards."
"cmobmx4nw3coo2pc707sfhqw1","拉帝亞斯","0380","attack","G","‌若這隻寶可夢身上附有【超】能量，則將這隻寶可夢【撤退】所需的能量全部消除。","",""
"cmo1u7z6129j05ueea2n3dg2e","甜竹竹","0761","attack","G","這隻寶可夢也受到10點傷害。","このポケモンにも10ダメージ。",""
"cmo1u6yj20iqn5uee5jah3dww","鑰圈兒","0707","attack","E","從自己的牌庫抽出2張卡。","自分の山札を2枚引く。",""
"cmo1u8l683br35ueehaghu69t","大嘴娃","0303","ability","G","在自己的回合，從手牌將這張卡放置於備戰區時，可使用1次。選擇1個對手的戰鬥寶可夢身上附加的特殊能量，將其丟棄。 | 在自己的回合，從手牌將這張卡放置於備戰區時，可使用1次。選擇1個對手的戰鬥寶可夢身上附加的特殊能量，將其丟棄。","",""
"cmobmx4on3cpw2pc7dtgcvqn3","瑪納霏","0490","ability","F","只要這隻寶可夢在場上，自己的所有備戰寶可夢不會受到對手的招式的傷害。","","Prevent all damage done to your Benched Pokémon by attacks from your opponent’s Pokémon."
"cmo1u84502hy65ueeoyo77v9q","美錄梅塔ex","0809","attack","G","從自己的牌庫選擇最多2張「基本【鋼】能量」卡，附於這隻寶可夢身上。並且重洗牌庫。 | 增加這隻寶可夢身上附加的【鋼】能量的數量×30點傷害。 | 寶可夢【ex】【昏厥】時，對手獲得2張獎賞卡。","自分の山札から「基本エネルギー」を2枚まで選び、このポケモンにつける。そして山札を切る。 | このポケモンについているエネルギーの数×30ダメージ追加。",""
"cmo1u8l6n3brr5ueed0vdwaay","百變怪","0132","ability","G","若這隻寶可夢在戰鬥場上，則只有在自己的最初回合可使用1次。從自己的牌庫選擇1張【基礎】寶可夢卡（「百變怪」除外）。然後，將這隻寶可夢與附加的卡全部丟棄，將所選的寶可夢放置於這隻寶可夢原先所在的地方。並且重洗牌庫。","","Once during your first turn, if this Pokémon is in the Active Spot, you may search your deck and choose a Basic Pokémon you find there, except any Ditto. If you do, discard this Pokémon and all attached cards, and put the chosen Pokémon in its place. Then, shuffle your deck."
"cmobmwah320d02pc7zn3pzhui","櫻花寶","0420","ability","E","這隻寶可夢不會受到對手的寶可夢使用招式的效果的影響。","このポケモンは、相手のポケモンが使うワザの効果を受けない。","Prevent all effects of attacks from your opponent’s Pokémon done to this Pokémon. (Damage is not an effect.)"
"cmo1u8l7c3bsz5ueewqdthcur","電蜘蛛ex","0596","attack","H","只要這隻寶可夢在備戰區，不會受到招式的傷害。 | 若對手的戰鬥寶可夢為「寶可夢【ex】・【V】」，則增加110點傷害。 | 將這隻寶可夢身上附加的能量卡全部丟棄。在下個對手的回合，對手無法從手牌使出物品卡。","",""
"cmo1u8l7o3btj5ueeec79agmj","索羅亞克GX","0571","ability","A","在自己的回合時，可使用1次。從自己的手牌抽出1張丟到棄牌區。然後，從牌庫抽出2張。","",""
"cmo1u8l7x3btz5uee9nvmtolm","烈空坐GX","0384","ability","B","在自己的回合，當從手牌將這張卡放置於備戰區時，可使用1次。從自己的牌庫上方抽出3張丟到棄牌區。然後，從棄牌區抽出1張基本能量卡，附於這隻寶可夢身上。","",""
"cmo1u7o771qpf5ueezs1hpheh","烈空坐","0384","attack","I","在這個回合，若從備戰區將這隻寶可夢放置於戰鬥場，則增加90點傷害。","この番に、このポケモンがベンチからバトル場に出ていたなら、90ダメージ追加。","If this Pokémon moved from your Bench to the Active Spot this turn, this attack does 90 more damage."
"cmp2dfyq52qgn116c36x6l1xh","差不多娃娃","","attack","G","從自己的牌庫選擇1張寶可夢卡，在給對手看過後加入手牌。並且重洗牌庫。","自分の山札からポケモンを1枚選び、相手に見せて、手札に加える。そして山札を切る。",""
"cmo1u8shm3oan5ueecnml8tas","六尾","0037","attack","H","這隻寶可夢也受到10點傷害。","","This Pokémon also does 10 damage to itself."
"cmo1u8l7t3btr5ueeygjuugtc","皮卡丘&捷克羅姆GX","0025","attack","C","從自己的牌庫抽出最多3張【雷】能量卡，附於自己的1隻寶可夢身上。並且重洗牌庫。 | 若額外附有3個【雷】能量，則對手的1隻備戰寶可夢也受到170點傷害。[在備戰區不計算弱點・抵抗力。][對戰中，己方只可使用1次GX招式。]","",""
"cmo1u8l873buf5ueeeg95jtnk","阿爾宙斯&帝牙盧卡&帕路奇亞GX","0493","attack","C","從自己的牌庫抽出最多3張基本能量卡，以任意方式附於自己的寶可夢身上。並且重洗牌庫。 | 在這場對戰結束前，自己的所有寶可夢使用的招式，對對手的戰鬥寶可夢造成的傷害全部「+30」點。若額外附有1個【水】能量，則那個招式的傷害將對手的戰鬥寶可夢【昏厥】時，多獲得1張獎賞卡。[對戰中，己方只可使用1次GX招式。]","",""
"cmo1u8l833bu75ueef91jxqqk","其他無極汰那VMAX [無極巨化]","0890","ability","D","若自己的所有場上寶可夢皆為【惡】屬性則生效。可放置於自己的備戰區的【惡】寶可夢數量改為8隻，其他屬性無法放置於場上。（當這個特性不生效後，將備戰區的寶可夢丟棄直到變為5隻為止。）","","If all of your Pokémon in play are {D} type, you can have up to 8 Pokémon on your Bench, and you can’t put non-{D} Pokémon into play. (If this Ability stops working, discard Pokémon from your Bench until you have 5.)"
"cmo1u8l7q3btn5ueewa4vwndx","其他夢幻VMAX [極巨化/匯流]","0151","attack","E","選擇自己的備戰區的「匯流」寶可夢持有的1個招式，作為這個招式使用。 | 這個招式的傷害不計算對手的戰鬥寶可夢身上的附加效果。","","Choose 1 of your Benched Fusion Strike Pokémon’s attacks and use it as this attack. | This attack’s damage isn’t affected by any effects on your opponent’s Active Pokémon."
"cmo1u857p2jsu5ueeoomj1gwt","路卡利歐ex","0448","attack","H","在下個自己的回合，這隻寶可夢「龍捲風猛攻」的傷害「+100」點。","次の自分の番、このポケモンの「トルネードラッシュ」のダメージは「+100」される。","During your next turn, this Pokémon’s Tornado Rush attack does 100 more damage (before applying Weakness and Resistance)."
"cmo1u8gzj34ph5ueex0yq2g56","閃電鳥","0145","attack","H","增加對手的戰鬥寶可夢身上放置的傷害指示物的數量×10點傷害。","","This attack does 10 more damage for each damage counter on your opponent’s Active Pokémon."
"cmo1u8l803bu35uee6e1ecwip","其他阿爾宙斯VSTAR","0493","ability","F","在自己的回合時可使用。從自己的牌庫任意選擇最多2張卡加入手牌。並且重洗牌庫。[對戰中，己方只可使用1次【VSTAR】力量。]","",""
"cmobmxb5t3n5m2pc7ji9qrmyr","固拉多","0383","attack","G","從自己的手牌選擇1張「基本【鬥】能量」卡，附於自己的寶可夢身上。 | 將最多4張自己的場上寶可夢身上附加的能量卡丟棄，造成其張數×60點傷害。","","Attach a Basic {F} Energy card from your hand to 1 of your Pokémon. | Discard up to 4 Energy from your Pokémon. This attack does 60 damage for each card you discarded in this way."
"cmp2dgk573jr7116cm9s5r7c8","伊布","","attack","H","從自己的牌庫選擇最多3張各不同屬性的基本能量卡，在給對手看過後加入手牌。並且重洗牌庫。","自分の山札から、それぞれちがうタイプの基本エネルギーを3枚まで選び、相手に見せて、手札に加える。そして山札を切る。","Search your deck for up to 3 Basic Energy cards of different types, reveal them, and put them into your hand. Then, shuffle your deck."
"cmobmx0k736372pc7oo9owmtn","金屬怪","0375","ability","H","在自己的回合時可使用1次。查看自己的牌庫上方4張卡，從其中選擇任意數量的「基本【鋼】能量」卡，以任意方式附於自己的寶可夢身上。將剩餘卡全部翻回反面並重洗，放回牌庫下方。","",""
"cmo1u841d2hrx5ueeue5odebr","甲賀忍蛙ex","0658","attack","G","對手的1隻寶可夢受到40點傷害。[在備戰區不計算弱點・抵抗力。] | 若對手的戰鬥寶可夢身上放置有傷害指示物，則增加120點傷害。","相手のポケモン1匹に、40ダメージ。［ベンチは弱点・抵抗力を計算しない。］ | 相手のバトルポケモンにダメカンがのっているなら、120ダメージ追加。","This attack does 40 damage to 1 of your opponent’s Pokémon. (Don’t apply Weakness and Resistance for Benched Pokémon.) | If your opponent’s Active Pokémon already has any damage counters on it, this attack does 120 more damage."
"cmp2dgk6e3jsr116c821uo6k9","古劍豹","","ability","H","在自己的回合，從手牌將這張卡放置於備戰區時，可使用1次。將場上的競技場卡丟棄。","","When you play this Pokémon from your hand onto your Bench during your turn, you may discard a Stadium in play."
"cmp2dgk6k3jsz116c1mu2ky44","愛管侍","","ability","H","在自己的回合，從手牌將這張卡放置於備戰區時，可使用1次。將自己的戰鬥寶可夢恢復「30」HP，特殊狀態也恢復1個。","","When you play this Pokémon from your hand onto your Bench during your turn, you may heal 30 damage from your Active Pokémon and have it recover from a Special Condition."
"cmo1u8l9e3bwf5ueej78al8lv","卡比獸","0143","attack","H","從自己的牌庫抽出1張卡。","",""
"cmo1u7ouh1rtm5ueej8tfgddl","圓絲蛛","0167","attack","J","在下個對手的回合，受到這個招式的寶可夢無法撤退。","次の相手の番、このワザを受けたポケモンは、にげられない。","During your opponent’s next turn, the Defending Pokémon can’t retreat."
"cmobmx8i63iw42pc73g33lye4","魔幻假面喵ex","0908","ability","G","在自己的回合，若從自己的手牌將1張「基本【草】能量」卡丟棄，則可使用1次。在對手的1隻備戰寶可夢身上放置3個傷害指示物。","","You must discard a Basic {G} Energy card from your hand in order to use this Ability. Once during your turn, you may put 3 damage counters on 1 of your opponent’s Benched Pokémon."
"cmo1u7ouj1rtq5ueewu3zmo6l","阿利多斯","0168","attack","J","將對手的戰鬥寶可夢【中毒】。在下個對手的回合，受到這個招式的寶可夢無法撤退。","相手のバトルポケモンをどくにする。次の相手の番、このワザを受けたポケモンは、にげられない。","Your opponent’s Active Pokémon is now Poisoned. During your opponent’s next turn, that Pokémon can’t retreat."
"cmo1u85832jti5ueekzwe7zq9","陸地水母","0949","ability","H","只要這隻寶可夢在備戰區，自己的戰鬥寶可夢【撤退】所需的能量減少2個。","このポケモンがベンチにいるかぎり、自分のバトルポケモンのにげるためのエネルギーは、2個ぶん少なくなる。","As long as this Pokémon is on your Bench, your Active Pokémon’s Retreat Cost is {C}{C} less."
"cmo1u7owg1rwy5ueergha222q","大嘴娃","0303","attack","J","從自己的手牌將最多2張能量卡丟棄，造成其張數×60點傷害。","自分の手札からエネルギーを2枚までトラッシュし、その枚数×60ダメージ。",""
"cmo1u7oww1rxr5ueetfizzwc5","沙河馬","0449","attack","J","在下個對手的回合，受到這個招式的寶可夢使用招式時，對手擲1次硬幣。若為反面，則那個招式失敗。","次の相手の番、このワザを受けたポケモンがワザを使うとき、相手はコインを1回投げる。ウラならそのワザは失敗。","During your opponent’s next turn, if the Defending Pokémon tries to use an attack, your opponent flips a coin. If tails, that attack doesn’t happen."
"cmo1u7owz1rxv5ueewrunmy72","河馬獸","0450","attack","J","在這個回合，若從手牌使出了「塔拉剛」，則將對手的牌庫上方3張卡丟棄。","この番に、手札から「タラゴン」を出して使っていたなら、相手の山札を上から3枚トラッシュする。","If you played Tarragon from your hand during this turn, discard the top 3 cards of your opponent’s deck."
"cmo1u7ox51ry75ueeixrgzfre","龜足巨鎧","0689","ability","J","在自己的回合時可使用1次。從自己的手牌選擇1張「基本【鬥】能量」卡，附於自己的【鬥】寶可夢身上。","自分の番に1回使える。自分の手札から「基本エネルギー」を1枚選び、自分のポケモンにつける。",""
"cmo1u7ox81ryb5ueeqio8f0oh","寶寶暴龍","0696","attack","J","造成這隻寶可夢身上放置的傷害指示物的數量×20點傷害。","このポケモンにのっているダメカンの数×20ダメージ。","This attack does 20 damage for each damage counter on this Pokémon."
"cmo1u8lag3by85ueevel3sexk","隨風球","0426","attack","I","‌將對手的戰鬥寶可夢【混亂】。 | 將這隻寶可夢與附加的卡，全部放回手牌。","","Your opponent’s Active Pokémon is now Confused. | Put this Pokémon and all attached cards into your hand."
"cmo1u858o2juj5ueem6n5218k","下石鳥","0962","attack","H","將這隻寶可夢身上附加的能量卡全部丟棄，對手的1隻寶可夢受到120點傷害。[在備戰區不計算弱點・抵抗力。]","このポケモンについているエネルギーをすべてトラッシュし、相手のポケモン1匹に、120ダメージ。［ベンチは弱点・抵抗力を計算しない。］","Discard all Energy from this Pokémon, and this attack does 120 damage to 1 of your opponent’s Pokémon. (Don’t apply Weakness and Resistance for Benched Pokémon.)"
"cmo1u8lcn3c245ueevutohk15","小火龍","0004","attack","G","這隻寶可夢也受到10點傷害。","このポケモンにも10ダメージ。","This Pokémon also does 10 damage to itself."
"cmo1u7oyk1s0n5ueeopl3iere","掘地兔","0660","attack","J","自己的所有備戰寶可夢也各受到30點傷害。[在備戰區不計算弱點・抵抗力。]","自分のベンチポケモン全員にも、それぞれ30ダメージ。［ベンチは弱点・抵抗力を計算しない。］","This attack also does 30 damage to each of your Benched Pokémon. (Don’t apply Weakness and Resistance for Benched Pokémon.)"
"cmo1u7z2o29d75uee9x3qod8i","滋汁鼴","0944","attack","G","將對手的戰鬥寶可夢【中毒】。","相手のバトルポケモンをどくにする。",""
"cmo1u7z6429j45ueelyfyyy7w","甜舞妮","0762","attack","G","將自己的所有寶可夢各恢復「30」HP。","自分のポケモン全員のHPを、それぞれ「30」回復する。",""
"cmo1u7z6y29kk5ueemkvzj808","走鯨","0974","attack","G","將這隻寶可夢【睡眠】。將這隻寶可夢恢復「60」HP。 | 這隻寶可夢也受到10點傷害。","このポケモンをねむりにする。このポケモンのHPを「60」回復する。 | このポケモンにも10ダメージ。",""
"cmp2dgkc73k0e116cpydm54gv","托戈德瑪爾","","attack","G","擲1次硬幣若為正面，則在下個對手的回合，這隻寶可夢不會受到招式的傷害。","",""
"cmo1u7xto277t5ueer453uhdr","巨鍛匠","0959","ability","G","在自己的回合，若將自己的1張手牌丟棄，則可使用1次。從自己的牌庫抽出3張卡。","自分の番に、自分の手札を1枚トラッシュするなら、1回使える。自分の山札を3枚引く。","You must discard a card from your hand in order to use this Ability. Once during your turn, you may draw 3 cards."
"cmo1u7pdt1sqs5ueex5yir29v","椰蛋樹","0103","attack","H","將這隻寶可夢恢復「30」HP。","このポケモンのHPを「30」回復する。","Heal 30 damage from this Pokémon."
"cmo1u7wqo25bp5ueeptmq2d6s","佛烈托斯","0205","attack","I","選擇自己的場上寶可夢身上附加的任意數量的【鋼】能量卡，以任意方式改附於自己的寶可夢身上。 | 擲4次硬幣，造成正面出現的次數×80點傷害。","自分の場のポケモンについているエネルギーを好きなだけ選び、自分のポケモンに好きなようにつけ替える。 | コインを4回投げ、オモテの数×80ダメージ。","You may move any amount of {M} Energy from your Pokémon to your other Pokémon in any way you like. | Flip 4 coins. This attack does 80 damage for each heads."
"cmo1u83cm2gli5ueezdcjy95e","敏捷蟲","0617","attack","I","將對手的戰鬥寶可夢【中毒】與【混亂】。將這隻寶可夢與備戰寶可夢互換。","相手のバトルポケモンをどくとこんらんにする。このポケモンをベンチポケモンと入れ替える。","Your opponent’s Active Pokémon is now Confused and Poisoned. Switch this Pokémon with 1 of your Benched Pokémon."
"cmo1u83da2gmm5ueeqwdtqlpw","鐵炮魚","0223","attack","I","造成這隻寶可夢身上放置的傷害指示物的數量×10點傷害。","このポケモンにのっているダメカンの数×10ダメージ。","This attack does 10 damage for each damage counter on this Pokémon."
"cmo1u7pio1sz55ueeqgwnnhjt","小火馬","0077","attack","H","從自己的牌庫選擇1張基本能量卡，在給對手看過後加入手牌。並且重洗牌庫。","自分の山札から基本エネルギーを1枚選び、相手に見せて、手札に加える。そして山札を切る。",""
"cmo1u7psx1tgo5ueedx23htw0","雷電獸","0310","attack","I","自己的1隻備戰寶可夢也受到40點傷害。[在備戰區不計算弱點・抵抗力。]","自分のベンチポケモン1匹にも、40ダメージ。［ベンチは弱点・抵抗力を計算しない。］","This attack also does 40 damage to 1 of your Benched Pokémon. (Don’t apply Weakness and Resistance for Benched Pokémon.)"
"cmo1u83dd2gmq5ueed4btar0d","章魚桶","0224","attack","I","若希望，選擇1個對手的戰鬥寶可夢身上附加的能量，放回對手的手牌。 | 擲硬幣直到出現反面，造成正面出現的次數×90點傷害。","のぞむなら、相手のバトルポケモンについているエネルギーを1個選び、相手の手札にもどす。 | ウラが出るまでコインを投げ、オモテの数×90ダメージ。","You may put an Energy attached to your opponent’s Active Pokémon into their hand. | Flip a coin until you get tails. This attack does 90 damage for each heads."
"cmo1u7pv11tkd5ueeb3xvrmr1","大電海燕","0941","attack","H","在下個自己的回合，這隻寶可夢使用的招式，對對手的戰鬥寶可夢造成的傷害「+120」點。 | 選擇1個這隻寶可夢身上附加的能量，將其丟棄。","次の自分の番、このポケモンが使うワザの、相手のバトルポケモンへのダメージは「+120」される。 | このポケモンについているエネルギーを1個選び、トラッシュする。","During your next turn, attacks used by this Pokémon do 120 more damage to your opponent’s Active Pokémon (before applying Weakness and Resistance). | Discard an Energy from this Pokémon."
"cmo1u7xxo27eq5uee41semy2c","夢歌仙人掌","0332","ability","G","這隻寶可夢在戰鬥場受到對手的寶可夢招式的傷害時，在使用招式的寶可夢身上放置3個傷害指示物。","このポケモンが、バトル場で相手のポケモンからワザのダメージを受けたとき、ワザを使ったポケモンにダメカンを3個のせる。","If this Pokémon is in the Active Spot and is damaged by an attack from your opponent’s Pokémon (even if this Pokémon is Knocked Out), put 3 damage counters on the Attacking Pokémon."
"cmo1u7zsj2alf5ueejboc0d1n","陸地水母ex","0949","ability","G","只要這隻寶可夢在場上，自己的所有身上附有能量卡的寶可夢，不會受到對手的寶可夢使用招式的效果的影響。（已經受到的效果不會消除。）","このポケモンがいるかぎり、エネルギーがついている自分のポケモン全員は、相手のポケモンが使うワザの効果を受けない。（すでに受けている効果は、なくならない。）","Prevent all effects of attacks used by your opponent’s Pokémon done to all of your Pokémon that have Energy attached. (Existing effects are not removed. Damage is not an effect.)"
"cmo1u7pr91tds5ueertva9wt4","走鯨","0974","attack","H","將這隻寶可夢恢復「20」HP。","このポケモンのHPを「20」回復する。","Heal 20 damage from this Pokémon."
"cmobmw6q31ucr2pc7sj5lgthr","故勒頓ex","1007","attack","J","在上個對手的回合，若自己的寶可夢因招式的傷害而【昏厥】了，則增加120點傷害。 | 在下個自己的回合，這隻寶可夢無法使用「衝擊打擊」。","前の相手の番に、ワザのダメージで、自分のポケモンがきぜつしていたなら、120ダメージ追加。 | 次の自分の番、このポケモンは「インパクトブロー」が使えない。","If any of your Pokémon were Knocked Out by damage from an attack during your opponent’s last turn, this attack does 120 more damage. | During your next turn, this Pokémon can’t use Impact Blow."
"cmo1u7q9d1u8u5uee5bykw5zk","大嘴娃","0303","attack","J","從自己的牌庫選擇最多2張【基礎】寶可夢卡，放置於備戰區。並且重洗牌庫。","自分の山札からたねポケモンを2枚まで選び、ベンチに出す。そして山札を切る。",""
"cmo1u7ovo1rvm5uee8w706hrt","白海獅","0087","ability","J","在自己的回合時，可不限次數使用。選擇1個自己的備戰寶可夢身上附加的【水】能量，改附於戰鬥寶可夢身上。","自分の番に何回でも使える。自分のベンチポケモンについているエネルギーを1個選び、バトルポケモンにつけ替える。","As often as you like during your turn, you may use this Ability. Move a {W} Energy from 1 of your Benched Pokémon to your Active Pokémon."
"cmobmwaeq209a2pc7bc21i6ib","固拉多","0383","attack","E","將自己的牌庫上方5張卡丟棄，造成其中的能量卡的張數×80點傷害。","自分の山札を上から5枚トラッシュし、その中にあるエネルギーの枚数×80ダメージ。","Discard the top 5 cards of your deck. This attack does 80 damage for each Energy card you discarded in this way."
"cmobmwaf4209v2pc7y7xfwi70","捷克羅姆","0644","attack","E","將場上的對手的競技場卡丟棄。 | 若自己的備戰區有「萊希拉姆」，則增加80點傷害。","場に出ている相手のスタジアムをトラッシュする。 | 自分のベンチに「レシラム」がいるなら、80ダメージ追加。","If your opponent has a Stadium in play, discard it. | If Reshiram is on your Bench, this attack does 80 more damage."
"cmo1u81772d0f5uee2nc1ibfn","銅鏡怪","0436","attack","H","若對手的戰鬥寶可夢為【超】寶可夢，則增加30點傷害。","相手のバトルポケモンがポケモンなら、30ダメージ追加。","If your opponent’s Active Pokémon is a {P} Pokémon, this attack does 30 more damage."
"cmobmwaew209j2pc72dfx17sx","帝牙盧卡","0483","attack","E","從自己的棄牌區任意選擇1張卡，在給對手看過後加入手牌。 | 增加這隻寶可夢身上附加的【鋼】能量的數量×20點傷害。","自分のトラッシュから好きなカードを1枚選び、相手に見せて、手札に加える。 | このポケモンについているエネルギーの数×20ダメージ追加。","Put a card from your discard pile into your hand. | This attack does 20 more damage for each {M} Energy attached to this Pokémon."
"cmobmw6wf1umq2pc7e0xyhuu1","托戈德瑪爾ex","0777","attack","J","擲1次硬幣若為正面，則將對手的戰鬥寶可夢【麻痺】。 | 在上個自己的回合，若這隻寶可夢使用了「尖尖回轉」，則增加80點傷害。","コインを1回投げオモテなら、相手のバトルポケモンをマヒにする。 | 前の自分の番に、このポケモンが「トゲトゲローリング」を使っていたなら、80ダメージ追加。","Flip a coin. If heads, your opponent’s Active Pokémon is now Paralyzed. | If this Pokémon used Spiky Rolling during your last turn, this attack does 80 more damage."
"cmo1u7oy71rzz5uee90galttc","鑰圈兒","0707","attack","J","選擇1個對手的戰鬥寶可夢持有的招式。在下個對手的回合，受到這個招式的寶可夢無法使用被選擇的招式。","相手のバトルポケモンが持つワザを1つ選ぶ。次の相手の番、このワザを受けたポケモンは、選ばれたワザが使えない。","Choose 1 of your opponent’s Active Pokémon’s attacks. During your opponent’s next turn, that Pokémon can’t use that attack."
"cmo1u7oy91s035uee7u8ac9jk","小拉達","0019","attack","J","這隻寶可夢也受到10點傷害。","このポケモンにも10ダメージ。","This Pokémon also does 10 damage to itself."
"cmp2dfxgx2oqp116c33m13gtl","飄香豚ex","","attack","G","增加對手的備戰寶可夢的數量×30點傷害。 | 擲1次硬幣若為反面，則在下個自己的回合，這隻寶可夢無法使用招式。 | 寶可夢【ex】【昏厥】時，對手獲得2張獎賞卡。","相手のベンチポケモンの数×30ダメージ追加。 | コインを1回投げウラなら、次の自分の番、このポケモンはワザが使えない。","This attack does 30 more damage for each of your opponent’s Benched Pokémon. | Flip a coin. If tails, during your next turn, this Pokémon can’t attack."
"cmo1u6wv60fwt5ueextyzyuld","重泥挽馬","0750","attack","D","減少對手的戰鬥寶可夢【撤退】所需的能量的數量×30點傷害。","相手のバトルポケモンのにげるためのエネルギーの数×30ダメージぶん、このワザのダメージは小さくなる。","This attack does 30 less damage for each {C} in your opponent’s Active Pokémon’s Retreat Cost."
"cmo1u83ea2goa5ueejt52nkho","魔牆人偶","0122","attack","I","將自己的手牌全部放回牌庫並重洗。然後，從自己的牌庫抽出與對手的手牌張數相同數量的卡。 | 擲1次硬幣若為正面，則將對手的戰鬥寶可夢【麻痺】。","自分の手札をすべて山札にもどして切る。その後、相手の手札の枚数ぶん、自分の山札を引く。 | コインを1回投げオモテなら、相手のバトルポケモンをマヒにする。","Shuffle your hand into your deck. Then, draw a card for each card in your opponent’s hand. | Flip a coin. If heads, your opponent’s Active Pokémon is now Paralyzed."
"cmo1u7qxx1vfh5ueejsis0jqz","詛咒娃娃","0354","attack","I","對手選擇3張對手自己的手牌，放回牌庫並重洗。","相手は相手自身の手札を3枚選び、山札にもどして切る。","Your opponent chooses 3 cards from their hand and shuffles those cards into their deck."
"cmo1u6ww70fyl5uee7giim9zt","種子鐵球","0597","attack","D","將這隻寶可夢與備戰寶可夢互換。","このポケモンをベンチポケモンと入れ替える。",""
"cmobmw73w1uyr2pc7792oqgf6","老翁龍","0780","attack","J","在下個自己的回合，這隻寶可夢無法使用「龍之強襲」。","次の自分の番、このポケモンは「ドラゴンストライク」が使えない。",""
"cmo1u7q2j1tx75uee2agfn54t","打擊鬼","0539","attack","I","若對手的戰鬥寶可夢不是「寶可夢【ex】」，則這個招式失敗。這個招式的傷害不計算弱點・抵抗力。","相手のバトルポケモンが「ポケモンex」でないなら、このワザは失敗。このワザのダメージは弱点・抵抗力を計算しない。","If your opponent’s Active Pokémon isn’t a Pokémon {ex}, this attack does nothing. This attack’s damage isn’t affected by Weakness or Resistance."
"cmo1u83eo2goy5ueeo3fe56bh","N的象徵鳥","0561","attack","I","使用這個招式時，若自己剩餘獎賞卡的張數為1張，則這場對戰己方獲勝。","このワザを使ったとき、自分のサイドの残り枚数が1枚なら、この対戦は自分の勝ちになる。","If you use this attack when you have exactly 1 Prize card remaining, you win this game."
"cmo1u7q0n1ttz5ueebpfpnms1","小山豬","0220","attack","I","從自己的牌庫選擇最多2張【基礎】寶可夢卡，放置於備戰區。並且重洗牌庫。","自分の山札からたねポケモンを2枚まで選び、ベンチに出す。そして山札を切る。","Search your deck for up to 2 Basic Pokémon and put them onto your Bench. Then, shuffle your deck."
"cmobmw9lo1yza2pc71bgcsews","其他捷拉奧拉VMAX","0807","attack","F","造成對手場上擁有特性的寶可夢的數量×60點傷害。 | 選擇2個這隻寶可夢身上附加的能量，將其丟棄。 | 寶可夢【VMAX】【氣絕】時，對手獲得3張獎賞卡。","相手の場の特性を持つポケモンの数×60ダメージ。 | このポケモンについているエネルギーを2個選び、トラッシュする。",""
"cmo1u7y7827ux5ueedfobac91","引夢貘人","0097","attack","G","擲1次硬幣若為正面，則選擇1個對手的場上寶可夢持有的招式，作為這個招式使用。","コインを1回投げオモテなら、相手の場のポケモンが持っているワザを1つ選び、このワザとして使う。",""
"cmo1u83gu2gsn5ueez6lk9mu3","赤面龍","0621","attack","I","從自己的棄牌區選擇1張「基本【火】能量」卡，附於自己的【龍】寶可夢身上。","自分のトラッシュから「基本エネルギー」を1枚選び、自分のポケモンにつける。","Attach a Basic {R} Energy card from your discard pile to 1 of your {N} Pokémon."
"cmo1u7z9629od5ueerzhuef2u","拖拖蚓","0968","ability","G","若這隻寶可夢身上附有3個以上【鋼】能量，則這隻寶可夢的最大HP「+100」。","このポケモンにエネルギーが3個以上ついているなら、このポケモンの最大HPは「＋100」される。","If this Pokémon has 3 or more {M} Energy attached, it gets +100 HP."
"cmo1u7qhm1un05ueegkk57uoz","赫普的稚山雀","0821","attack","I","在下個對手的回合，受到這個招式的寶可夢使用招式的傷害「-20」點。","次の相手の番、このワザを受けたポケモンが使うワザのダメージは「-20」される。","During your opponent’s next turn, attacks used by the Defending Pokémon do 20 less damage (before applying Weakness and Resistance)."
"cmo1u7y8227we5ueeo18u083b","花岩怪","0442","attack","G","選擇1隻對手的備戰寶可夢，與戰鬥寶可夢互換。 | 擲2次硬幣，若全部為正面，則將對手的戰鬥寶可夢【昏厥】。","相手のベンチポケモンを1匹選び、バトルポケモンと入れ替える。 | コインを2回投げ、すべてオモテなら、相手のバトルポケモンをきぜつさせる。",""
"cmobmw89t1wv32pc7uktwe8g6","其他超夢VSTAR","0150","attack","F","將自己的場上寶可夢身上附加的最多3張【超】能量卡丟棄，造成其張數×90點傷害。 | 對手的所有「寶可夢【V】」各受到120點傷害。這個招式的傷害不計算弱點・抵抗力。[對戰中，己方只可使用1次【VSTAR】力量。] | 寶可夢【VSTAR】【氣絕】時，對手獲得2張獎賞卡。","自分の場のポケモンについているエネルギーを3枚までトラッシュし、その枚数×90ダメージ。",""
"cmo1u7y5927rl5uee01wuirpy","原野水母","0948","attack","G","擲3次硬幣，造成正面出現的次數×10點傷害。","コインを3回投げ、オモテの数×10ダメージ。",""
"cmo1u7xse275l5uee7fsazcgn","暴鯉龍","0130","attack","G","若自己剩餘獎賞卡的張數，比對手剩餘獎賞卡的張數多，則增加100點傷害。 | 這隻寶可夢也受到50點傷害。","自分のサイドの残り枚数が、相手のサイドの残り枚数より多いなら、100ダメージ追加。 | このポケモンにも50ダメージ。","If you have more Prize cards remaining than your opponent, this attack does 100 more damage. | This Pokémon also does 50 damage to itself."
"cmobmwa5b1ztl2pc7b996imqd","其他代歐奇希斯VMAX","0386","ability","F","只要這隻寶可夢在場上，自己的所有寶可夢受到對手的「寶可夢【VSTAR】」招式的傷害「-30」點。","このポケモンがいるかぎり、自分のポケモン全員が、相手の「ポケモンVSTAR」から受けるワザのダメージは「-30」される。",""
"cmobmwa5q1zu92pc71npy5zds","其他達克萊伊VSTAR","0491","ability","F","在自己的回合時可使用。從自己的棄牌區選擇最多2張物品卡，在給對手看過後加入手牌。[對戰中，己方只可使用1次【VSTAR】力量。]","",""
"cmo1u7ye0286j5ueerr3wyhn3","皮皮","0035","attack","G","從自己的牌庫選擇最多3張「皮皮」，放置於備戰區。並且重洗牌庫。","自分の山札から「ピッピ」を3枚まで選び、ベンチに出す。そして山札を切る。",""
"cmobmw9rk1z8p2pc7ialf8lr0","其他雷吉奇卡斯VSTAR","0486","ability","F","若對手剩餘獎賞卡的張數為1張，則在自己的回合時可使用。選擇對手的1隻備戰寶可夢，將那隻寶可夢與附加的卡全部丟棄。[對戰中，己方只可使用1次【VSTAR】力量。]","",""
"cmobmw5wj1t1e2pc7os72nk24","莉佳的霸王花ex","0045","ability","J","在自己的回合時可使用1次。將自己的所有寶可夢各恢復「30」HP。","自分の番に1回使える。自分のポケモン全員のHPを、それぞれ「30」回復する。","Once during your turn, you may use this Ability. Heal 30 damage from each of your Pokémon."
"cmo1u7xuo279l5uee5w1d135i","三首惡龍","0635","ability","G","在自己的回合時可使用1次。查看自己的牌庫上方3張卡，從其中選擇任意數量的能量卡，以任意方式附於自己的寶可夢身上。將剩餘卡丟棄。","自分の番に1回使える。自分の山札を上から3枚見て、その中からエネルギーを好きなだけ選び、自分のポケモンに好きなようにつける。残りのカードはトラッシュする。","Once during your turn, you may look at the top 3 cards of your deck and attach any number of Energy cards you find there to your Pokémon in any way you like. Discard the other cards."
"cmo1u7xux27a25ueeggw9i0e2","貓鼬探長","0735","attack","G","選擇1個對手的戰鬥寶可夢身上附加的能量，將其丟棄。","相手のバトルポケモンについているエネルギーを1個選び、トラッシュする。","Discard an Energy from your opponent’s Active Pokémon."
"cmo1u6wrj0fqg5ueel72bbxdf","狡猾天狗","0275","ability","D","只要這隻寶可夢在戰鬥場上，對手的手牌的支援者卡的效果全部改為「從自己的牌庫抽出3張卡」。","このポケモンがバトル場にいるかぎり、相手の手札にあるサポートの効果は、すべて「自分の山札を3枚引く。」になる。","As long as this Pokémon is in the Active Spot, each Supporter card in your opponent’s hand has the effect ""Draw 3 cards."" (This happens instead of the card’s usual effect.)"
"cmo1u83lh2h0o5uee4mtetp8d","小火馬","0077","attack","I","擲2次硬幣，造成正面出現的次數×10點傷害。","コインを2回投げ、オモテの数×10ダメージ。","Flip 2 coins. This attack does 10 damage for each heads."
"cmo1u6wrq0fqs5ueezivo1dmj","坐騎小羊","0672","attack","D","從自己的牌庫選擇1張【草】能量卡，附於自己的寶可夢身上。並且重洗牌庫。","自分の山札からエネルギーを1枚選び、自分のポケモンにつける。そして山札を切る。",""
"cmo1u7pbx1snj5ueefec4sf5e","黑暗鴉","0198","attack","I","擲1次硬幣若為正面，則增加20點傷害。","コインを1回投げオモテなら、20ダメージ追加。","Flip a coin. If heads, this attack does 20 more damage."
"cmo1u6wro0fqo5ueekh1xhj00","坐騎山羊","0673","attack","D","這隻寶可夢也受到30點傷害。","このポケモンにも30ダメージ。",""
"cmo1u7pf41st05uee73qdleur","羅絲雷朵","0407","ability","H","這隻寶可夢在戰鬥場上受到對手的寶可夢招式的傷害時，將使用招式的寶可夢【中毒】。","このポケモンが、バトル場で相手のポケモンからワザのダメージを受けたとき、ワザを使ったポケモンをどくにする。","If this Pokémon is in the Active Spot and is damaged by an attack from your opponent’s Pokémon (even if this Pokémon is Knocked Out), the Attacking Pokémon is now Poisoned."
"cmo1u6ws40frg5ueeezw7q83n","熔岩蟲","0218","attack","D","將對手的戰鬥寶可夢【睡眠】。","相手のバトルポケモンをねむりにする。","Your opponent’s Active Pokémon is now Asleep."
"cmo1u7pna1t735ueeadsnhynt","<小霞的>鯉魚王","0129","ability","I","只要這隻寶可夢在備戰區，不會受到對手的寶可夢招式的傷害與效果的影響。","このポケモンは、ベンチにいるかぎり、相手のポケモンからワザのダメージや効果を受けない。","As long as this Pokémon is on your Bench, prevent all damage from and effects of attacks from your opponent’s Pokémon done to this Pokémon."
"cmp2dfx7m2odw116csmfja27g","鯉魚王","","attack","G","擲1次硬幣若為正面，則對手的1隻寶可夢受到10點傷害。[在備戰區不計算弱點・抵抗力。]","コインを1回投げオモテなら、相手のポケモン1匹に、10ダメージ。［ベンチは弱点・抵抗力を計算しない。］",""
"cmo1u7zvv2ar45ueeucwl366v","大電海燕","0941","attack","G","對手的1隻備戰寶可夢受到自己的棄牌區的，持有「團結之翼」招式的寶可夢卡的張數×10點傷害。[在備戰區不計算弱點・抵抗力。]","相手のベンチポケモン1匹に、自分のトラッシュにある、ワザ「だんけつのつばさ」を持つポケモンの枚数×10ダメージ。［ベンチは弱点・抵抗力を計算しない。］","This attack does 10 damage for each Pokémon in your discard pile that has the United Wings attack to 1 of your opponent’s Benched Pokémon. (Don’t apply Weakness and Resistance for Benched Pokémon.)"
"cmo1u7pi61sy95ueeptbcladf","斯魔茶","1012","attack","H","從自己的棄牌區選擇1張「基本【草】能量」卡，在給對手看過後加入手牌。 | 擲1次硬幣若為反面，則這個招式失敗。","自分のトラッシュから「基本エネルギー」を1枚選び、相手に見せて、手札に加える。 | コインを1回投げウラなら、このワザは失敗。","Flip a coin. If tails, this attack does nothing."
"cmo1u7zxr2aud5ueeeo8ce66z","索財靈","0999","attack","G","擲1次硬幣若為正面，則在下個對手的回合，這隻寶可夢不會受到招式的傷害與效果的影響。","コインを1回投げオモテなら、次の相手の番、このポケモンはワザのダメージや効果を受けない。","Flip a coin. If heads, during your opponent’s next turn, prevent all damage from and effects of attacks done to this Pokémon."
"cmo1u7pit1szd5ueeaqfn8gza","烈焰馬","0078","attack","H","這隻寶可夢也受到30點傷害。","このポケモンにも30ダメージ。",""
"cmo1u7y6d27th5ueecn1nyfs9","小磁怪","0081","attack","G","將這隻寶可夢與備戰寶可夢互換。","このポケモンをベンチポケモンと入れ替える。",""
"cmo1u7pja1t065ueebhhetb62","熔岩蟲","0218","attack","H","將對手的戰鬥寶可夢【灼傷】。","相手のバトルポケモンをやけどにする。","Your opponent’s Active Pokémon is now Burned."
"cmo1u7y9127y25ueepg6dx8mv","怒鸚哥","0931","attack","G","從自己的牌庫選擇最多2張【基礎】寶可夢卡，放置於備戰區。並且重洗牌庫。 | 擲1次硬幣若為反面，則這個招式失敗。若為正面，則在下個對手的回合，這隻寶可夢不會受到招式的傷害與效果的影響。","自分の山札からたねポケモンを2枚まで選び、ベンチに出す。そして山札を切る。 | コインを1回投げウラなら、このワザは失敗。オモテなら、次の相手の番、このポケモンはワザのダメージや効果を受けない。","Flip a coin. If tails, this attack does nothing. If heads, during your opponent’s next turn, prevent all damage from and effects of attacks done to this Pokémon."
"cmo1u6wtu0fuh5uee4w40rlxb","脫殼忍者","0292","ability","D","這張卡只可依據鐵面忍者的特性「脫殼」的效果放置於場上。（這張卡在對戰準備時也不可放置於場上）","このカードは、テッカニンの特性「からぬけ」の効果によってしか場に出せない。（このカードは、対戦準備でも場に出せない。）","Put this Pokémon into play only with the effect of Ninjask’s Cast-Off Shell Ability. (When you are setting up to play, you cannot put it face down as your Active Pokémon or on your Bench.)"
"cmo1u6wu10fut5ueedqursvpz","黑夜魔靈","0477","ability","D","只要這隻寶可夢在場上，雙方的場上寶可夢身上附加的特殊能量的效果全部消除，視為提供1個【無】能量。","このポケモンがいるかぎり、おたがいの場のポケモンについている特殊エネルギーの効果はすべてなくなり、エネルギー1個ぶんとしてはたらく。","All Special Energy attached to Pokémon (both yours and your opponent’s) provide {C} Energy and have no other effect."
"cmo1u6wuc0fvd5ueezp2vvf3b","風妖精","0547","attack","D","從自己的牌庫抽出3張卡。 | 在造成傷害前，將自己的場上寶可夢身上附加的任意數量的「寶可夢道具」丟棄，增加其張數×40點傷害。","自分の山札を3枚引く。 | ダメージを与える前に、自分の場のポケモンについている「ポケモンのどうぐ」を好きなだけトラッシュし、その枚数×40ダメージ追加。","Draw 3 cards. | Before doing damage, you may discard any number of Pokémon Tools from your Pokémon. This attack does 40 more damage for each card you discarded in this way."
"cmo1u6wvm0fxl5ueed9y2qtm9","黑眼鱷","0551","attack","D","將對手的牌庫上方3張卡丟棄。","相手の山札を上から3枚トラッシュする。",""
"cmo1u6ww50fyh5ueezp3gl7rx","伽勒爾 喵頭目","0863","attack","D","擲3次硬幣。若出現正面，則查看對手的手牌，選擇其中與正面出現的次數相同數量的訓練家卡，將其丟棄。","コインを3回投げる。オモテが出たなら、相手の手札を見て、その中からトレーナーズをオモテの数ぶん選び、トラッシュする。","Flip 3 coins. If any of them are heads, your opponent reveals their hand. Then, for each heads, discard a Trainer card from your opponent’s hand."
"cmo1u6wwb0fyt5ueegckwe9o4","堅果啞鈴","0598","attack","D","造成這隻寶可夢身上附加的【鋼】能量的數量×30點傷害。將這隻寶可夢與備戰寶可夢互換。","このポケモンについているエネルギーの数×30ダメージ。このポケモンをベンチポケモンと入れ替える。",""
"cmo1u7pnr1t7v5ueev9q10ut9","小鋸鱷","0158","attack","H","在下個對手的回合，受到這個招式的寶可夢無法撤退。","次の相手の番、このワザを受けたポケモンは、にげられない。","During your opponent’s next turn, the Defending Pokémon can’t retreat."
"cmo1u6wwi0fz55uee6577p3nf","卡比獸","0143","ability","D","若這隻寶可夢在戰鬥場上，則在自己的回合時可使用1次，若使用，則自己的回合結束。從牌庫抽卡直到自己的手牌滿7張為止。","このポケモンがバトル場にいるなら、自分の番に1回使えて、使ったなら、自分の番は終わる。自分の手札が7枚になるように、山札を引く。",""
"cmo1u6wx70g0a5uee0q3nq2y1","爆音怪","0295","attack","D","造成自己的場上的，持有「輪唱」招式的寶可夢的數量×50點傷害。","自分の場の、ワザ「りんしょう」を持つポケモンの数×50ダメージ。","This attack does 50 damage for each of your Pokémon in play that has the Round attack."
"cmo1u80o92c495ueee8vlixh1","輕身鱈","0976","ability","G","這隻寶可夢在戰鬥場上受到對手的寶可夢招式的傷害而【昏厥】時，選擇最多2張這隻寶可夢身上附加的【水】能量卡，改附於1隻備戰寶可夢身上。","このポケモンが、バトル場で相手のポケモンからワザのダメージを受けてきぜつしたとき、このポケモンについているエネルギーを2枚まで選び、ベンチポケモン1匹につけ替える。","If this Pokémon is in the Active Spot and is Knocked Out by damage from an attack from your opponent’s Pokémon, move up to 2 {W} Energy cards from this Pokémon to 1 of your Benched Pokémon."
"cmp2dfz352qz1116cn9y4di69","爬地翅","","attack","G","將對手的牌庫上方1張卡丟棄。 | 這隻寶可夢也受到90點傷害。將對手的戰鬥寶可夢【灼傷】。","相手の山札を上から1枚トラッシュする。 | このポケモンにも90ダメージ。相手のバトルポケモンをやけどにする。","This Pokémon also does 90 damage to itself. Your opponent’s Active Pokémon is now Burned."
"cmobmw67t1tjk2pc7580kkw6u","小鋸鱷","0158","attack","J","這隻寶可夢也受到10點傷害。","このポケモンにも10ダメージ。","This Pokémon also does 10 damage to itself."
"cmo1u6w030eej5ueegevibkkg","啪嚓海膽","0871","attack","D","擲4次硬幣，造成正面出現的次數×30點傷害。若出現2次以上正面，則將對手的戰鬥寶可夢【麻痺】。","コインを4回投げ、オモテの数×30ダメージ。オモテが2回以上なら、相手のバトルポケモンをマヒにする。",""
"cmo1u7po71t8n5uee7543vlbp","瑪狃拉","0461","attack","H","將這隻寶可夢身上附加的能量卡全部丟棄，將對手的戰鬥寶可夢【麻痺】。","このポケモンについているエネルギーをすべてトラッシュし、相手のバトルポケモンをマヒにする。","Discard all Energy from this Pokémon. Your opponent’s Active Pokémon is now Paralyzed."
"cmo1u80nu2c3l5uee0vngbtrs","甜冷美后ex","0763","attack","G","只要這隻寶可夢在備戰區，不會受到招式的傷害。 | 在對手的1隻寶可夢身上放置傷害指示物直到那隻寶可夢的剩餘HP變為「30」為止。 | 將這隻寶可夢恢復「30」HP，特殊狀態也全部恢復。","相手のポケモン1匹に、そのポケモンの残りHPが「30」になるように、ダメカンをのせる。 | このポケモンのHPを「30」回復し、特殊状態もすべて回復する。",""
"cmo1u6vrr0dzx5ueewnppzexz","伽勒爾 太陽珊瑚","0222","attack","D","將3個傷害指示物以任意方式放置於對手的寶可夢身上。","ダメカン3個を、相手のポケモンに好きなようにのせる。",""
"cmo1u6w5o0eo55ueegwk90t6d","象徵鳥","0561","ability","D","這隻寶可夢在戰鬥場受到對手的寶可夢招式的傷害時，在使用招式的寶可夢身上放置3個傷害指示物。","このポケモンが、バトル場で相手のポケモンからワザのダメージを受けたとき、ワザを使ったポケモンにダメカンを3個のせる。","If this Pokémon is in the Active Spot and is damaged by an opponent’s attack (even if it is Knocked Out), put 3 damage counters on the Attacking Pokémon."
"cmo1u83nc2h3t5ueez0lkcbc1","<阿響的>樹才怪","0185","attack","I","在下個對手的回合，受到這個招式的寶可夢無法撤退。 | 擲1次硬幣若為正面，則選擇1個對手的戰鬥寶可夢持有的招式，作為這個招式使用。","次の相手の番、このワザを受けたポケモンは、にげられない。 | コインを1回投げオモテなら、相手のバトルポケモンが持つワザを1つ選び、このワザとして使う。","During your opponent’s next turn, the Defending Pokémon can’t retreat. | Flip a coin. If heads, choose 1 of your opponent’s Active Pokémon’s attacks and use it as this attack."
"cmo1u80t82ccq5ueelwpsgsys","原野水母","0948","attack","G","將這隻寶可夢恢復「20」HP。","このポケモンのHPを「20」回復する。","Heal 20 damage from this Pokémon."
"cmo1u7yh228bw5ueeaz6933p2","大蔥鴨","0083","attack","D","從自己的牌庫抽出2張卡。","自分の山札を2枚引く。","Shuffle your hand into your deck. Then, draw 5 cards."
"cmo1u7ppf1tar5ueeftt9un1t","帝牙海獅","0365","attack","H","在下個對手的回合，身上附加的能量為2個以下的所有寶可夢無法使用招式。（包含新上場的寶可夢。） | 這隻寶可夢也受到50點傷害。","次の相手の番、ついているエネルギーが2個以下のポケモン全員は、ワザが使えない。（新しく場に出したポケモンもふくむ。） | このポケモンにも50ダメージ。","During your opponent’s next turn, Pokémon that have 2 or less Energy attached can’t attack. (This includes new Pokémon that come into play.) | This Pokémon also does 50 damage to itself."
"cmo1u6x3t0gbc5ueeiqd1n2l2","小仙奶","0868","attack","D","將自己的所有寶可夢各恢復「10」HP。","自分のポケモン全員のHPを、それぞれ「10」回復する。","Heal 10 damage from each of your Pokémon."
"cmo1u6t9i09mc5ueend7l5hiq","愛管侍V","0876","ability","D","在自己的回合時，可使用1次。將自己的戰鬥寶可夢恢復「20」HP。","自分の番に1回使える。自分のバトルポケモンのHPを「20」回復する。",""
"cmo1u6vrp0dzt5ueexom9uyv3","多龍梅西亞","0885","attack","D","擲1次硬幣若為正面，則增加10點傷害。","コインを1回投げオモテなら、10ダメージ追加。",""
"cmo1u80wb2chz5ueewwc6qizo","青綿鳥","0333","attack","G","將自己的1隻寶可夢恢復「30」HP。","自分のポケモン1匹のHPを「30」回復する。",""
"cmo1u6w6b0ep95ueeuphaojqc","多龍巴魯托V","0887","attack","D","在這個回合，若從備戰區將這隻寶可夢放置於戰鬥場，則增加80點傷害。 | 寶可夢【V】【氣絕】時，對手獲得2張獎賞卡。","この番、このポケモンがベンチからバトル場に出ていたなら、80ダメージ追加。",""
"cmo1u6xlw0h6t5ueei2h5t7q0","伽勒爾 蔥遊兵","0865","attack","E","若這隻寶可夢身上附有「寶可夢道具」，則增加90點傷害。這個情況下，這個招式的傷害不計算抵抗力。","このポケモンに「ポケモンのどうぐ」がついているなら、90ダメージ追加。その場合、このワザのダメージは抵抗力を計算しない。","If this Pokémon has a Pokémon Tool attached, this attack does 90 more damage, and this attack’s damage isn’t affected by Resistance."
"cmo1u6w770eqt5ueeipg2pcv3","伽勒爾 雙彈瓦斯","0110","ability","D","只要這隻寶可夢在戰鬥場上，對手的場上寶可夢的特性（「化學變化氣體」除外）全部消除。","このポケモンがバトル場にいるかぎり、相手の場のポケモンの特性（「かがくへんかガス」をのぞく）は、すべてなくなる。","As long as this Pokémon is in the Active Spot, your opponent’s Pokémon in play have no Abilities, except for Neutralizing Gas."
"cmo1u80zp2cns5ueeimyo8y65","九尾","0038","attack","H","將對手的戰鬥寶可夢【灼傷】與【混亂】。","相手のバトルポケモンをやけどとこんらんにする。","Your opponent’s Active Pokémon is now Burned and Confused."
"cmo1u7pri1te85uee90tm3hb0","波盪水","1009","attack","H","將這隻寶可夢恢復「20」HP。 | 在這隻寶可夢身上放置最多9個傷害指示物，造成放置的數量×20點傷害。","このポケモンのHPを「20」回復する。 | このポケモンにダメカンを9個までのせ、のせた数×20ダメージ。","Heal 20 damage from this Pokémon. | Put up to 9 damage counters on this Pokémon. This attack does 20 damage for each damage counter you placed in this way."
"cmo1u7psb1tfo5ueea92s3pd6","奇樹的霹靂電球","0100","attack","I","增加自己的所有「奇樹的寶可夢」身上附加的【雷】能量的數量×20點傷害。","自分の「ナンジャモのポケモン」全員についているエネルギーの数×20ダメージ追加。","This attack does 20 more damage for each {L} Energy attached to all of your Iono’s Pokémon."
"cmp2dg01m2sbj116cfknh1v01","呱呱泡蛙","","attack","H","從自己的牌庫選擇最多2張「呱呱泡蛙」，放置於備戰區。並且重洗牌庫。","自分の山札から「ケロマツ」を2枚まで選び、ベンチに出す。そして山札を切る。","Shuffle up to 3 Basic {W} Energy cards from your discard pile into your deck."
"cmo1u6x100g6j5ueesc5stwbh","蓋歐卡","0382","attack","D","對手的所有寶可夢各受到80點傷害。[在備戰區不計算弱點・抵抗力。]","相手のポケモン全員に、それぞれ80ダメージ。［ベンチは弱点・抵抗力を計算しない。］",""
"cmo1u6xjo0h2x5ueestmklmc5","赫拉克羅斯","0214","attack","E","擲2次硬幣，若全部為正面，則增加160點傷害。","コインを2回投げ、すべてオモテなら、160ダメージ追加。",""
"cmo1u7pue1tj95ueej8kxwh2p","捷拉奧拉","0807","attack","H","擲1次硬幣若為正面，則將對手的戰鬥寶可夢【麻痺】。 | 選擇1個這隻寶可夢身上附加的能量，將其丟棄。","コインを1回投げオモテなら、相手のバトルポケモンをマヒにする。 | このポケモンについているエネルギーを1個選び、トラッシュする。",""
"cmo1u6xkb0h415uee3tyvpji6","其他火焰雞VMAX","0257","attack","E","在下個對手的回合，受到這個招式的寶可夢無法撤退。 | 選擇最多2隻自己的備戰區的「連擊」寶可夢，從自己的棄牌區附給那些寶可夢各1張能量卡。 | 寶可夢【VMAX】【氣絕】時，對手獲得3張獎賞卡。","次の相手の番、このワザを受けたポケモンは、にげられない。 | 自分のベンチの「れんげき」のポケモンを2匹まで選び、自分のトラッシュからエネルギーを1枚ずつつける。",""
"cmo1u7pun1tjp5ueezk51stfj","莫魯貝可","0877","ability","H","在自己的回合時可使用1次。查看自己的牌庫上方1張卡，回復原樣。若希望，將那張卡丟棄。","自分の番に1回使える。自分の山札を上から1枚見て、もとにもどす。のぞむなら、そのカードをトラッシュする。","Once during your turn, you may look at the top card of your deck. You may discard that card. | Attach up to 2 Basic Energy cards from your discard pile to your Pokémon in any way you like."
"cmo1u816j2cza5uee2f3gxjwy","凱路迪歐","0647","attack","H","從自己的牌庫抽出2張卡。","自分の山札を2枚引く。","Draw 2 cards."
"cmobmw6g51twx2pc709sr1ntz","密勒頓ex","1008","attack","J","若對手的戰鬥寶可夢為「寶可夢【ex】」，則增加120點傷害。","相手のバトルポケモンが「ポケモンex」なら、120ダメージ追加。","If your opponent’s Active Pokémon is a Pokémon {ex}, this attack does 120 more damage."
"cmo1u817c2d0n5uee6k6fnblz","單卵細胞球","0577","attack","H","擲1次硬幣若為反面，則這個招式失敗。","コインを1回投げウラなら、このワザは失敗。","Flip a coin. If tails, this attack does nothing."
"cmo1u6xm60h795ueehdjfxpnr","龐岩怪","0526","attack","E","在下個對手的回合，這隻寶可夢受到招式的傷害「-50」點。 | 這隻寶可夢也受到這隻寶可夢身上放置的傷害指示物的數量×10點傷害。","次の相手の番、このポケモンが受けるワザのダメージは「-50」される。 | このポケモンにも、このポケモンにのっているダメカンの数×10ダメージ。","During your opponent’s next turn, this Pokémon takes 50 less damage from attacks (after applying Weakness and Resistance). | This Pokémon also does 10 damage to itself for each damage counter on it."
"cmo1u7pxs1tp25ueel9ctwm11","象徵鳥","0561","attack","H","從自己的牌庫抽出2張卡。 | 擲1次硬幣若為正面，則將對手的戰鬥寶可夢【麻痺】。","自分の山札を2枚引く。 | コインを1回投げオモテなら、相手のバトルポケモンをマヒにする。","Flip a coin. If heads, your opponent’s Active Pokémon is now Paralyzed."
"cmo1u6xnj0h9i5ueehxr0fmfw","長毛狗","0508","ability","E","只要這隻寶可夢在戰鬥場上，對手的戰鬥寶可夢使用招式的傷害，全部「-30」點。","このポケモンがバトル場にいるかぎり、相手のバトルポケモンが使うワザのダメージは、すべて「-30」される。","As long as this Pokémon is in the Active Spot, your opponent’s Active Pokémon’s attacks do 30 less damage (before applying Weakness and Resistance)."
"cmo1u7pyk1tqe5ueeul0b75f7","花潔夫人","0671","ability","H","在自己的回合時可使用1次。擲1次硬幣若為正面，則選擇1隻對手的備戰寶可夢，與戰鬥寶可夢互換。然後，將新上場的寶可夢【混亂】。","自分の番に1回使える。コインを1回投げオモテなら、相手のベンチポケモンを1匹選び、バトルポケモンと入れ替える。その後、新しく出てきたポケモンをこんらんにする。","Once during your turn, you may flip a coin. If heads, switch in 1 of your opponent’s Benched Pokémon to the Active Spot, and the new Active Pokémon is now Confused."
"cmo1u7pz01tr65ueexcqndq4t","花舞鳥","0741","attack","H","從自己的牌庫選擇最多2張【基礎】寶可夢卡，放置於備戰區。並且重洗牌庫。","自分の山札からたねポケモンを2枚まで選び、ベンチに出す。そして山札を切る。","Search your deck for up to 2 Basic Pokémon and put them onto your Bench. Then, shuffle your deck."
"cmo1u81jy2dm65ueeu6fk23it","蚊香蝌蚪","0060","attack","H","擲2次硬幣，造成正面出現的次數×20點傷害。","コインを2回投げ、オモテの数×20ダメージ。","Flip 2 coins. This attack does 20 damage for each heads."
"cmo1u6xy20hqd5ueefs6psxop","以歐路普","0826","attack","E","從自己的牌庫選擇最多與這隻寶可夢身上附加的能量相同數量的【2階進化】寶可夢卡（「以歐路普」除外），放置於備戰區。並且重洗牌庫。","このポケモンについているエネルギーの数ぶんまで、自分の山札から2進化ポケモン（「イオルブ」をのぞく）を選び、ベンチに出す。そして山札を切る。","For each Energy attached to this Pokémon, search your deck for a Stage 2 Pokémon, except Orbeetle, and put it onto your Bench. Then, shuffle your deck."
"cmobmw6ml1u752pc7s7l4x49z","固拉多","0383","attack","J","這隻寶可夢也受到30點傷害。","このポケモンにも30ダメージ。","This Pokémon also does 30 damage to itself."
"cmo1u81oh2dtc5ueem9o17npf","雙尾怪手","0424","ability","H","在自己的回合，從手牌使出這張卡並完成進化時，可使用1次。擲2次硬幣，在不看手牌正面的情況下，從對手的手牌選擇與正面出現的次數相同數量的卡，查看那些卡的正面後放回對手的牌庫並重洗。","自分の番に、このカードを手札から出して進化させたとき、1回使える。コインを2回投げ、オモテの数ぶん、相手の手札からオモテを見ないで選び、そのカードのオモテを見て、相手の山札にもどして切る。","When you play this Pokémon from your hand to evolve 1 of your Pokémon during your turn, you may flip 2 coins. For each heads, choose a random card from your opponent’s hand. Your opponent reveals those cards and shuffles them into their deck."
"cmo1u7yfc288w5ueeixqhuh92","猴怪","0056","attack","G","擲1次硬幣若為正面，則增加20點傷害。若為反面，則這隻寶可夢也受到20點傷害。","コインを1回投げオモテなら、20ダメージ追加。ウラなら、このポケモンにも20ダメージ。","Flip a coin. If tails, this Pokémon also does 20 damage to itself. If heads, this attack does 20 more damage."
"cmo1u6xxc0hp05ueewwlgaibl","帕奇利茲","0417","attack","E","從自己的牌庫選擇1張寶可夢卡，在給對手看過後加入手牌。並且重洗牌庫。","自分の山札からポケモンを1枚選び、相手に見せて、手札に加える。そして山札を切る。",""
"cmo1u820g2edb5ueekheebkj9","呆呆王","0199","attack","H","將自己的牌庫上方1張卡丟棄，若那張卡為寶可夢卡（「擁有規則的寶可夢」除外），則選擇1個那隻寶可夢持有的招式，作為這個招式使用。","自分の山札を上から1枚トラッシュし、そのカードがポケモン（「ルールを持つポケモン」をのぞく）なら、そのポケモンが持っているワザを1つ選び、このワザとして使う。",""
"cmp2dg0ke2t20116cshcauf59","狗仔包","","attack","H","從自己的牌庫選擇1張【基礎】寶可夢卡，放置於備戰區。並且重洗牌庫。","自分の山札からたねポケモンを1枚選び、ベンチに出す。そして山札を切る。",""
"cmo1u7q2x1txw5ueeo6a64t0q","土地雲","0645","attack","H","從自己的棄牌區選擇1張能量卡，附於這隻寶可夢身上。 | 這個招式的傷害不計算抵抗力。","自分のトラッシュからエネルギーを1枚選び、このポケモンにつける。 | このワザのダメージは抵抗力を計算しない。","Attach an Energy card from your discard pile to this Pokémon. | This attack’s damage isn’t affected by Resistance."
"cmo1u6xyq0hrl5ueeqtzhougz","劈斬司令","0625","attack","E","若對手的戰鬥寶可夢為【鋼】寶可夢，則增加90點傷害。","相手のバトルポケモンがポケモンなら、90ダメージ追加。",""
"cmo1u82142eef5uee5l99q46h","嘎啦嘎啦","0105","attack","H","在下個對手的回合，受到這個招式的寶可夢使用招式的傷害「-40」點。 | 若自己的備戰區的「卡拉卡拉」身上放置有傷害指示物，則增加120點傷害。","次の相手の番、このワザを受けたポケモンが使うワザのダメージは「-40」される。 | 自分のベンチの「カラカラ」にダメカンがのっているなら、120ダメージ追加。","If any of your Benched Cubone have any damage counters on them, this attack does 120 more damage."
"cmo1u821l2ef85uee1n688uv7","師父鼬","0620","attack","H","若對手的手牌為5張以下，則增加60點傷害。","相手の手札が5枚以下なら、60ダメージ追加。","If your opponent has 5 or fewer cards in their hand, this attack does 60 more damage."
"cmo1u822i2egs5ueesj1qcy7m","美錄坦","0808","attack","H","從自己的牌庫選擇1張「寶可夢道具」卡，在給對手看過後加入手牌。並且重洗牌庫。","自分の山札から「ポケモンのどうぐ」を1枚選び、相手に見せて、手札に加える。そして山札を切る。",""
"cmo1u7yzr29865ueeopsnrzv2","操陷蛛","0918","attack","G","將雙方的戰鬥寶可夢與附加的卡，全部放回各自的牌庫並重洗。[自己先將下一隻寶可夢放置於戰鬥場。]","おたがいのバトルポケモンと、ついているすべてのカードを、それぞれの山札にもどして切る。［バトル場に次のポケモンを出すのは自分から。］",""
"cmo1u6y6o0i575uee5ud8xl25","波爾凱尼恩V","0721","attack","E","擲2次硬幣，造成正面出現的次數×90點傷害。","このポケモンにダメカンが10個以上のっているなら、150ダメージ追加。",""
"cmo1u6y0f0hud5ueerku4g5ta","凱羅斯","0127","ability","E","只要這隻寶可夢在場上，自己的「一擊」寶可夢使用招式的傷害，不計算對手的戰鬥寶可夢的抵抗力。","このポケモンがいるかぎり、自分の「いちげき」のポケモンが使うワザのダメージは、相手のバトルポケモンの抵抗力を計算しない。","Damage from your Single Strike Pokémon’s attacks isn’t affected by your opponent’s Active Pokémon’s Resistance."
"cmo1u81io2dk25ueeud1snu2x","電螢蟲","0313","attack","H","這個招式可在先攻玩家的最初回合使用。從自己的牌庫選擇最多2張【基礎】寶可夢卡，放置於備戰區。並且重洗牌庫。 | 若自己的備戰區有「甜甜螢」，則增加60點傷害。","このワザは、先攻プレイヤーの最初の番でも使える。自分の山札からたねポケモンを2枚まで選び、ベンチに出す。そして山札を切る。 | 自分のベンチに「イルミーゼ」がいるなら、60ダメージ追加。","If Illumise is on your Bench, this attack does 60 more damage."
"cmo1u829h2er65uee1y79m8fw","螺釘地鼠","0529","attack","I","將對手的牌庫上方1張卡丟棄。","相手の山札を上から1枚トラッシュする。",""
"cmo1u82ak2esy5uee1g5c0kf5","爆焰龜獸","0776","attack","H","選擇1個對手的戰鬥場的「寶可夢【ex】」身上附加的能量，將其丟棄。","相手のバトル場の「ポケモンex」についているエネルギーを1個選び、トラッシュする。",""
"cmo1u82b12etq5ueeht7zlnxf","摩托蜥ex","0967","attack","H","對手的1隻備戰寶可夢也受到30點傷害。[在備戰區不計算弱點・抵抗力。] | 若希望，從自己的牌庫抽出5張卡。","相手のベンチポケモン1匹にも、30ダメージ。［ベンチは弱点・抵抗力を計算しない。］ | のぞむなら、自分の山札を5枚引く。","This attack also does 30 damage to 1 of your opponent’s Benched Pokémon. (Don’t apply Weakness and Resistance for Benched Pokémon.) | You may draw 5 cards."
"cmo1u7q6u1u4l5uee3u2xzqo0","N的扒手貓","0509","attack","I","查看對手的手牌，從其中選擇1張卡，放回對手的牌庫下方。","相手の手札を見て、その中からカードを1枚選び、相手の山札の下にもどす。","Your opponent reveals their hand, and you choose a card you find there and put it on the bottom of their deck."
"cmo1u6y8m0i8k5ueeyavgqg36","河馬獸","0450","attack","E","選擇最多3張自己的獎賞卡加入手牌。然後，從手牌選擇與加入的張數相同數量的卡，反面朝上作為獎賞卡放置。 | 在自己的回合時，支援者卡只可使用1張。","このポケモンについているエネルギーを2個選び、トラッシュする。",""
"cmo1u7y4q27qp5ueef5cm6iuf","榛果球","0204","attack","G","在下個對手的回合，這隻寶可夢受到招式的傷害「-30」點。","次の相手の番、このポケモンが受けるワザのダメージは「-30」される。",""
"cmo1u7z8429ml5ueeskm1czqb","火爆猴","0057","attack","G","擲1次硬幣若為正面，則增加60點傷害。","コインを1回投げオモテなら、60ダメージ追加。","Flip a coin. If heads, this attack does 60 more damage."
"cmo1u82e02eyr5ueemufjadc3","椰蛋樹","0103","attack","H","擲與雙方的戰鬥寶可夢身上附加的能量的數量相同次數的硬幣，造成正面出現的次數×60點傷害。","おたがいのバトルポケモンについているエネルギーの数ぶんコインを投げ、オモテの数×60ダメージ。","Flip a coin for each Energy attached to both Active Pokémon. This attack does 60 damage for each heads."
"cmo1u82eo2ezv5uee93z71pwr","比克提尼","0494","ability","H","只要這隻寶可夢在場上，自己的【火】屬性的進化寶可夢使用的招式，對對手的戰鬥寶可夢造成的傷害「+10」點。","このポケモンがいるかぎり、自分のタイプの進化ポケモンが使うワザの、相手のバトルポケモンへのダメージは「+10」される。","Attacks used by your Evolution {R} Pokémon do 10 more damage to your opponent’s Active Pokémon (before applying Weakness and Resistance)."
"cmo1u6y8v0i905ueelqz99omm","波士可多拉","0306","attack","E","在下個對手的回合，這隻寶可夢受到招式的傷害「-30」點。 | 自己的所有寶可夢也各受到30點傷害。[在備戰區不計算弱點・抵抗力。]","次の相手の番、このポケモンが受けるワザのダメージは「-30」される。 | 自分のポケモン全員にも、それぞれ30ダメージ。［ベンチは弱点・抵抗力を計算しない。］",""
"cmo1u6y9i0ia45ueemuzpleuw","多邊獸Ｚ","0474","ability","E","在自己的回合，每次從自己的手牌將能量附於這隻寶可夢身上時，都可使用1次。將對手的戰鬥寶可夢【混亂】。","自分の番に、自分の手札からエネルギーをこのポケモンにつけるたび、1回使える。相手のバトルポケモンをこんらんにする。","Whenever you attach an Energy card from your hand to this Pokémon during your turn, you may make your opponent’s Active Pokémon Confused."
"cmobmw6to1uid2pc741dj69ay","禿鷹娜ex","0630","attack","J","對手的1隻寶可夢受到50點傷害。[在備戰區不計算弱點・抵抗力。] | 在不看正面的情況下，從對手的手牌選擇1張，將其丟棄。","相手のポケモン1匹に、50ダメージ。［ベンチは弱点・抵抗力を計算しない。］ | 相手の手札からオモテを見ないで1枚選び、トラッシュする。",""
"cmo1u82i72f5w5ueefpd5vf99","海兔獸","0423","ability","H","只要這隻寶可夢在備戰區，雙方的備戰區的【2階進化】寶可夢的特性全部消除。","このポケモンがベンチにいるかぎり、おたがいのベンチの2進化ポケモンの特性は、すべてなくなる。","As long as this Pokémon is on your Bench, Benched Stage 2 Pokémon (both yours and your opponent’s) have no Abilities."
"cmo1u82jx2f8t5ueewqsqvwzx","一家鼠","0925","attack","H","從自己的牌庫選擇最多2張「一家鼠（包含『寶可夢【ex】』）」，放置於備戰區。並且重洗牌庫。 | 擲4次硬幣，造成正面出現的次數×30點傷害。","自分の山札から「イッカネズミ（『ポケモンex』をふくむ）」を2枚まで選び、ベンチに出す。そして山札を切る。 | コインを4回投げ、オモテの数×30ダメージ。","Flip 4 coins. This attack does 30 damage for each heads."
"cmo1u83qy2h9y5ueegfi8o2nx","骨紋巨聲鱷","0911","attack","G","從自己的棄牌區選擇最多2張基本能量卡，以任意方式附於自己的寶可夢身上。 | 這隻寶可夢也受到30點傷害。","自分のトラッシュから基本エネルギーを2枚まで選び、自分のポケモンに好きなようにつける。 | このポケモンにも30ダメージ。","Attach up to 2 Basic Energy cards from your discard pile to your Pokémon in any way you like. | This Pokémon also does 30 damage to itself."
"cmo1u6ye30ii25uee36a2vend","八爪武師","0853","ability","E","只要這隻寶可夢在戰鬥場上，對手的戰鬥寶可夢【撤退】所需的能量增加2個。","このポケモンがバトル場にいるかぎり、相手のバトルポケモンのにげるためのエネルギーは、2個ぶん多くなる。",""
"cmo1u6ye70iia5ueeugks8fhq","巨金怪V","0376","attack","E","若這隻寶可夢與對手的戰鬥寶可夢，身上附加的能量數量相同，則增加90點傷害。 | 寶可夢【V】【氣絕】時，對手獲得2張獎賞卡。","コインを2回投げ、オモテの数×20ダメージ追加。 | このポケモンと相手のバトルポケモンについているエネルギーの数が同じなら、90ダメージ追加。",""
"cmp2dfx9j2ogh116cuizz3nzr","茸茸羊","","attack","G","擲1次硬幣若為正面，則將對手的戰鬥寶可夢【麻痺】。","コインを1回投げオモテなら、相手のバトルポケモンをマヒにする。","Flip a coin. If heads, your opponent’s Active Pokémon is now Paralyzed."
"cmo1u80nl2c355ueekwusz8nr","古玉魚","1004","attack","G","從自己的棄牌區選擇最多2張「基本【火】能量」卡，附於自己的1隻寶可夢身上。 | 在上個對手的回合，若自己的寶可夢因招式的傷害而【昏厥】了，則增加90點傷害。","自分のトラッシュから「基本エネルギー」を2枚まで選び、自分のポケモン1匹につける。 | 前の相手の番に、ワザのダメージで、自分のポケモンがきぜつしていたなら、90ダメージ追加。","Attach up to 2 Basic {R} Energy cards from your discard pile to 1 of your Pokémon. | If any of your Pokémon were Knocked Out by damage from an attack during your opponent’s last turn, this attack does 90 more damage."
"cmo1u7yim28el5ueehiclrggf","快拳郎","0107","ability","G","這隻寶可夢在戰鬥場受到對手的寶可夢招式的傷害時，在使用招式的寶可夢身上放置3個傷害指示物。","このポケモンが、バトル場で相手のポケモンからワザのダメージを受けたとき、ワザを使ったポケモンにダメカンを3個のせる。",""
"cmo1u6yh70inf5ueeou8gpskh","果然翁","0202","attack","E","選擇自己的1隻備戰寶可夢，將與所選的寶可夢身上放置的傷害指示物數量相同的傷害指示物，放置於對手的戰鬥寶可夢身上。","自分のベンチポケモンを1匹選び、選んだポケモンにのっているダメカンと同じ数のダメカンを、相手のバトルポケモンにのせる。","Put damage counters on your opponent’s Active Pokémon equal to the number of damage counters on 1 of your Benched Pokémon."
"cmo1u6yhu0ioj5ueeh5z8mjqc","鬃岩狼人V","0745","attack","E","在下個自己的回合，這隻寶可夢無法使用招式。 | 寶可夢【V】【氣絕】時，對手獲得2張獎賞卡。","次の自分の番、このポケモンはワザが使えない。",""
"cmo1u7zob2aea5ueequkua0pi","堅盾劍怪","0681","ability","G","這隻寶可夢不會受到對手的「寶可夢【ex】・【V】」招式的傷害。","このポケモンは、相手の「ポケモンex・V」からワザのダメージを受けない。","Prevent all damage done to this Pokémon by attacks from your opponent’s Pokémon {ex} and Pokémon {V}."
"cmo1u81ka2dmm5uee82wk1cvf","金魚王","0119","attack","H","在造成傷害前，將對手的戰鬥寶可夢身上附加的「寶可夢道具」卡丟棄。","ダメージを与える前に、相手のバトルポケモンについている「ポケモンのどうぐ」をトラッシュする。","Before doing damage, discard all Pokémon Tools from your opponent’s Active Pokémon."
"cmo1u6ymu0ix85ueeu74pq8r7","暴鯉龍V","0130","attack","E","寶可夢【V】【氣絕】時，對手獲得2張獎賞卡。","このポケモンにのっているダメカンの数×20ダメージ。",""
"cmo1u6ynw0iz15ueete4igrmg","雷吉艾勒奇","0894","attack","E","將這隻寶可夢身上附加的【雷】能量全部丟棄，對手的2隻備戰寶可夢也各受到40點傷害。[在備戰區不計算弱點・抵抗力。]","このポケモンについているエネルギーをすべてトラッシュし、相手のベンチポケモン2匹にも、それぞれ40ダメージ。［ベンチは弱点・抵抗力を計算しない。］","Discard all {L} Energy from this Pokémon. This attack also does 40 damage to 2 of your opponent’s Benched Pokémon. (Don’t apply Weakness and Resistance for Benched Pokémon.)"
"cmo1u6ybr0ie15uee7z7ue3ip","橡實果","0273","attack","E","在不看正面的情況下，從對手的手牌選擇1張，在看過那張卡正面後放回對手的牌庫並重洗。","相手の手札からオモテを見ないで1枚選び、そのカードのオモテを見てから、相手の山札にもどして切る。",""
"cmobmwagw20co2pc706imnhx5","鐵殼蛹","0014","attack","E","在下個對手的回合，這隻寶可夢受到招式的傷害「-40」點。","次の相手の番、このポケモンが受けるワザのダメージは「-40」される。","During your opponent’s next turn, this Pokémon takes 40 less damage from attacks (after applying Weakness and Resistance)."
"cmobmw9k71yx12pc7dgjnaseg","其他爆香猿VSTAR","0514","attack","F","若希望，將自己的牌庫上方最多5張卡丟棄。然後，增加丟棄的張數×40點傷害。 | 造成自己的棄牌區的能量卡的張數×30點傷害。[對戰中，己方只可使用1次【VSTAR】力量。] | 寶可夢【VSTAR】【氣絕】時，對手獲得2張獎賞卡。","のぞむなら、自分の山札を上から5枚までトラッシュする。その後、トラッシュした枚数×40ダメージ追加。",""
"cmobmw9kf1yxd2pc78cpqjeoq","水君V","0245","ability","E","若這隻寶可夢在戰鬥場上，則在自己的回合時可使用1次。從自己的牌庫抽出1張卡。","このポケモンがバトル場にいるなら、自分の番に1回使える。自分の山札を1枚引く。",""
"cmobmw9lh1yyy2pc7kunn2gle","雷公V","0243","ability","F","若這隻寶可夢在戰鬥場上，則在自己的回合時可使用1次。從自己的牌庫抽出1張卡。","このポケモンがバトル場にいるなら、自分の番に1回使える。自分の山札を1枚引く。",""
"cmo1u80py2c755uee8kzk2wbe","烈腿蝗","0920","attack","G","將這隻寶可夢與備戰寶可夢互換。 | 增加對手的戰鬥寶可夢身上放置的傷害指示物的數量×40點傷害。","このポケモンをベンチポケモンと入れ替える。 | 相手のバトルポケモンにのっているダメカンの数×40ダメージ追加。","Switch this Pokémon with 1 of your Benched Pokémon. | This attack does 40 more damage for each damage counter on your opponent’s Active Pokémon."
"cmobmw8vf1xu32pc7rdd8bngq","龍王蠍V","0452","ability","F","這隻寶可夢使用招式所需的【無】能量，減少對手的場上「一擊」「連擊」「匯流」寶可夢的數量。","相手の場の「いちげき」「れんげき」「フュージョン」のポケモンの数ぶん、このポケモンがワザを使うためのエネルギーは少なくなる。",""
"cmobmw9ow1z4g2pc7fu3o5vdv","其他洗翠 大劍鬼VSTAR","0503","ability","F","在自己的回合時可使用。在對手的1隻寶可夢身上放置4個傷害指示物。[對戰中，己方只可使用1次【VSTAR】力量。]","",""
"cmobmwa5x1zul2pc7i79mvrlk","胡帕V","0720","ability","E","只要這隻寶可夢在場上，改為【超】與【惡】2種屬性。","このポケモンは、場にいるかぎりとの2つのタイプになる。",""
"cmo1u7oxm1ryz5ueea54v6s35","耿鬼","0094","ability","J","這隻寶可夢受到對手的寶可夢招式的傷害而【昏厥】時，不丟棄這隻寶可夢，而是放回手牌。（寶可夢以外的卡全部丟棄。）","このポケモンが、相手のポケモンからワザのダメージを受けてきぜつしたとき、トラッシュせず、手札にもどす。（ポケモン以外のカードは、すべてトラッシュする。）","If this Pokémon is Knocked Out by damage from an attack from your opponent’s Pokémon, put it into your hand instead of the discard pile. (Discard all attached cards.)"
"cmo1u6wre0fq85ueeedu49zwc","土居忍士","0290","attack","D","將這隻寶可夢恢復「10」HP。","このポケモンのHPを「10」回復する。",""
"cmo1u6wsz0ft05uee6h8vb2zi","水伊布","0134","ability","D","若這隻寶可夢身上附有「回憶膠囊」，則雙方的場上【火】寶可夢的特性全部消除。","このポケモンに「メモリーカプセル」がついているなら、おたがいの場のポケモンの特性は、すべてなくなる。","If this Pokémon has a Memory Capsule attached, {R} Pokémon in play (both yours and your opponent’s) have no Abilities."
"cmo1u6wt40ft85ueexw5c6jx2","戽斗尖梭","0847","attack","D","對手的1隻備戰寶可夢，受到那隻寶可夢身上放置的傷害指示物的數量×20點傷害。[在備戰區不計算弱點・抵抗力。]","相手のベンチポケモン1匹に、そのポケモンにのっているダメカンの数×20ダメージ。［ベンチは弱点・抵抗力を計算しない。］","This attack does 20 damage to 1 of your opponent’s Benched Pokémon for each damage counter on that Pokémon. (Don’t apply Weakness and Resistance for Benched Pokémon.)"
"cmo1u83si2hci5ueemhklrat1","熱帶龍","0357","attack","G","將自己的1隻備戰寶可夢恢復「60」HP。","自分のベンチポケモン1匹のHPを「60」回復する。",""
"cmo1u7ygy28bo5uee7jzw5f00","小磁怪","0081","attack","G","這隻寶可夢也受到60點傷害。","このポケモンにも60ダメージ。","This Pokémon also does 60 damage to itself."
"cmo1u7yid28e55ueecdk9mfae","椰蛋樹","0103","attack","G","增加對手的戰鬥寶可夢身上附加的能量的數量×30點傷害。","相手のバトルポケモンについているエネルギーの数×30ダメージ追加。",""
"cmo1u7pzm1ts75ueeofqlqb95","眷戀雲","0905","attack","H","若自己的場上有與對手的場上寶可夢相同屬性的寶可夢，則增加120點傷害。","自分の場に、相手の場のポケモンと同じタイプのポケモンがいるなら、120ダメージ追加。","If any of your Pokémon in play are the same type as any of your opponent’s Pokémon in play, this attack does 120 more damage."
"cmp2dg0522sgc116crz4u66hq","洗翠 卡蒂狗","","attack","H","將場上的競技場卡丟棄。 | 這隻寶可夢也受到10點傷害。","場に出ているスタジアムをトラッシュする。 | このポケモンにも10ダメージ。","This Pokémon also does 10 damage to itself."
"cmo1u6v760czu5ueecqgqcg27","南瓜怪人","0711","attack","E","將自己的牌庫上方6張卡翻到正面。造成其中的【超】寶可夢的數量×60點傷害。將翻到正面的【超】寶可夢放回牌庫並重洗。將剩餘卡丟棄。","自分の山札を上から6枚オモテにする。その中にあるポケモンの数×60ダメージ。オモテにしたポケモンは山札にもどして切る。残りのカードはトラッシュする。","Reveal the top 6 cards of your deck. This attack does 60 damage for each {P} Pokémon you find there. Then, shuffle those Pokémon back into your deck and discard the other cards."
"cmo1u6yon0j0d5ueetspfy01n","暴飛龍","0373","ability","E","在自己的回合時，可使用1次。將對手的戰鬥寶可夢與備戰寶可夢互換。[由對手選擇放置於戰鬥場的寶可夢。]","自分の番に1回使える。相手のバトルポケモンをベンチポケモンと入れ替える。［バトル場に出すポケモンは相手が選ぶ。］","Once during your turn, you may have your opponent switch their Active Pokémon with 1 of their Benched Pokémon."
"cmo1u80ni2c315ueedx10b2eh","紅蓮鎧騎ex","0936","ability","G","若這隻寶可夢的HP是全滿的狀態，則這隻寶可夢受到對手的寶可夢招式的傷害「-80」點。","このポケモンのHPがまんたんの状態なら、このポケモンが相手のポケモンから受けるワザのダメージは「-80」される。","If this Pokémon has full HP, it takes 80 less damage from attacks from your opponent’s Pokémon (after applying Weakness and Resistance)."
"cmo1u6ys90j6e5ueew6j0c9ds","雪絨蛾","0873","attack","E","將對手的戰鬥寶可夢【睡眠】。 | 將這隻寶可夢身上附加的能量全部放回手牌。","相手のバトルポケモンをねむりにする。 | このポケモンについているエネルギーを、すべて手札にもどす。","Your opponent’s Active Pokémon is now Asleep. | Put all Energy attached to this Pokémon into your hand."
"cmo1u817g2d0v5uee8l7hlbo0","人造細胞卵","0579","attack","H","查看自己的牌庫上方8張卡，從其中選擇任意數量的寶可夢卡，放置於備戰區。將剩餘卡放回牌庫並重洗。 | 將對手的戰鬥寶可夢【混亂】。","自分の山札を上から8枚見て、その中からポケモンを好きなだけ選び、ベンチに出す。残りのカードは山札にもどして切る。 | 相手のバトルポケモンをこんらんにする。","Your opponent’s Active Pokémon is now Confused."
"cmo1u7wmu25545uees3y633no","風速狗","0059","attack","I","若對手的戰鬥寶可夢為【惡】寶可夢，則增加100點傷害。","相手のバトルポケモンがポケモンなら、100ダメージ追加。","If your opponent’s Active Pokémon is a {D} Pokémon, this attack does 100 more damage."
"cmo1u7q5w1u305ueeu2p28jwd","鬼斯通","0093","attack","H","將對手的戰鬥寶可夢【中毒】。","相手のバトルポケモンをどくにする。","Your opponent’s Active Pokémon is now Poisoned."
"cmo1u83fl2gqj5uee60qxb3r0","赫普的沙螺蟒","0844","attack","I","在下個對手的回合，受到這個招式的寶可夢無法撤退。 | 自己的所有備戰寶可夢也各受到20點傷害。[在備戰區不計算弱點・抵抗力。]","次の相手の番、このワザを受けたポケモンは、にげられない。 | 自分のベンチポケモン全員にも、それぞれ20ダメージ。［ベンチは弱点・抵抗力を計算しない。］","During your opponent’s next turn, the Defending Pokémon can’t retreat. | This attack also does 20 damage to each of your Benched Pokémon. (Don’t apply Weakness and Resistance for Benched Pokémon.)"
"cmo1u6yn90ixx5uee45yhf08p","幾何雪花","0615","attack","E","查看自己的牌庫上方6張卡，選擇其中任意數量的基本能量卡，以任意方式附於自己的寶可夢身上。將剩餘卡放回牌庫並重洗。","自分の山札を上から6枚見て、その中から基本エネルギーを好きなだけ選び、自分のポケモンに好きなようにつける。残りのカードは山札にもどして切る。","Look at the top 6 cards of your deck and attach any number of basic Energy cards you find there to your Pokémon in any way you like. Shuffle the other cards back into your deck."
"cmo1u80q52c7h5ueeb6wrynvt","咕妞妞","0293","attack","G","將對手的戰鬥寶可夢與備戰寶可夢互換。[由對手選擇放置於戰鬥場的寶可夢。]","相手のバトルポケモンをベンチポケモンと入れ替える。［バトル場に出すポケモンは相手が選ぶ。］",""
"cmo1u81d02dag5ueebr4mm1z3","熔岩蝸牛","0219","ability","H","只要這隻寶可夢在場上，在對手的回合，每次對手的戰鬥寶可夢回到備戰區時，將新上場的寶可夢【灼傷】。","このポケモンがいるかぎり、相手の番に、相手のバトルポケモンがベンチにもどるたび、新しく出てきたポケモンをやけどにする。","Whenever your opponent’s Active Pokémon moves to the Bench during their turn, their new Active Pokémon is now Burned."
"cmo1u81fl2dex5ueewza2s8qz","咕咕鴿","0520","attack","H","在下個自己的回合，這隻寶可夢無法使用招式。","次の自分の番、このポケモンはワザが使えない。","During your next turn, this Pokémon can’t attack."
"cmobmw9n01z1f2pc77exfida5","代歐奇希斯","0386","attack","E","若這隻寶可夢身上附有「匯流能量」，則增加80點傷害。","このポケモンに「フュージョンエネルギー」がついているなら、80ダメージ追加。",""
"cmobmwa8t1zzf2pc7raewdns7","多龍梅西亞","0885","attack","E","在下個對手的回合，受到這個招式的寶可夢無法撤退。","次の相手の番、このワザを受けたポケモンは、にげられない。",""
"cmobmwa941zzz2pc7s7jw9b4f","隆隆岩","0076","ability","E","當這隻寶可夢在戰鬥場上受到對手的寶可夢招式的傷害而【氣絕】時，在使用招式的寶可夢身上放置10個傷害指示物。","このポケモンが、バトル場で相手のポケモンからワザのダメージを受けてきぜつしたとき、ワザを使ったポケモンにダメカンを10個のせる。","If this Pokémon is in the Active Spot and is Knocked Out by damage from an attack from your opponent’s Pokémon, put 10 damage counters on the Attacking Pokémon."
"cmo1u81jq2dlu5uee7y84qdgr","燈火幽靈","0608","attack","H","將這隻寶可夢身上附加的能量卡全部丟棄。","このポケモンについているエネルギーを、すべてトラッシュする。","Discard all Energy from this Pokémon."
"cmo1u81l32dnr5ueevibm6x0n","鐵包袱","0991","attack","H","將這隻寶可夢與備戰寶可夢互換。然後，對手將對手自己的戰鬥寶可夢與備戰寶可夢互換。","このポケモンをベンチポケモンと入れ替える。その後、相手は相手自身のバトルポケモンをベンチポケモンと入れ替える。","Switch this Pokémon with 1 of your Benched Pokémon. If you do, switch out your opponent’s Active Pokémon to the Bench. (Your opponent chooses the new Active Pokémon.)"
"cmobmwaab201w2pc78gset8mk","美錄坦","0808","attack","E","將這隻寶可夢恢復「30」HP。","このポケモンのHPを「30」回復する。","Heal 30 damage from this Pokémon."
"cmo1u81m82dpf5ueezjqkn6sm","胖甜妮","0685","attack","H","擲2次硬幣，造成正面出現的次數×90點傷害。若全部為反面，則將對手的戰鬥寶可夢【混亂】。","コインを2回投げ、オモテの数×90ダメージ。すべてウラなら、相手のバトルポケモンをこんらんにする。","Flip 2 coins. This attack does 90 damage for each heads. If both of them are tails, your opponent’s Active Pokémon is now Confused."
"cmo1u81mt2dqf5ueeadj7ll1r","修建老匠","0534","attack","H","將這隻寶可夢【混亂】。 | 若這隻寶可夢處於特殊狀態，則使用這個招式所需的能量就算沒有附於這隻寶可夢身上，這個招式也可使用。","このポケモンをこんらんにする。 | このワザは、このポケモンが特殊状態なら、このワザを使うためのエネルギーがこのポケモンについていなくても、使える。","This Pokémon is now Confused. | If this Pokémon is affected by a Special Condition, ignore all Energy in this attack’s cost."
"cmo1u82122eeb5uee1ldlkmru","卡拉卡拉","0104","attack","H","這隻寶可夢也受到10點傷害。","このポケモンにも10ダメージ。","This Pokémon also does 10 damage to itself."
"cmo1u83u12hf75ueefwf27gbg","保母曼波","0594","attack","G","在下個自己的回合，這隻寶可夢無法使用招式。","次の自分の番、このポケモンはワザが使えない。","During your next turn, this Pokémon can’t attack."
"cmo1u845u2hzn5ueexn7kin7k","爆炸頭水牛","0626","ability","G","這隻寶可夢受到招式的傷害「-20」點。","このポケモンが受けるワザのダメージは「-20」される。","This Pokémon takes 20 less damage from attacks (after applying Weakness and Resistance)."
"cmo1u81s52dzh5ueegf9t1s4k","鐵毒蛾","0994","attack","H","將這隻寶可夢恢復對對手的戰鬥寶可夢造成的傷害相同數值的HP。 | 在下個對手的回合，這隻寶可夢不會受到「古代」寶可夢招式的傷害。","相手のバトルポケモンに与えたダメージぶん、このポケモンのHPを回復する。 | 次の相手の番、このポケモンは「古代」のポケモンからワザのダメージを受けない。","Heal from this Pokémon the same amount of damage you did to your opponent’s Active Pokémon. | During your opponent’s next turn, prevent all damage done to this Pokémon by attacks from Ancient Pokémon."
"cmo1u83sp2hcv5ueerbcwyjem","魔幻假面喵","0908","attack","G","若希望，選擇1個對手的戰鬥寶可夢身上附加的能量，放回對手的手牌。","のぞむなら、相手のバトルポケモンについているエネルギーを1個選び、相手の手札にもどす。","You may put an Energy attached to your opponent’s Active Pokémon into their hand."
"cmp2dgeoo3coo116ckvgucicc","鬃岩狼人","","attack","H","從自己的棄牌區選擇最多2張「基本【鬥】能量」卡，以任意方式附於備戰寶可夢身上。","","Attach up to 2 Basic {F} Energy cards from your discard pile to your Benched Pokémon in any way you like."
"cmoa5yar13574dt6ljmkbngqq","雄偉牙","0984","attack","H","若自己的備戰寶可夢身上放置有傷害指示物，則增加80點傷害。","","If your Benched Pokémon have any damage counters on them, this attack does 80 more damage."
"cmobmwaef208q2pc7x1xkpdeg","皮卡丘","0025","attack","E","擲1次硬幣若為反面，則這隻寶可夢也受到10點傷害。","コインを1回投げウラなら、このポケモンにも10ダメージ。","Flip a coin. If tails, this Pokémon also does 10 damage to itself."
"cmo1u81us2e3y5uee4ty2mml9","貓老大","0053","attack","H","擲3次硬幣，造成正面出現的次數×50點傷害。","コインを3回投げ、オモテの数×50ダメージ。","Flip 3 coins. This attack does 50 damage for each heads."
"cmo1u81xw2e9f5ueew1j7qfrm","搖籃百合","0346","ability","H","在自己的回合時可使用1次。擲1次硬幣若為正面，則從【中毒】・【灼傷】・【混亂】中選擇1種，將對手的戰鬥寶可夢處於那個狀態。","自分の番に1回使える。コインを1回投げオモテなら、どく・やけど・こんらんの中から1つ選び、相手のバトルポケモンをその状態にする。","Once during your turn, you may flip a coin. If heads, choose Burned, Confused, or Poisoned. Your opponent’s Active Pokémon is now affected by that Special Condition."
"cmo1u7wr725cl5ueeg0xsqylb","<火箭隊的>多邊獸","0137","attack","I","選擇1張自己的手牌，將其丟棄。然後，對手選擇1張對手自己的手牌，將其丟棄。","自分の手札を1枚選び、トラッシュする。その後、相手は相手自身の手札を1枚選び、トラッシュする。","Discard a card from your hand. If you do, your opponent discards a card from their hand."
"cmo1u7wrb25ct5ueeuda029m0","<火箭隊的>多邊獸Ｚ","0474","ability","I","在自己的回合，若將自己的2張手牌丟棄，則可使用1次。從自己的牌庫抽出1張卡。","自分の番に、自分の手札を2枚トラッシュするなら、1回使える。自分の山札を1枚引く。","You must discard 2 cards from your hand in order to use this Ability. Once during your turn, you may draw a card."
"cmobmwafl20aj2pc7yquaa7fo","露奈雅拉","0792","attack","E","在對手的所有寶可夢身上放置傷害指示物直到各寶可夢身上的傷害指示物數量變為2倍為止。 | 對手的1隻備戰寶可夢也受到30點傷害。[在備戰區不計算弱點・抵抗力。]","相手のポケモン全員に、それぞれのっているダメカンの数が2倍になるように、ダメカンをのせる。 | 相手のベンチポケモン1匹にも、30ダメージ。［ベンチは弱点・抵抗力を計算しない。］","Double the number of damage counters on each of your opponent’s Pokémon. | This attack also does 30 damage to 1 of your opponent’s Benched Pokémon. (Don’t apply Weakness and Resistance for Benched Pokémon.)"
"cmo1u820j2edf5ueef9oo7g6v","飄飄球","0425","attack","H","在下個對手的回合，這隻寶可夢受到招式的傷害「-10」點。","次の相手の番、このポケモンが受けるワザのダメージは「-10」される。","During your opponent’s next turn, this Pokémon takes 10 less damage from attacks (after applying Weakness and Resistance)."
"cmp2dfyxh2qqy116crp5hqk7l","醜醜魚","","attack","G","從自己的牌庫選擇1張能量卡，在給對手看過後加入手牌。並且重洗牌庫。","自分の山札からエネルギーを1枚選び、相手に見せて、手札に加える。そして山札を切る。",""
"cmo1u7q161tuv5ueej1zqzp8d","恰雷姆ex","0308","attack","H","在對手的戰鬥寶可夢身上放置傷害指示物直到剩餘HP變為「50」為止。 | 這個招式的傷害不計算弱點・抵抗力。","相手のバトルポケモンの残りHPが「50」になるように、ダメカンをのせる。 | このワザのダメージは弱点・抵抗力を計算しない。","This attack’s damage isn’t affected by Weakness or Resistance."
"cmo1u821u2efo5ueeggt11ddy","列陣兵","0870","attack","H","從自己的牌庫選擇最多2張【基礎】寶可夢卡，放置於備戰區。並且重洗牌庫。 | 在上個自己的回合，若這隻寶可夢使用了「‌組成陣形」，則增加90點傷害。","自分の山札からたねポケモンを2枚まで選び、ベンチに出す。そして山札を切る。 | 前の自分の番、このポケモンが「じんけいをくむ」を使っていたなら、90ダメージ追加。","If this Pokémon used Form Ranks during your last turn, this attack does 90 more damage."
"cmobmwahm20dw2pc7m812aqhg","蘋裹龍","0841","ability","D","在自己的回合時，可使用1次。在對手的1隻寶可夢身上放置2個傷害指示物。然後，將這隻寶可夢與附加的卡，全部放回自己的牌庫並重洗。","自分の番に1回使える。相手のポケモン1匹に、ダメカンを2個のせる。その後、このポケモンと、ついているすべてのカードを、自分の山札にもどして切る。","Once during your turn, you may put 2 damage counters on 1 of your opponent’s Pokémon. If you placed any damage counters in this way, shuffle this Pokémon and all attached cards into your deck."
"cmo1u85ab2jxb5ueesdsxgijm","謝米","0492","attack","H","選擇1個這隻寶可夢身上附加的能量，改附於備戰寶可夢身上。","このポケモンについているエネルギーを1個選び、ベンチポケモンにつけ替える。","Move an Energy from this Pokémon to 1 of your Benched Pokémon."
"cmobmwaic20f12pc7v6ns1l64","其他焚焰蚣VMAX","0851","attack","D","增加這隻寶可夢身上附加的【火】能量的數量×40點傷害。若希望，在造成傷害後，從自己的棄牌區選擇1張【火】能量卡，附於這隻寶可夢身上。 | 寶可夢【VMAX】【氣絕】時，對手獲得3張獎賞卡。","このポケモンについているエネルギーの数×40ダメージ追加。のぞむなら、ダメージを与えたあとに、自分のトラッシュからエネルギーを1枚選び、このポケモンにつける。",""
"cmo1u82952eqm5ueejojwe8sc","超能豔鴕","0956","attack","H","選擇1隻對手的進化寶可夢，移除1張「進化卡」使其退化。將移除的卡放回對手的手牌。 | ‌將這隻寶可夢恢復「30」HP。","相手の進化しているポケモンを1匹選び、「進化カード」を1枚はがして退化させる。はがしたカードは、相手の手札にもどす。 | このポケモンのHPを「30」回復する。","Heal 30 damage from this Pokémon."
"cmo1u80ud2cen5ueefcsuu74y","雷電斑馬","0523","attack","G","從自己的棄牌區選擇最多與對手已經獲得的獎賞卡的張數相同數量的「基本【雷】能量」卡，以任意方式附於自己的寶可夢身上。 | 這隻寶可夢也受到50點傷害。","相手がすでにとったサイドの枚数ぶんまで、自分のトラッシュから「基本エネルギー」を選び、自分のポケモンに好きなようにつける。 | このポケモンにも50ダメージ。",""
"cmobmwaj120g52pc7jw4kt8uy","飄浮泡泡 雪雲的樣子","0351","ability","E","若自己的棄牌區有8張以上的「競技場」卡，則這隻寶可夢使用招式所需的能量全部消除。","自分のトラッシュに「スタジアム」が8枚以上あるなら、このポケモンがワザを使うためのエネルギーは、すべてなくなる。","If you have 8 or more Stadium cards in your discard pile, ignore all Energy in this Pokémon’s attack costs."
"cmo1u85j92kcu5uee1fs0rotq","<瑪俐的>搗蛋小妖","0859","attack","I","從自己的牌庫抽出1張卡。","自分の山札を1枚引く。",""
"cmo1u6wwk0fz95ueeuvir1b1m","傲骨燕","0276","attack","D","擲2次硬幣，造成正面出現的次數×20點傷害。","コインを2回投げ、オモテの数×20ダメージ。",""
"cmo1u6wws0fzl5uee0wz0k2jb","大王燕","0277","attack","D","擲1次硬幣若為正面，則增加40點傷害。 | 從自己的棄牌區選擇最多2張基本能量卡，附於1隻備戰寶可夢身上。","コインを1回投げオモテなら、40ダメージ追加。 | 自分のトラッシュから基本エネルギーを2枚まで選び、ベンチポケモン1匹につける。","Flip a coin. If heads, this attack does 40 more damage. | Attach up to 2 basic Energy cards from your discard pile to 1 of your Benched Pokémon."
"cmo1u7ygv28bk5uee5seuom39","呆殼獸","0080","attack","G","將雙方的戰鬥寶可夢【睡眠】。 | 在這個回合，若進化成這隻寶可夢，則這個招式失敗。","おたがいのバトルポケモンを、それぞれねむりにする。 | この番、このポケモンに進化していたなら、このワザは失敗。",""
"cmo1u6xl20h5d5uee6i0c7e1g","雷電雲","0642","attack","E","若希望，從自己的手牌選擇1張【雷】能量卡，附於備戰寶可夢身上。 | 這隻寶可夢也受到30點傷害。","のぞむなら、自分の手札からエネルギーを1枚選び、ベンチポケモンにつける。 | このポケモンにも30ダメージ。",""
"cmo1u6xmj0h7t5ueecjbuf2mu","熊徒弟","0891","attack","E","從自己的牌庫選擇1張基本能量卡，附於這隻寶可夢身上。並且重洗牌庫。","自分の山札から基本エネルギーを1枚選び、このポケモンにつける。そして山札を切る。","Search your deck for a basic Energy card and attach it to this Pokémon. Then, shuffle your deck."
"cmo1u81622cyi5ueeup7aysdd","焚焰蚣","0851","attack","H","將對手的戰鬥寶可夢【灼傷】。 | 若對手的戰鬥寶可夢沒有【灼傷】，則這個招式失敗。","相手のバトルポケモンをやけどにする。 | 相手のバトルポケモンがやけどでないなら、このワザは失敗。","If your opponent’s Active Pokémon isn’t Burned, this attack does nothing."
"cmo1u82as2eta5uee8zzeb97f","豐蜜龍","0842","attack","H","在下個對手的回合，受到這個招式的寶可夢無法使用招式。 | 這隻寶可夢也受到20點傷害。","次の相手の番、このワザを受けたポケモンは、ワザが使えない。 | このポケモンにも20ダメージ。","During your opponent’s next turn, the Defending Pokémon can’t attack. | This Pokémon also does 20 damage to itself."
"cmo1u7z1j29b75ueeabr7941w","幼基拉斯","0246","attack","G","擲2次硬幣，造成正面出現的次數×10點傷害。","コインを2回投げ、オモテの数×10ダメージ。",""
"cmo1u6yiy0iqf5uee26lq9xc2","盔甲鳥","0227","attack","E","在下個對手的回合，這隻寶可夢受到招式的傷害「-30」點。","次の相手の番、このポケモンが受けるワザのダメージは「-30」される。","During your opponent’s next turn, this Pokémon takes 30 less damage from attacks (after applying Weakness and Resistance)."
"cmo1u6yms0ix45uee3ou17q1g","燒火蚣","0850","attack","E","將對手的戰鬥寶可夢【灼傷】。","相手のバトルポケモンをやけどにする。",""
"cmo1u6yrc0j525ueeid6bm7at","斗笠菇","0286","attack","E","在下個自己的回合，這隻寶可夢無法使用「衝擊打擊」。","次の自分の番、このポケモンは「インパクトブロー」が使えない。","During your next turn, this Pokémon can’t use Impact Blow."
"cmo1u8gut34h85uee6jea93e6","巨翅飛魚","0226","attack","H","對手的1隻寶可夢受到50點傷害。[在備戰區不計算弱點・抵抗力。]","",""
"cmo1u6ytj0j865ueeps7rxvkk","逐電犬V","0836","attack","E","若希望，將這隻寶可夢與備戰寶可夢互換。 | 對手的1隻備戰寶可夢也受到30點傷害。[在備戰區不計算弱點・抵抗力。] | 寶可夢【V】【氣絕】時，對手獲得2張獎賞卡。","のぞむなら、このポケモンをベンチポケモンと入れ替える。 | 相手のベンチポケモン1匹にも、30ダメージ。［ベンチは弱点・抵抗力を計算しない。］",""
"cmo1u8h5u350f5ueexzuf7anw","花舞鳥","0741","attack","H","從自己的棄牌區選擇最多2張基本能量卡，附於1隻備戰寶可夢身上。 | 將對手的戰鬥寶可夢【混亂】。","",""
"cmo1u822b2egg5ueex5f5ide4","齒輪兒","0599","attack","H","從自己的牌庫抽出1張卡。","自分の山札を1枚引く。",""
"cmo1u8shk3oaj5ueep8ktivzm","九尾","0038","attack","H","對手的1隻備戰寶可夢也受到30點傷害。[在備戰區不計算弱點・抵抗力。]","","This attack also does 30 damage to 1 of your opponent’s Benched Pokémon. (Don’t apply Weakness and Resistance for Benched Pokémon.)"
"cmobmwaf920a32pc79coerfln","伊裴爾塔爾","0717","attack","E","選擇最多3張對手的場上寶可夢身上附加的特殊能量卡，將其丟棄。","相手の場のポケモンについている特殊エネルギーを3枚まで選び、トラッシュする。","Discard up to 3 Special Energy from your opponent’s Pokémon."
"cmobmwajd20gp2pc7fno21ufo","千面避役","0818","ability","E","在自己的回合時，可使用1次。在對手的1隻寶可夢身上放置2個傷害指示物。","自分の番に1回使える。相手のポケモン1匹に、ダメカンを2個のせる。","Once during your turn, you may put 2 damage counters on 1 of your opponent’s Pokémon."
"cmo1u7wgy24uy5ueekvp8v99o","袋獸","0115","attack","H","從自己的牌庫選擇1張【基礎】寶可夢卡，放置於備戰區。並且重洗牌庫。","自分の山札からたねポケモンを1枚選び、ベンチに出す。そして山札を切る。","Search your deck for a Basic Pokémon and put it onto your Bench. Then, shuffle your deck."
"cmo1u823h2ei45uee6qv0o06v","龍捲雲","0641","attack","H","在下個對手的回合，這隻寶可夢受到招式的傷害「-50」點。","次の相手の番、このポケモンが受けるワザのダメージは「-50」される。","During your opponent’s next turn, this Pokémon takes 50 less damage from attacks (after applying Weakness and Resistance)."
"cmp47cqz91dt31150tc6rrxyn","電肚蛙","","attack","G","對手的1隻備戰寶可夢也受到30點傷害。[在備戰區不計算弱點・抵抗力。]","相手のベンチポケモン1匹にも、30ダメージ。［ベンチは弱点・抵抗力を計算しない。］","This attack also does 30 damage to 1 of your opponent’s Benched Pokémon. (Don’t apply Weakness and Resistance for Benched Pokémon.)"
"cmo1u83xj2hl85uee818lmaem","皮卡丘ex","0025","attack","G","擲1次硬幣若為反面，則將這隻寶可夢身上附加的能量全部丟棄。 | 寶可夢【ex】【昏厥】時，對手獲得2張獎賞卡。","コインを1回投げウラなら、このポケモンについているエネルギーを、すべてトラッシュする。",""
"cmo1u8ska3of85ueeporbpg9l","卡比獸","0143","attack","H","從自己的牌庫抽出1張卡。","","Draw a card."
"cmobmxdy73rp52pc70s44hueg","洗翠 風速狗V","0059","ability","F","在自己的回合時，可不限次數使用。選擇1個自己的場上寶可夢身上附加的【鬥】能量，改附於這隻寶可夢身上。","","As often as you like during your turn, you may move a {F} Energy from 1 of your other Pokémon to this Pokémon."
"cmo1u82ee2ezf5uee5dj4dq99","蟲滾泥","0953","attack","H","從自己的牌庫抽出1張卡。","自分の山札を1枚引く。",""
"cmo1u82ei2ezn5ueeoqcjuy5a","古簡蝸","1001","attack","H","若自己的牌庫的剩餘張數為3張以下，則對手的2隻備戰寶可夢也各受到120點傷害。[在備戰區不計算弱點・抵抗力。] | 將自己的牌庫上方3張卡丟棄。","自分の山札の残り枚数が3枚以下なら、相手のベンチポケモン2匹にも、それぞれ120ダメージ。［ベンチは弱点・抵抗力を計算しない。］ | 自分の山札を上から3枚トラッシュする。","If there are 3 or fewer cards in your deck, this attack also does 120 damage to 2 of your opponent’s Benched Pokémon. (Don’t apply Weakness and Resistance for Benched Pokémon.) | Discard the top 3 cards of your deck."
"cmo1u7y1v27lw5uee5v7lvmyh","愛吃豚","0915","attack","G","將對手的戰鬥寶可夢與備戰寶可夢互換。[由對手選擇放置於戰鬥場的寶可夢。]","相手のバトルポケモンをベンチポケモンと入れ替える。［バトル場に出すポケモンは相手が選ぶ。］",""
"cmobmx8dx3ip92pc7okm4pzzd","飄飄球","0425","attack","G","造成這隻寶可夢身上放置的傷害指示物的數量×30點傷害。","","This attack does 30 damage for each damage counter on this Pokémon."
"cmo1u827w2eoh5ueektr1k0h5","破破舵輪","0781","attack","H","從自己的棄牌區選擇最多2張寶可夢卡，在給對手看過後加入手牌。 | 在造成傷害前，將對手的戰鬥寶可夢身上附加的「寶可夢道具」卡丟棄。","自分のトラッシュからポケモンを2枚まで選び、相手に見せて、手札に加える。 | ダメージを与える前に、相手のバトルポケモンについている「ポケモンのどうぐ」をトラッシュする。","Before doing damage, discard all Pokémon Tools from your opponent’s Active Pokémon."
"cmo1u827y2eol5ueet7zgrhad","薩戮德","0893","attack","H","將這隻寶可夢恢復「20」HP。 | 若希望，將這隻寶可夢身上附加的能量卡全部放回手牌，增加80點傷害。","このポケモンのHPを「20」回復する。 | のぞむなら、このポケモンについているエネルギーをすべて手札にもどし、80ダメージ追加。","Heal 20 damage from this Pokémon. | You may put all Energy attached to this Pokémon into your hand to have this attack do 80 more damage."
"cmo1u82af2esq5ueei2x7qqca","帝牙盧卡","0483","attack","H","從自己的牌庫任意選擇2張卡。重洗剩餘牌庫，將所選的卡以任意順序排列，放回牌庫上方。","自分の山札から好きなカードを2枚選ぶ。残りの山札を切り、選んだカードを好きな順番に入れ替えて、山札の上にもどす。",""
"cmo1u80nx2c3p5ueetltavsd6","膽小蟲","0767","attack","G","擲1次硬幣若為正面，則在不看正面的情況下，從對手的手牌選擇1張，將其丟棄。","コインを1回投げオモテなら、相手の手札からオモテを見ないで1枚選び、トラッシュする。",""
"cmo1u82002ecr5ueemzefbgm0","蟲電寶","0737","attack","H","從自己的牌庫選擇最多3張「蟲電寶」，放置於備戰區。並且重洗牌庫。","自分の山札から「デンヂムシ」を3枚まで選び、ベンチに出す。そして山札を切る。",""
"cmo1u80uf2cer5ueehprv6x6l","花舞鳥","0741","attack","G","將自己的手牌全部放回牌庫並重洗。然後，從牌庫抽出與雙方的備戰寶可夢相同數量的卡。 | 擲1次硬幣若為正面，則將對手的戰鬥寶可夢【麻痺】。","自分の手札をすべて山札にもどして切る。その後、おたがいのベンチポケモンの数ぶん、山札を引く。 | コインを1回投げオモテなら、相手のバトルポケモンをマヒにする。",""
"cmo1u82f62f0r5uee1x1lrdk1","炭小侍","0935","attack","H","選擇1個這隻寶可夢身上附加的能量，將其丟棄。","このポケモンについているエネルギーを1個選び、トラッシュする。","Discard an Energy from this Pokémon."
"cmo1u810j2cp95ueealxx47a1","呱頭蛙","0657","attack","H","擲1次硬幣若為正面，則將對手的戰鬥寶可夢【麻痺】。","コインを1回投げオモテなら、相手のバトルポケモンをマヒにする。","Flip a coin. If heads, your opponent’s Active Pokémon is now Paralyzed."
"cmo1u844r2hxq5uee55mxxyxs","盔甲鳥","0227","attack","G","在下個自己的回合，這隻寶可夢無法使用「鋼鐵揮砍」。","次の自分の番、このポケモンは「スチールスラッシュ」が使えない。","During your next turn, this Pokémon can’t use Slashing Steel."
"cmo1u845b2hyq5ueegyt5zw94","快龍ex","0149","attack","G","只要這隻寶可夢在備戰區，不會受到招式的傷害。 | 擲1次硬幣若為正面，則增加140點傷害。若為反面，則在下個自己的回合，這隻寶可夢無法使用招式。 | 寶可夢【ex】【昏厥】時，對手獲得2張獎賞卡。","コインを1回投げオモテなら、140ダメージ追加。ウラなら、次の自分の番、このポケモンはワザが使えない。",""
"cmo1u81fb2deh5uee56hv1hyk","大舌舔","0463","attack","H","擲1次硬幣若為正面，則將對手的戰鬥寶可夢【麻痺】。 | 擲4次硬幣，造成正面出現的次數×70點傷害。","コインを1回投げオモテなら、相手のバトルポケモンをマヒにする。 | コインを4回投げ、オモテの数×70ダメージ。","Flip a coin. If heads, your opponent’s Active Pokémon is now Paralyzed. | Flip 4 coins. This attack does 70 damage for each heads."
"cmo1u7xsi275t5ueehewgjxm5","泳圈鼬","0418","attack","G","擲1次硬幣若為正面，則增加10點傷害。","コインを1回投げオモテなら、10ダメージ追加。",""
"cmo1u7z1529aj5ueewydh5kj0","噬沙堡爺","0770","attack","G","若場上有自己的競技場卡，則增加80點傷害。","場に自分のスタジアムが出ているなら、80ダメージ追加。","If you have a Stadium in play, this attack does 80 more damage."
"cmo1u81md2dpn5ueechg7zms6","噬沙堡爺","0770","attack","H","在下個對手的回合，受到這個招式的寶可夢使用招式時，對手擲1次硬幣。若為反面，則那個招式失敗。","次の相手の番、このワザを受けたポケモンがワザを使うとき、相手はコインを1回投げる。ウラならそのワザは失敗。","During your opponent’s next turn, if the Defending Pokémon tries to use an attack, your opponent flips a coin. If tails, that attack doesn’t happen."
"cmo1u81on2dtk5ueeealdqsoo","舞天鵝","0581","attack","H","若對手的戰鬥寶可夢為「寶可夢【ex】・【V】」，則增加90點傷害。","相手のバトルポケモンが「ポケモンex・V」なら、90ダメージ追加。","If your opponent’s Active Pokémon is a Pokémon {ex} or Pokémon {V}, this attack does 90 more damage."
"cmo1u7xuh27995ueeocunkdl4","飯匙蛇","0336","attack","G","若對手的戰鬥寶可夢為進化寶可夢，則增加50點傷害。","相手のバトルポケモンが進化ポケモンなら、50ダメージ追加。","If your opponent’s Active Pokémon is an Evolution Pokémon, this attack does 50 more damage."
"cmo1u82if2f685ueemltgjw12","故勒頓","1007","attack","H","在上個自己的回合，若這隻寶可夢以外的「古代」寶可夢使用了招式，則增加150點傷害。","前の自分の番、このポケモン以外の「古代」のポケモンがワザを使っていたなら、150ダメージ追加。","If 1 of your other Ancient Pokémon used an attack during your last turn, this attack does 150 more damage."
"cmo1u70vg0mrh5ueepr5p2e1w","白蓬蓬","0830","attack","E","將這隻寶可夢恢復「20」HP。","このポケモンのHPを「20」回復する。",""
"cmo1u7g1m1cth5ueer3ugbvyv","阿羅拉 地鼠","0050","attack","H","擲1次硬幣若為反面，則這個招式失敗。","コインを1回投げウラなら、このワザは失敗。","Flip a coin. If tails, this attack does nothing."
"cmo1u7xym27gb5ueejt9b8ckf","浮潛鼬","0419","attack","G","增加這隻寶可夢身上附加的【水】能量的數量×20點傷害。","このポケモンについているエネルギーの数×20ダメージ追加。",""
"cmo1u82jv2f8p5ueeyp3098e8","一對鼠","0924","attack","H","擲1次硬幣若為正面，則增加10點傷害。","コインを1回投げオモテなら、10ダメージ追加。","Flip a coin. If heads, this attack does 10 more damage."
"cmo1u845w2hzr5ueexcj2um16","貪心栗鼠","0819","attack","G","將對手的牌庫上方1張卡丟棄。","相手の山札を上から1枚トラッシュする。","Put a Pokémon Tool card from your discard pile into your hand."
"cmo1u822d2egk5ueeo799obvd","齒輪組","0600","attack","H","這隻寶可夢也受到20點傷害。","このポケモンにも20ダメージ。","This Pokémon also does 20 damage to itself."
"cmo1u84652i075ueeacbl2rad","飄香豚","0916","attack","G","將對手的戰鬥寶可夢【混亂】。 | 擲1次硬幣若為反面，則這隻寶可夢也受到60點傷害。","相手のバトルポケモンをこんらんにする。 | コインを1回投げウラなら、このポケモンにも60ダメージ。","Your opponent’s Active Pokémon is now Confused. | Flip a coin. If tails, this Pokémon also does 60 damage to itself."
"cmo1u7wnj256c5ueei0zwioe2","櫻花魚","0368","attack","I","造成這隻寶可夢身上附加的【水】能量的數量×30點傷害。若希望，在造成傷害前，從自己的手牌選擇任意數量的「基本【水】能量」卡，附於這隻寶可夢身上。","このポケモンについているエネルギーの数×30ダメージ。のぞむなら、ダメージを与える前に、自分の手札から「基本エネルギー」を好きなだけ選び、このポケモンにつける。","This attack does 30 damage for each {W} Energy attached to this Pokémon. Before doing damage, you may attach any number of Basic {W} Energy cards from your hand to this Pokémon."
"cmo1u7wos258g5uee9jxmbvbh","<火箭隊的>以歐路普","0826","ability","I","在自己的回合時，可不限次數使用。選擇1個自己的場上的「火箭隊的寶可夢」身上放置的傷害指示物，改放於自己的其他寶可夢身上。","自分の番に何回でも使える。自分の場の「ロケット団のポケモン」にのっているダメカンを1個選び、自分の別のポケモンにのせ替える。","As often as you like during your turn, you may move 1 damage counter from 1 of your Team Rocket’s Pokémon to another of your Pokémon."
"cmo1u7wqf25b95ueegmy1n3xy","<火箭隊的>瓦斯彈","0109","ability","I","這隻寶可夢在戰鬥場受到對手的寶可夢招式的傷害時，從自己的牌庫選擇最多2張名稱中有「瓦斯彈」的寶可夢卡，放置於備戰區。並且重洗牌庫。","このポケモンが、バトル場で相手のポケモンからワザのダメージを受けたとき、自分の山札から、名前に「ドガース」とつくポケモンを2枚まで選び、ベンチに出す。そして山札を切る。","If this Pokémon is in the Active Spot and is damaged by an attack from your opponent’s Pokémon (even if this Pokémon is Knocked Out), search your deck for up to 2 Pokémon that have “Koffing” in their name and put them onto your Bench. Then, shuffle your deck."
"cmo1u83c52gkp5ueede3m54vt","鐵甲蛹","0011","attack","I","在下個對手的回合，這隻寶可夢不會受到「60」以下的招式的傷害。","次の相手の番、このポケモンは「60」以下のワザのダメージを受けない。","During your opponent’s next turn, prevent all damage done to this Pokémon by attacks if that damage is 60 or less."
"cmo1u7z5v29io5uee96soksgt","蜂女王","0416","attack","G","擲2次硬幣，造成正面出現的次數×30點傷害。 | 選擇1隻自己的備戰區的「三蜜蜂」，將那隻寶可夢與附加的卡全部放回牌庫並重洗。若無法放回牌庫，則這個招式失敗。","コインを2回投げ、オモテの数×30ダメージ。 | 自分のベンチの「ミツハニー」を1匹選び、そのポケモンと、ついているすべてのカードを、山札にもどして切る。山札にもどせないなら、このワザは失敗。","Flip 2 coins. This attack does 30 damage for each heads. | Choose 1 of your Benched Combee and shuffle that Pokémon and all attached cards into your deck. If you can’t shuffle a Combee into your deck, this attack does nothing."
"cmo1u7z9r29pd5ueevb4ol8pd","藍鴉","0822","attack","G","在下個對手的回合，受到這個招式的寶可夢無法撤退。","次の相手の番、このワザを受けたポケモンは、にげられない。","During your opponent’s next turn, the Defending Pokémon can’t retreat."
"cmo1u7yd3284z5uee7gw3zf9h","烈雀","0021","ability","G","若在後攻玩家的最初回合，則這隻寶可夢就算剛使出也可進化。","このポケモンは、後攻プレイヤーの最初の番なら、出したばかりでも進化できる。",""
"cmo1u83sy2hdb5ueegli7ftw4","巨石丁","0874","ability","G","這隻寶可夢受到招式的傷害「-20」點。","このポケモンが受けるワザのダメージは「-20」される。",""
"cmo1u7wnh25685ueecjpq4utv","獵斑魚","0367","ability","I","每次當自己的【水】寶可夢受到對手的寶可夢招式的傷害而【昏厥】時，可使用1次。【昏厥】的寶可夢身上附加的「基本【水】能量」卡不丟棄，而是全部放回手牌。","自分のポケモンが、相手のポケモンからワザのダメージを受けてきぜつするたび、1回使える。きぜつしたポケモンについている「基本エネルギー」はトラッシュせず、すべて手札にもどす。","Your opponent’s Single Strike Pokémon’s attacks cost {C} more."
"cmo1u7wnt256s5uee6d6gxf89","刺梭魚","0846","attack","I","這隻寶可夢也受到10點傷害。","このポケモンにも10ダメージ。","This Pokémon also does 10 damage to itself."
"cmo1u7yhl28cs5ueeizejvep9","刺甲貝","0091","attack","G","在下個對手的回合，這隻寶可夢受到招式的傷害「-80」點。","次の相手の番、このポケモンが受けるワザのダメージは「-80」される。",""
"cmo1u7xr127385uee6wtf3u3z","哎呀球菇","0590","attack","G","從自己的牌庫選擇1張【草】屬性的【基礎】寶可夢卡，放置於備戰區。並且重洗牌庫。","自分の山札からタイプのたねポケモンを1枚選び、ベンチに出す。そして山札を切る。",""
"cmo1u7xr3273c5uee4maektvg","敗露球菇","0591","attack","G","擲1次硬幣若為正面，則將對手的戰鬥寶可夢【中毒】與【麻痺】。","コインを1回投げオモテなら、相手のバトルポケモンをどくとマヒにする。",""
"cmo1u7xrh27405ueenjbtsoh8","豆蟋蟀","0919","attack","G","擲1次硬幣若為反面，則這個招式失敗。","コインを1回投げウラなら、このワザは失敗。",""
"cmo1u7xrj27445ueewnmp7sdq","烈腿蝗","0920","attack","G","在這個回合，若這隻寶可夢從「豆蟋蟀」進化，則增加100點傷害。","この番、このポケモンが「マメバッタ」から進化していたなら、100ダメージ追加。","If this Pokémon evolved from Nymble during this turn, this attack does 100 more damage."
"cmo1u84q32iyd5uee5sz46dxj","布撥","0921","attack","H","對手的1隻寶可夢受到20點傷害。[在備戰區不計算弱點・抵抗力。]","相手のポケモン1匹に、20ダメージ。［ベンチは弱点・抵抗力を計算しない。］",""
"cmo1u7wqq25bt5ueevbp6sr0j","盔甲鳥","0227","attack","I","將這隻寶可夢恢復「50」HP。在下個自己的回合，這隻寶可夢無法撤退。","このポケモンのHPを「50」回復する。次の自分の番、このポケモンはにげられない。","Heal 50 damage from this Pokémon. During your next turn, this Pokémon can’t retreat."
"cmo1u7xt1276p5ueev1emied4","大電海燕","0941","attack","G","在下個自己的回合，這隻寶可夢無法使用招式。","次の自分の番、このポケモンはワザが使えない。","During your next turn, this Pokémon can’t attack."
"cmp2dfxvw2pb0116c5ytfzce7","電海燕","","attack","G","對手將對手自己的手牌全部放回牌庫並重洗。然後，對手從牌庫抽出4張卡。","相手は相手自身の手札をすべて山札にもどして切る。その後、相手は山札を4枚引く。",""
"cmo1u7xte277d5ueez62m34fs","智揮猩","0765","attack","G","選擇1個對手的戰鬥寶可夢持有的招式。在下個對手的回合，受到這個招式的寶可夢無法使用被選擇的招式。","相手のバトルポケモンが持っているワザを1つ選ぶ。次の相手の番、このワザを受けたポケモンは、選ばれたワザが使えない。","Choose 1 of your opponent’s Active Pokémon’s attacks. During your opponent’s next turn, that Pokémon can’t use that attack."
"cmo1u7xtj277l5ueerz4tvgbu","小鍛匠","0957","attack","G","擲1次硬幣若為正面，則增加20點傷害。","コインを1回投げオモテなら、20ダメージ追加。",""
"cmo1u7xtr277x5ueeyk4tbawq","地鼠","0050","attack","G","將自己的牌庫上方1張卡丟棄。","自分の山札を上から1枚トラッシュする。",""
"cmp2dfyjw2q8w116cysf8kfeg","三地鼠","","attack","G","擲1次硬幣若為正面，則在下個對手的回合，這隻寶可夢不會受到招式的傷害與效果的影響。","コインを1回投げオモテなら、次の相手の番、このポケモンはワザのダメージや効果を受けない。","Flip a coin. If heads, during your opponent’s next turn, prevent all damage from and effects of attacks done to this Pokémon."
"cmo1u7xuj279d5ueedz89pvfl","單首龍","0633","attack","G","擲1次硬幣若為正面，則增加20點傷害。","コインを1回投げオモテなら、20ダメージ追加。",""
"cmo1u7xy327ff5ueess27xi3h","奧利瓦","0930","ability","G","在自己的回合，從手牌使出這張卡並完成進化時，可使用1次。將自己的1隻寶可夢的HP全部恢復。","自分の番に、このカードを手札から出して進化させたとき、1回使える。自分のポケモン1匹のHPを、すべて回復する。","When you play this Pokémon from your hand to evolve 1 of your Pokémon during your turn, you may heal all damage from 1 of your Pokémon."
"cmo1u7xyo27gf5uee6srycavc","磨牙彩皮魚","0779","attack","G","從自己的牌庫選擇最多3張基本能量卡，在給對手看過後加入手牌。並且重洗牌庫。","自分の山札から基本エネルギーを3枚まで選び、相手に見せて、手札に加える。そして山札を切る。",""
"cmo1u7y0227iv5ueepdl4xyq2","恰雷姆","0308","attack","G","選擇1個對手的戰鬥寶可夢持有的招式。在下個對手的回合，受到這個招式的寶可夢無法使用被選擇的招式。 | 擲1次硬幣若為反面，則這個招式失敗。","相手のバトルポケモンが持っているワザを1つ選ぶ。次の相手の番、このワザを受けたポケモンは、選ばれたワザが使えない。 | コインを1回投げウラなら、このワザは失敗。","Choose 1 of your opponent’s Active Pokémon’s attacks. During your opponent’s next turn, that Pokémon can’t use that attack. | Flip a coin. If tails, this attack does nothing."
"cmo1u7y0c27jb5uee2izgjcir","混混鱷","0552","attack","G","若對手剩餘獎賞卡的張數為1張，則增加90點傷害。","相手のサイドの残り枚数が1枚なら、90ダメージ追加。","If your opponent has exactly 1 Prize card remaining, this attack does 90 more damage."
"cmp2dfxec2on3116cqj9rirxt","臭泥","","attack","G","將對手的戰鬥寶可夢【中毒】。","相手のバトルポケモンをどくにする。","Your opponent’s Active Pokémon is now Poisoned."
"cmo1u7yzv298e5ueezcklhfbr","噴火駝","0323","attack","G","將雙方的牌庫上方各1張卡丟棄，增加其中能量卡的張數×100點傷害。","おたがいの山札を上から1枚ずつトラッシュし、その中にあるエネルギーの枚数×100ダメージ追加。","Discard the top card of each player’s deck. This attack does 100 more damage for each Energy card discarded in this way."
"cmobmw3zh1pzf2pc7umdwadz1","月桂葉","0153","attack","I","將對手的戰鬥寶可夢與備戰寶可夢互換。[由對手選擇放置於戰鬥場的寶可夢。]","相手のバトルポケモンをベンチポケモンと入れ替える。［バトル場に出すポケモンは相手が選ぶ。］","Switch out your opponent’s Active Pokémon to the Bench. (Your opponent chooses the new Active Pokémon.)"
"cmo1u7y5527rd5ueejndge72z","團珠蛛","0917","attack","G","擲1次硬幣若為反面，則這個招式失敗。","コインを1回投げウラなら、このワザは失敗。","Flip a coin. If tails, this attack does nothing."
"cmo1u7y5h27rx5ueeoqlrg86q","熱辣娃","0951","attack","G","擲1次硬幣若為正面，則將對手的戰鬥寶可夢【灼傷】。","コインを1回投げオモテなら、相手のバトルポケモンをやけどにする。",""
"cmo1u7y6b27td5uee43uz8hau","浩大鯨","0975","attack","G","減少這隻寶可夢身上放置的傷害指示物的數量×20點傷害。","このポケモンにのっているダメカンの数×20ダメージぶん、このワザのダメージは小さくなる。","This attack does 20 less damage for each damage counter on this Pokémon."
"cmp2dfxa12oh5116ci3bs1s2m","布撥","","attack","G","擲1次硬幣若為正面，則將對手的戰鬥寶可夢【麻痺】。","コインを1回投げオモテなら、相手のバトルポケモンをマヒにする。",""
"cmobmw48j1qe42pc7dlrvrpqd","天蠍","0207","attack","I","將對手的戰鬥寶可夢【中毒】。","相手のバトルポケモンをどくにする。","Your opponent’s Active Pokémon is now Poisoned."
"cmo1u7y7q27vt5uee1mxttfh5","墓仔狗","0971","attack","G","查看對手的手牌，從其中選擇1張支援者卡，放回對手的牌庫下方。","相手の手札を見て、その中からサポートを1枚選び、相手の山札の下にもどす。",""
"cmp2dg0ny2t76116c25ujuu6n","肯泰羅","","attack","H","擲1次硬幣若為正面，則選擇1個對手的戰鬥寶可夢身上附加的能量，將其丟棄。","コインを1回投げオモテなら、相手のバトルポケモンについているエネルギーを1個選び、トラッシュする。","Flip a coin. If heads, discard an Energy from your opponent’s Active Pokémon."
"cmo1u7xzw27ij5uee9wu1ujck","飄飄雛","0955","attack","G","將這隻寶可夢與備戰寶可夢互換。","このポケモンをベンチポケモンと入れ替える。",""
"cmo1u7y4s27qt5ueekqg3s5fy","赫拉克羅斯","0214","attack","G","增加對手的戰鬥寶可夢【撤退】所需的能量的數量×30點傷害。","相手のバトルポケモンのにげるためのエネルギーの数×30ダメージ追加。","This attack does 30 more damage for each {C} in your opponent’s Active Pokémon’s Retreat Cost."
"cmo1u7y6427t15ueeaqiqee91","鋼炮臂蝦","0693","attack","G","在下個自己的回合，這隻寶可夢無法使用招式。","次の自分の番、このポケモンはワザが使えない。","During your next turn, this Pokémon can’t attack."
"cmo1u83l72h085uee4ndfm64o","啃果蟲","0840","attack","I","將這隻寶可夢恢復「10」HP。","このポケモンのHPを「10」回復する。","Heal 10 damage from this Pokémon."
"cmo1u7yiy28f55ueef1gyw1wr","鑽角犀獸","0112","attack","G","在這個回合，若從手牌使出了「坂木的領導力」，則增加140點傷害。","この番、手札から「サカキのカリスマ」を出して使っていたなら、140ダメージ追加。","If you played Giovanni’s Charisma from your hand during this turn, this attack does 140 more damage."
"cmo1u83nm2h495ueeup76dvpw","泥驢仔","0749","attack","I","擲硬幣直到出現反面，造成正面出現的次數×40點傷害。","ウラが出るまでコインを投げ、オモテの数×40ダメージ。","Flip a coin until you get tails. This attack does 40 damage for each heads."
"cmo1u7zeh29xj5ueejztd9mbf","顫弦蠑螈","0849","attack","G","擲1次硬幣若為正面，則將對手的戰鬥寶可夢【麻痺】。 | 增加自己的備戰寶可夢的屬性種類的數量×30點傷害。","コインを1回投げオモテなら、相手のバトルポケモンをマヒにする。 | 自分のベンチポケモンのタイプの数×30ダメージ追加。","Flip a coin. If heads, your opponent’s Active Pokémon is now Paralyzed. | This attack does 30 more damage for each different type of Pokémon on your Bench."
"cmo1u83r82hae5ueegm7b6zxm","洛托姆","0479","attack","G","對手的1隻寶可夢受到20點傷害。[在備戰區不計算弱點・抵抗力。]","相手のポケモン1匹に、20ダメージ。［ベンチは弱点・抵抗力を計算しない。］",""
"cmo1u6vvk0e6i5ueefo5e7tb1","伽勒爾 小火馬","0077","attack","D","擲1次硬幣若為正面，則將對手的戰鬥寶可夢【麻痺】。","コインを1回投げオモテなら、相手のバトルポケモンをマヒにする。",""
"cmo1u80sw2cc65ueeq0ort80o","雨翅蛾","0284","attack","G","擲硬幣直到出現反面，選擇與正面出現的次數相同數量的對手的戰鬥寶可夢身上附加的能量，放回對手的牌庫並重洗。","ウラが出るまでコインを投げ、オモテの数ぶん、相手のバトルポケモンについているエネルギーを選び、相手の山札にもどして切る。",""
"cmo1u82ij2f6g5ueeudygtdkk","雙首暴龍","0634","attack","H","將對手的牌庫上方2張卡丟棄。","相手の山札を上から2枚トラッシュする。",""
"cmo1u6t4a09d75ueeu9j2f1y6","破破袋","0568","attack","D","若對手的戰鬥寶可夢【中毒】，則增加50點傷害。","相手のバトルポケモンがどくなら、50ダメージ追加。",""
"cmo1u7z5o29ic5uee6uod7851","溜溜糖球","0283","attack","G","擲1次硬幣若為反面，則這個招式失敗。","コインを1回投げウラなら、このワザは失敗。",""
"cmo1u6yc50iep5ueevadoj6e5","狃拉","0215","attack","E","擲1次硬幣若為正面，則選擇1個對手的戰鬥寶可夢身上附加的能量，將其丟棄。","コインを1回投げオモテなら、相手のバトルポケモンについているエネルギーを1個選び、トラッシュする。",""
"cmo1u7zcq29ui5ueevpo4nnhk","狠辣椒","0952","ability","G","只要這隻寶可夢在場上，改為【草】與【火】2種屬性。","このポケモンは、場にいるかぎりとの2つのタイプになる。","As long as this Pokémon is in play, it is {G} and {R} type."
"cmo1u7zdv29wi5ueeqbiomcla","波普海豚","0963","attack","G","將這隻寶可夢與備戰寶可夢互換。然後，從自己的牌庫選擇1張從這隻寶可夢進化而來的卡，放置於這隻寶可夢身上完成進化。並且重洗牌庫。","このポケモンをベンチポケモンと入れ替える。その後、このポケモンから進化するカードを、自分の山札から1枚選び、このポケモンにのせて進化させる。そして山札を切る。","Switch this Pokémon with 1 of your Benched Pokémon. If you do, search your deck for a card that evolves from this Pokémon and put it onto this Pokémon to evolve it. Then, shuffle your deck."
"cmo1u7zzz2ay55ueeh24p6dme","賽富豪","1000","attack","G","從自己的手牌選擇任意數量的「基本【鋼】能量」卡，以任意方式附於自己的寶可夢身上。 | 擲與這隻寶可夢身上附加的【鋼】能量的數量相同次數的硬幣，造成正面出現的次數×80點傷害。","自分の手札から「基本エネルギー」を好きなだけ選び、自分のポケモンに好きなようにつける。 | このポケモンについているエネルギーの数ぶんコインを投げ、オモテの数×80ダメージ。","You may attach any number of Basic {M} Energy cards from your hand to your Pokémon in any way you like. | Flip a coin for each {M} Energy attached to this Pokémon. This attack does 80 damage for each heads."
"cmo1u85b32jyr5uee2g8gf81o","藏飽栗鼠","0820","attack","H","從自己的牌庫抽出2張卡。","自分の山札を2枚引く。","Draw 2 cards."
"cmo1u85b52jyv5uee05hcrqoe","古月鳥","0845","attack","H","擲硬幣直到出現反面，造成正面出現的次數×50點傷害。","ウラが出るまでコインを投げ、オモテの数×50ダメージ。","Flip a coin until you get tails. This attack does 50 damage for each heads."
"cmo1u85bc2jz75uee6kcjo7vh","飄香豚","0916","attack","H","擲1次硬幣若為正面，則在下個對手的回合，受到這個招式的寶可夢無法使用招式。","コインを1回投げオモテなら、次の相手の番、このワザを受けたポケモンは、ワザが使えない。","Flip a coin. If heads, during your opponent’s next turn, the Defending Pokémon can’t attack."
"cmo1u80pi2c6d5uee6js7wnqp","大嘴蝠","0042","attack","G","將這隻寶可夢恢復對對手的戰鬥寶可夢造成的傷害相同數值的HP。","相手のバトルポケモンに与えたダメージぶん、このポケモンのHPを回復する。","Heal from this Pokémon the same amount of damage you did to your opponent’s Active Pokémon."
"cmo1u80t12cce5ueexou8h337","天罩蟲","0825","attack","F","擲1次硬幣若為正面，則在下個對手的回合，這隻寶可夢不會受到招式的傷害與效果的影響。","コインを1回投げオモテなら、次の相手の番、このポケモンはワザのダメージや効果を受けない。","During your opponent’s next turn, prevent all damage done to this Pokémon by attacks if that damage is 60 or less."
"cmo1u80pk2c6h5ueejr4nydjm","叉字蝠","0169","attack","G","自己選擇物品卡或者支援者卡任一方。在下個對手的回合，對手無法從手牌使出被選擇的訓練家卡。","自分はグッズまたはサポートのどちらかを選ぶ。次の相手の番、相手は選ばれたトレーナーズを手札から出して使えない。","Choose Item cards or Supporter cards. During your opponent’s next turn, they can’t play any of the chosen cards from their hand."
"cmo1u80po2c6p5ueea88bmwrv","酷豹","0510","attack","G","選擇1隻自己的備戰寶可夢，將所選的寶可夢身上放置的傷害指示物，全部改放於對手的戰鬥寶可夢身上。","自分のベンチポケモンを1匹選び、選んだポケモンにのっているダメカンをすべて、相手のバトルポケモンにのせ替える。",""
"cmo1u80qc2c7t5ueej90pd50y","晃晃斑","0327","ability","G","若這隻寶可夢【混亂】，則這隻寶可夢受到招式的傷害時，自己擲1次硬幣。若為正面，則這隻寶可夢不會受到那個傷害。","このポケモンがこんらんなら、このポケモンがワザのダメージを受けるとき、自分はコインを1回投げる。オモテなら、このポケモンはそのダメージを受けない。","If this Pokémon is Confused and is damaged by an attack, flip a coin. If heads, prevent that damage."
"cmo1u80p52c5t5uee3gycc3t1","鹽石巨靈","0934","ability","G","在自己的回合時可使用1次。從自己的棄牌區選擇1張「基本【鬥】能量」卡，附於自己的寶可夢身上。然後，將附上那張卡的寶可夢恢復「30」HP。","自分の番に1回使える。自分のトラッシュから「基本エネルギー」を1枚選び、自分のポケモンにつける。その後、つけたポケモンのHPを「30」回復する。","Once during your turn, you may attach a Basic {F} Energy card from your discard pile to 1 of your Pokémon. If you attached Energy to a Pokémon in this way, heal 30 damage from that Pokémon."
"cmo1u80ol2c4t5ueezmgrusz5","死神棺ex","0563","ability","G","這隻寶可夢受到對手的寶可夢招式的傷害而【昏厥】時，從自己的牌庫任意選擇1張卡加入手牌。並且重洗牌庫。","このポケモンが、相手のポケモンからワザのダメージを受けてきぜつしたとき、自分の山札から好きなカードを1枚選び、手札に加える。そして山札を切る。","If this Pokémon is Knocked Out by damage from an attack from your opponent’s Pokémon, search your deck for a card and put it into your hand. Then, shuffle your deck."
"cmo1u80t32cci5uee9fgis1r4","以歐路普","0826","attack","G","造成對手的棄牌區的能量卡的張數×30點傷害。 | 將對手的戰鬥寶可夢【混亂】。","相手のトラッシュにあるエネルギーの枚数×30ダメージ。 | 相手のバトルポケモンをこんらんにする。","This attack does 30 damage for each Energy card in your opponent’s discard pile. | Your opponent’s Active Pokémon is now Confused."
"cmo1u80tp2cdi5ueeiln6mu7r","美納斯","0350","ability","G","在自己的回合，從手牌使出這張卡並完成進化時，可使用1次。雙方玩家各從自己的棄牌區選擇1張【基礎】寶可夢卡，放置於自己的備戰區。（由對手先進行放置。）","自分の番に、このカードを手札から出して進化させたとき、1回使える。おたがいのプレイヤーは、それぞれ自分のトラッシュからたねポケモンを1枚選び、自分のベンチに出す。（ベンチに出すのは相手から行う。）",""
"cmo1u856p2jr25ueevx6bbau0","芳香精","0683","attack","H","將對手的戰鬥寶可夢【混亂】。","相手のバトルポケモンをこんらんにする。","Your opponent’s Active Pokémon is now Confused."
"cmo1u856w2jre5ueetv4wndhn","哲爾尼亞斯ex","0716","attack","H","若對手的戰鬥寶可夢為「寶可夢【ex】」，則增加100點傷害。","相手のバトルポケモンが「ポケモンex」なら、100ダメージ追加。","If your opponent’s Active Pokémon is a Pokémon {ex}, this attack does 100 more damage."
"cmp2dg3v92xon116c2fa7k5xn","仙子伊布","","ability","H","這隻寶可夢不會受到對手的「寶可夢【ex】」招式的傷害。","このポケモンは、相手の「ポケモンex」からワザのダメージを受けない。","Prevent all damage done to this Pokémon by attacks from your opponent’s Pokémon {ex}."
"cmp2dfz2m2qy9116cv6834b6k","顫弦蠑螈ex","","attack","G","只要這隻寶可夢在備戰區，不會受到招式的傷害。 | 將對手的牌庫上方1張卡丟棄。 | 選擇3個自己的場上寶可夢身上附加的【雷】能量，將其丟棄。","相手の山札を上から1枚トラッシュする。 | 自分の場のポケモンについているエネルギーを3個選び、トラッシュする。","Discard the top card of your opponent’s deck. | Discard 3 {L} Energy from your Pokémon."
"cmo1u818y2d3f5ueej6nlcq7g","貓頭夜鷹","0164","attack","H","若希望，從自己的牌庫任意選擇最多2張卡加入手牌。並且重洗牌庫。","のぞむなら、自分の山札から好きなカードを2枚まで選び、手札に加える。そして山札を切る。","You may search your deck for up to 2 cards and put them into your hand. Then, shuffle your deck."
"cmo1u80uy2cfn5ueeuntln6ft","超能豔鴕","0956","ability","G","在自己的回合，從手牌使出這張卡並完成進化時，可使用1次。在下個對手的回合結束前，這隻寶可夢不會受到對手的寶可夢招式的傷害與效果的影響。","自分の番に、このカードを手札から出して進化させたとき、1回使える。次の相手の番の終わりまで、このポケモンは、相手のポケモンからワザのダメージや効果を受けない。","When you play this Pokémon from your hand to evolve 1 of your Pokémon during your turn, you may prevent all damage from and effects of attacks from your opponent’s Pokémon done to this Pokémon until the end of your opponent’s next turn."
"cmo1u85712jrm5ueeyk2md6fk","謎擬Ｑex","0778","attack","H","在對手的2隻寶可夢身上各放置3個傷害指示物。 | 將對手的戰鬥寶可夢【混亂】。","相手のポケモン2匹に、それぞれダメカンを3個のせる。 | 相手のバトルポケモンをこんらんにする。","Choose 2 of your opponent’s Pokémon and put 3 damage counters on each of them. | Your opponent’s Active Pokémon is now Confused."
"cmo1u81962d3v5ueezve9yeyq","泡沫栗鼠","0572","attack","H","選擇最多2張對手的場上寶可夢身上附加的「寶可夢道具」卡，將其丟棄。","相手の場のポケモンについている「ポケモンのどうぐ」を2枚まで選び、トラッシュする。",""
"cmo1u858a2jtu5uee2vlprxzd","帕底亞 土王ex","0980","attack","H","將對手的戰鬥寶可夢【中毒】。在下個對手的回合，受到這個招式的寶可夢無法撤退。 | 在下個自己的回合，這隻寶可夢無法使用招式。","相手のバトルポケモンをどくにする。次の相手の番、このワザを受けたポケモンは、にげられない。 | 次の自分の番、このポケモンはワザが使えない。","Your opponent’s Active Pokémon is now Poisoned. During your opponent’s next turn, that Pokémon can’t retreat. | During your next turn, this Pokémon can’t attack."
"cmo1u7q021tsz5ueex5c5clgh","吼叫尾ex","0985","attack","H","這個招式只可在後攻玩家的最初回合使用。在下個對手的回合，對手無法從手牌使出支援者卡。 | 選擇1個對手的戰鬥寶可夢身上附加的能量，將其丟棄。","このワザは、後攻プレイヤーの最初の番にだけ使える。次の相手の番、相手は手札からサポートを出して使えない。 | 相手のバトルポケモンについているエネルギーを1個選び、トラッシュする。","Discard an Energy from your opponent’s Active Pokémon."
"cmo1u81222crp5ueeboymexii","摔角鷹人","0701","attack","H","若自己剩餘獎賞卡的張數，比對手剩餘獎賞卡的張數多，則增加90點傷害。","自分のサイドの残り枚数が、相手のサイドの残り枚数より多いなら、90ダメージ追加。","If you have more Prize cards remaining than your opponent, this attack does 90 more damage."
"cmo1u85hr2ka95uee8oi7var6","<大吾的>天秤偶","0343","attack","I","從自己的牌庫選擇最多2張【基礎】寶可夢的「大吾的寶可夢」，放置於備戰區。並且重洗牌庫。","自分の山札からたねポケモンの「ダイゴのポケモン」を2枚まで選び、ベンチに出す。そして山札を切る。","Search your deck for up to 2 Basic Steven’s Pokémon and put them onto your Bench. Then, shuffle your deck."
"cmo1u858k2jub5ueejdqpv737","班基拉斯ex","0248","attack","H","造成這隻寶可夢身上附加的能量的數量×50點傷害。 | 在不看正面的情況下，從對手的手牌選擇1張，將其丟棄。","このポケモンについているエネルギーの数×50ダメージ。 | 相手の手札からオモテを見ないで1枚選び、トラッシュする。","This attack does 50 damage for each Energy attached to this Pokémon. | Discard a random card from your opponent’s hand."
"cmo1u81792d0j5ueemema6jzd","青銅鐘","0437","attack","H","在下個對手的回合，對手無法從手牌使出寶可夢並完成進化。","次の相手の番、相手は手札からポケモンを出して進化させられない。","During your opponent’s next turn, they can’t play any Pokémon from their hand to evolve their Pokémon."
"cmo1u858t2jur5ueefpm0af62","青銅鐘","0437","ability","H","只要這隻寶可夢在場上，自己的所有寶可夢受到對手的寶可夢招式的傷害「-10」點。","このポケモンがいるかぎり、自分のポケモン全員が、相手のポケモンから受けるワザのダメージは「-10」される。","All of your Pokémon take 10 less damage from attacks from your opponent’s Pokémon (after applying Weakness and Resistance)."
"cmo1u859t2jwf5ueewnh3ceen","洛奇亞ex","0249","attack","H","擲硬幣直到出現反面，選擇與正面出現的次數相同數量的對手的戰鬥寶可夢身上附加的能量，將其丟棄。","ウラが出るまでコインを投げ、オモテの数ぶん、相手のバトルポケモンについているエネルギーを選び、トラッシュする。","Flip a coin until you get tails. For each heads, discard an Energy from your opponent’s Active Pokémon."
"cmo1u81992d3z5ueesjvljfqs","奇諾栗鼠","0573","attack","H","造成這隻寶可夢身上附加的特殊能量卡的張數×70點傷害。","このポケモンについている特殊エネルギーの枚数×70ダメージ。","This attack does 70 damage for each Special Energy card attached to this Pokémon."
"cmo1u8hec35ey5ueestlblb33","雷吉斯奇魯","0379","attack","H","增加這隻寶可夢身上放置的傷害指示物的數量×10點傷害。","","This attack does 10 more damage for each damage counter on this Pokémon."
"cmo1u8n443f345ueewigzn9g0","火恐龍","0005","attack","G","選擇1個這隻寶可夢身上附加的能量，將其丟棄。","","Discard an Energy from this Pokémon."
"cmo1u81c12d8s5uee5xm7wefy","橡實果","0273","attack","H","在下個對手的回合，這隻寶可夢受到招式的傷害「-30」點。","次の相手の番、このポケモンが受けるワザのダメージは「-30」される。",""
"cmo1u81cy2dac5uee17hampcm","熔岩蟲","0218","attack","H","若對手的戰鬥寶可夢【灼傷】，則增加40點傷害。","相手のバトルポケモンがやけどなら、40ダメージ追加。","If your opponent’s Active Pokémon is Burned, this attack does 40 more damage."
"cmp2dfye42q0p116cqf4z9vw6","呆火駝","","attack","G","將對手的戰鬥寶可夢【灼傷】。","相手のバトルポケモンをやけどにする。","Your opponent’s Active Pokémon is now Burned."
"cmo1u81di2dbc5ueeigap8b7q","電擊魔獸","0466","attack","H","若對手的場上有【水】寶可夢，則增加120點傷害。","相手の場にポケモンがいるなら、120ダメージ追加。","If your opponent has any {W} Pokémon in play, this attack does 120 more damage."
"cmo1u81j52dku5ueej9kir7h0","啃果蟲","0840","attack","H","擲1次硬幣若為正面，則增加20點傷害。","コインを1回投げオモテなら、20ダメージ追加。","Flip a coin. If heads, this attack does 20 more damage."
"cmo1u81ir2dk65ueepqpfg1lj","甜甜螢","0314","attack","I","這個招式只可在後攻玩家的最初回合使用。選擇1隻對手的備戰寶可夢，將那隻寶可夢與附加的卡全部放回對手的牌庫並重洗。","このワザは、後攻プレイヤーの最初の番にだけ使える。相手のベンチポケモンを1匹選び、そのポケモンと、ついているすべてのカードを、相手の山札にもどして切る。",""
"cmo1u7z0o299q5uee1b149b1r","光蚪仔","0938","attack","G","擲1次硬幣若為正面，則將對手的戰鬥寶可夢【麻痺】。","コインを1回投げオモテなら、相手のバトルポケモンをマヒにする。",""
"cmo1u81jo2dlq5uee58smyf9i","燭光靈","0607","attack","H","從自己的牌庫選擇1張【基礎】寶可夢卡，放置於備戰區。並且重洗牌庫。","自分の山札からたねポケモンを1枚選び、ベンチに出す。そして山札を切る。",""
"cmo1u81fj2det5ueemy0bregi","豆豆鴿","0519","ability","H","若這隻寶可夢的剩餘HP為「30」以下，則在自己的回合時可使用1次。從自己的牌庫選擇1張「高傲雉雞（包含『寶可夢【ex】』）」，放置於這隻「豆豆鴿」身上完成進化。並且重洗牌庫。","このポケモンの残りHPが「30」以下なら、自分の番に1回使える。自分の山札から「ケンホロウ（『ポケモンex』をふくむ）」を1枚選び、この「マメパト」にのせて進化させる。そして山札を切る。","Once during your turn, if this Pokémon’s remaining HP is 30 or less, you may search your deck for an Unfezant or Unfezant {ex} and put it onto this Pidove to evolve it. Then, shuffle your deck."
"cmo1u81js2dly5ueebshfkiea","水晶燈火靈","0609","ability","H","在自己的回合時可使用1次。雙方玩家各從牌庫抽出1張卡。","自分の番に1回使える。おたがいのプレイヤーは、それぞれ山札を1枚引く。","Once during your turn, you may have each player draw a card."
"cmo1u81k32dme5ueed36ayf9a","蚊香泳士","0062","attack","H","將對手的戰鬥寶可夢【睡眠】。 | 若希望，增加120點傷害。這個情況下，將這隻寶可夢與附加的卡，全部放回自己的牌庫並重洗。","相手のバトルポケモンをねむりにする。 | のぞむなら、120ダメージ追加。その場合、このポケモンと、ついているすべてのカードを、自分の山札にもどして切る。","You may do 120 more damage. If you do, shuffle this Pokémon and all attached cards into your deck."
"cmo1u7p2i1s7c5ueesbcfjsro","布里卡隆","0652","ability","J","這隻寶可夢在戰鬥場上受到對手的寶可夢招式的傷害時，將與這隻寶可夢身上附加的【草】能量的數量×3個的相同數量的傷害指示物，放置於使用招式的寶可夢身上。","このポケモンが、バトル場で相手のポケモンからワザのダメージを受けたとき、このポケモンについているエネルギーの数×3個ぶんのダメカンを、ワザを使ったポケモンにのせる。",""
"cmo1u7p6g1sdy5uee07l3swze","黏美龍","0706","ability","J","只要這隻寶可夢在場上，對手的戰鬥寶可夢【撤退】時，對手擲1次硬幣。若為反面，則【撤退】所需的能量不丟棄，不用進行互換。這個特性的效果不會重複。","このポケモンがいるかぎり、相手のバトルポケモンがにげるとき、相手はコインを1回投げる。ウラなら、にげるためのエネルギーはトラッシュせず、入れ替えをしない。この特性の効果は重ならない。",""
"cmo1u7p2n1s7k5ueegbom1g1p","九尾","0038","attack","J","選擇1隻自己的備戰寶可夢，將所選的寶可夢身上放置的傷害指示物，全部改放於對手的戰鬥寶可夢身上。","自分のベンチポケモンを1匹選び、選んだポケモンにのっているダメカンをすべて、相手のバトルポケモンにのせ替える。",""
"cmp2dgdl03b7d116cs7chmhzf","肯泰羅","","attack","J","選擇1隻對手的寶可夢，擲與自己的場上的，名稱中有「肯泰羅」的寶可夢的數量相同次數的硬幣。所選的寶可夢受到正面出現的次數×50點傷害。[在備戰區不計算弱點・抵抗力。]","相手のポケモンを1匹選び、自分の場の、名前に「ケンタロス」とつくポケモンの数ぶんコインを投げる。選んだポケモンに、オモテの数×50ダメージ。［ベンチは弱点・抵抗力を計算しない。］",""
"cmo1u7p441sa15ueessaeqzhi","代歐奇希斯","0386","attack","J","從自己的牌庫選擇最多2張「基本【超】能量」卡，附於這隻寶可夢身上。並且重洗牌庫。 | 增加對手的戰鬥寶可夢身上附加的能量的數量×20點傷害。","自分の山札から「基本エネルギー」を2枚まで選び、このポケモンにつける。そして山札を切る。 | 相手のバトルポケモンについているエネルギーの数×20ダメージ追加。",""
"cmo1u7p491sa95ueej1b4xqnc","代歐奇希斯","0386","attack","J","在下個對手的回合，這隻寶可夢不會受到擁有特性的寶可夢招式的傷害。","次の相手の番、このポケモンは特性を持つポケモンからワザのダメージを受けない。",""
"cmo1u7p4l1sat5ueecltwejms","小木靈","0708","ability","J","在自己的回合時可使用1次。從自己的手牌選擇1張從這隻寶可夢進化而來的卡，放置於這隻寶可夢身上完成進化。然後，在完成進化的寶可夢身上放置2個傷害指示物。（無法在自己的最初回合使用。）","自分の番に1回使える。このポケモンから進化するカードを、自分の手札から1枚選び、このポケモンにのせて進化させる。その後、進化させたポケモンに、ダメカンを2個のせる。（最初の自分の番には使えない。）",""
"cmo1u7p3b1s8p5ueerx7g97g5","凱路迪歐","0647","attack","J","對手的1隻備戰寶可夢也受到20點傷害。[在備戰區不計算弱點・抵抗力。] | 選擇1個這隻寶可夢身上附加的能量，改附於備戰寶可夢身上。","相手のベンチポケモン1匹にも、20ダメージ。［ベンチは弱点・抵抗力を計算しない。］ | このポケモンについているエネルギーを1個選び、ベンチポケモンにつけ替える。",""
"cmp2dgdjc3b54116cudbhmau6","念力土偶","","attack","I","從對手的進化的戰鬥寶可夢身上，移除1張「進化卡」使其退化。將移除的卡放回對手的手牌。","相手の進化しているバトルポケモンから、「進化カード」を1枚はがして退化させる。はがしたカードは、相手の手札にもどす。","Your opponent’s Active Pokémon is now Poisoned. During your opponent’s next turn, that Pokémon can’t retreat."
"cmo1u7p461sa55ueekz4ttfo7","代歐奇希斯","0386","attack","J","若身上附有的能量比使用這個招式所需的能量多2個，則對手的1隻備戰寶可夢也受到120點傷害。[在備戰區不計算弱點・抵抗力。]","このワザを使うためのエネルギーより、2個多くエネルギーがついているなら、相手のベンチポケモン1匹にも、120ダメージ。［ベンチは弱点・抵抗力を計算しない。］",""
"cmo1u7pas1slj5uee0q1tphls","小仙奶","0869","attack","I","將這隻寶可夢恢復「10」HP。","自分の場のポケモンの数×20ダメージ。","Heal 10 damage from this Pokémon."
"cmo1u8h4r34yj5ueevb38f9xk","象徵鳥","0561","attack","H","從自己的牌庫抽出2張卡。 | 擲1次硬幣若為正面，則將對手的戰鬥寶可夢【麻痺】。","",""
"cmo1u8si83obo5uee9hwkoey0","噴火龍ex","0006","attack","G","若這隻寶可夢身上放置有傷害指示物，則增加100點傷害。 | 選擇3個這隻寶可夢身上附加的能量，將其丟棄。","","If this Pokémon has any damage counters on it, this attack does 100 more damage. | Discard 3 Energy from this Pokémon."
"cmo1u848n2i4j5ueetvuq9dan","加熱洛托姆","0479","attack","G","這隻寶可夢也受到40點傷害。","このポケモンにも40ダメージ。","This Pokémon also does 40 damage to itself."
"cmo1u8sjz3oeo5ueebd56zjiz","帕奇利茲","0417","attack","H","‌擲3次硬幣，從自己的棄牌區選擇最多與正面出現的次數相同數量的「基本【雷】能量」卡，以任意方式附於備戰寶可夢身上。","","Flip 3 coins. Attach a number of Basic {L} Energy cards up to the number of heads from your discard pile to your Benched Pokémon in any way you like."
"cmobmxdyl3rpp2pc7pm3vr5ys","路卡利歐","0448","ability","F","在自己的回合時，可使用1次。在這隻寶可夢身上放置2個傷害指示物。然後，從自己的牌庫選擇1張【鬥】能量卡，附於這隻寶可夢身上。並且重洗牌庫。","","Once during your turn, you may put 2 damage counters on this Pokémon. If you do, search your deck for a {F} Energy card and attach it to this Pokémon. Then, shuffle your deck."
"cmo1u7ssd1ylu5ueemkrhir60","光輝甲賀忍蛙","0658","ability","F","在自己的回合，若從自己的手牌將1張能量卡丟棄，則可使用1次。從自己的牌庫抽出2張卡。","自分の番に、自分の手札からエネルギーを1枚トラッシュするなら、1回使える。自分の山札を2枚引く。","You must discard an Energy card from your hand in order to use this Ability. Once during your turn, you may draw 2 cards."
"cmobmx9vf3l3k2pc7qnnx280z","席多藍恩","0485","ability","H","這隻寶可夢在戰鬥場上受到對手的寶可夢招式的傷害時，將使用招式的寶可夢【灼傷】。","","If this Pokémon is in the Active Spot and is damaged by an attack from your opponent’s Pokémon (even if this Pokémon is Knocked Out), the Attacking Pokémon is now Burned."
"cmobmxdzu3rrp2pc7esqi1l0t","蒼響","0888","attack","F","增加自己的備戰寶可夢的數量×10點傷害。這個招式的傷害不計算弱點與對手的戰鬥寶可夢身上的附加效果。","","This attack does 10 more damage for each of your Benched Pokémon. This attack’s damage isn’t affected by Weakness or by any effects on your opponent’s Active Pokémon."
"cmobmxdzx3rrt2pc7q5k4z9cs","藏瑪然特V","0889","ability","F","在自己的回合時可使用1次，若使用，則自己的回合結束。將自己的手牌全部丟棄，從牌庫抽出5張卡。","",""
"cmobmxe0y3rti2pc7euh49rew","光輝噴火龍","0006","ability","F","這隻寶可夢使用招式所需的【無】能量，減少對手已經獲得的獎賞卡的張數數量。","","This Pokémon’s attacks cost {C} less for each Prize card your opponent has taken."
"cmobmxe143rtq2pc7j6f1bhav","炎帝V","0244","ability","F","若這隻寶可夢在戰鬥場上，則在自己的回合時可使用1次。從自己的牌庫抽出1張卡。","","Once during your turn, if this Pokémon is in the Active Spot, you may draw a card."
"cmobmx65w3f4n2pc7wjm48jd9","新葉喵","0906","attack","G","從自己的牌庫選擇最多2張基本能量卡，在給對手看過後加入手牌。並且重洗牌庫。","","Search your deck for up to 2 Basic Energy cards, reveal them, and put them into your hand. Then, shuffle your deck."
"cmobmx6613f4v2pc7ijked3zr","蒂蕾喵","0907","attack","G","將對手的戰鬥寶可夢與備戰寶可夢互換。[由對手選擇放置於戰鬥場的寶可夢。]","","Switch out your opponent’s Active Pokémon to the Bench. (Your opponent chooses the new Active Pokémon.)"
"cmobmxe2q3rwb2pc7e144jw07","光輝胡地","0065","ability","F","在自己的回合時，可使用1次。選擇最多2個對手的1隻場上寶可夢身上放置的傷害指示物，改放於對手的另1隻寶可夢身上。","","Once during your turn, you may move up to 2 damage counters from 1 of your opponent’s Pokémon to another of their Pokémon."
"cmobmxe473ryo2pc7m0xg7lqp","閃電鳥","0145","ability","F","只要這隻寶可夢在場上，自己的【雷】屬性的【基礎】寶可夢（「閃電鳥」 除外）使用的招式，對對手的戰鬥寶可夢造成的傷害「+10」點。","","Your Basic {L} Pokémon’s attacks, except any Zapdos, do 10 more damage to your opponent’s Active Pokémon (before applying Weakness and Resistance)."
"cmobmxe5n3s112pc7kh46zkcs","奇魯莉安","0281","ability","F","在自己的回合時，若將自己的1張手牌丟棄，則可使用1次。從自己的牌庫抽出2張卡。","","You must discard a card from your hand in order to use this Ability. Once during your turn, you may draw 2 cards."
"cmobmx9013jp62pc7u5may7ql","吼叫尾","0985","attack","G","對手的1隻寶可夢受到這隻寶可夢身上放置的傷害指示物的數量×20點傷害。[在備戰區不計算弱點・抵抗力。]","","This attack does 20 damage to 1 of your opponent’s Pokémon for each damage counter on this Pokémon. (Don’t apply Weakness and Resistance for Benched Pokémon.)"
"cmobmxe603s1l2pc70kstgl8b","詭角鹿V","0899","ability","F","在自己的回合，當從備戰區將這隻寶可夢放置於戰鬥場時，可使用1次。選擇自己的場上寶可夢身上附加的任意數量的能量，改附於這隻寶可夢身上。","","Once during your turn, when this Pokémon moves from your Bench to the Active Spot, you may move any amount of Energy from your other Pokémon to it."
"cmo1u8ee630945ueeu9jwpy0o","力壯雞","0256","attack","B","每次從手牌將能量附於這隻寶可夢身上，都將這隻寶可夢的特殊狀態全部恢復。 | 擲1次硬幣若為反面，則這個招式失敗。","",""
"cmo1u8eef309k5ueensu2u7we","火焰雞","0257","ability","B","在自己的回合時，可使用1次。從自己的棄牌區抽出1張【火】能量卡，附於備戰寶可夢身上。","",""
"cmo1u8eei309o5uee38quzeog","火稚雞","0255","attack","B","擲1次硬幣若為正面，則將對手的戰鬥寶可夢【灼傷】。","",""
"cmo1u8eff30b95ueey75hgi0b","水躍魚","0258","attack","B","從自己的牌庫抽出最多3張【水】能量卡，在給對手看過後加入手牌。並且重洗牌庫。","","Flip a coin. If heads, discard an Energy from your opponent’s Active Pokémon."
"cmo1u8eft30bx5ueeb9nhhi5j","咩利羊","0179","ability","B","若這隻寶可夢在戰鬥場上，則在自己的回合時可使用1次。將對手的戰鬥寶可夢【睡眠】。","",""
"cmo1u8een309x5ueeoc9zeypf","花舞鳥","0741","attack","B","選擇對手的1隻備戰寶可夢，與戰鬥寶可夢互換。然後，將新上場的寶可夢【灼傷】與【混亂】。","",""
"cmo1u8ela30lb5ueebwwlylhc","基格爾德","0718","attack","B","在下個對手的回合，受到這個招式的寶可夢無法撤退。 | 若這隻寶可夢身上放置有傷害指示物，則增加60點傷害。","",""
"cmo1u8elc30lf5ueelshj9dez","吉利蛋","0113","attack","B","將自己的所有寶可夢各恢復「20」HP。 | 若對手的戰鬥寶可夢身上放置有傷害指示物，則這個招式失敗。","",""
"cmp2dgb5w381g116cnz105ir8","時拉比","","attack","I","從自己的牌庫選擇【草】寶可夢卡與競技場卡合計最多3張，在給對手看過後加入手牌。並且重洗牌庫。","","Search your deck for up to 3 in any combination of {G} Pokémon and Stadium cards, reveal them, and put them into your hand. Then, shuffle your deck."
"cmo1u8es330x15ueem54esj24","帕底亞 烏波","0194","attack","H","擲1次硬幣若為正面，則增加20點傷害。","","Flip a coin. If heads, this attack does 20 more damage."
"cmo1u8egg30d15uee3cynwkh3","茸茸羊","0180","attack","B","將對手的戰鬥寶可夢【混亂】。","",""
"cmo1u8egu30dp5uee90bmh7ta","超夢","0150","ability","B","只要這隻寶可夢在戰鬥場上，對手的戰鬥寶可夢使用招式的傷害，全部「-20」點。","",""
"cmo1u8ehl30f15ueedw5imovu","路卡利歐GX","0448","attack","B","在這個回合，若這隻寶可夢從「利歐路」進化，則增加90點傷害。 | 造成這隻寶可夢身上所放置的傷害指示物的數量×30點傷害。［對戰中，己方只可使用1次GX招式。］ | 寶可夢GX【氣絕】時，對手獲得2張獎賞卡。","",""
"cmo1u8ei030fq5uee6pwj6hc1","利歐路","0447","attack","B","擲1次硬幣若為正面，則在下個對手的回合，這隻寶可夢不會受到招式的傷害與效果的影響。","",""
"cmo1u8ej130hi5ueelvxmmrt3","坦克臭鼬","0435","attack","B","在下個對手的回合，當受到這個招式的寶可夢使用招式時，對手擲2次硬幣。若至少出現1次反面，則該招式失敗。","",""
"cmo1u8ejc30i25ueedz7skchn","惡食大王","0799","attack","B","若自己剩餘獎賞卡的張數為6張・4張・2張，則從自己的牌庫上方抽出10張丟到棄牌區。","",""
"cmo1u8ejf30i65ueeoyvfg1vr","鐵啞鈴","0374","ability","B","只要這隻寶可夢在戰鬥場上，這隻寶可夢【撤退】所需的能量，減少自己的備戰區的「鐵啞鈴」的數量。","",""
"cmo1u8ejl30ii5uee0pi3s63n","金屬怪","0375","attack","B","擲2次硬幣，增加正面出現的次數×20點傷害。","",""
"cmo1u8ejq30iq5ueeucmn36q6","巨金怪","0376","ability","B","只要這隻寶可夢在戰鬥場上，就算使用了自己的「大吾的決斷」，自己的回合也不會結束。","",""
"cmo1u8el030ku5uee5es7737h","幸福蛋","0242","ability","B","在自己的回合時，可使用1次。將自己的戰鬥寶可夢的1個特殊狀態恢復。","",""
"cmo1u8el830l75ueewdrixmu3","大舌頭","0108","attack","B","從自己的牌庫抽出3張。 | 擲2次硬幣，造成正面出現的次數×50點傷害。","",""
"cmo1u8eq830ts5ueedprucyrt","蒼響","0888","attack","I","若對手剩餘獎賞卡的張數為3張以下，則增加90點傷害。","","If your opponent has 3 or fewer Prize cards remaining, this attack does 90 more damage."
"cmp2dgb9m386e116c10oajxkw","大竺葵","","ability","I","只要這隻寶可夢在場上，自己的所有寶可夢身上附加的「基本【草】能量」卡，視為各提供2個【草】能量。這個特性的效果不會重複。","","Each Basic {G} Energy attached to all of your Pokémon provides {G}{G} Energy. The effect of Wild Growth doesn’t stack."
"cmp2dgb9p386i116c9anmsbsf","千面避役","","attack","I","從雙方的場上寶可夢（這隻寶可夢除外）中選擇1隻剩餘HP最少的寶可夢，將其【昏厥】。 | 選擇1個這隻寶可夢身上附加的能量，將其丟棄。","","Choose a Pokémon in play (yours or your opponent’s) that has the least HP remaining, except for this Pokémon, and it is Knocked Out. | Discard an Energy from this Pokémon."
"cmp2dgbbj388z116c3ji84171","古空棘魚","","ability","H","只要這隻寶可夢在場上，自己的所有進化寶可夢，可使用進化前持有的所有招式。[需要有足夠使用招式的能量。]","",""
"cmp2dgbbm3893116cpwp7le2t","龜腳腳","","attack","J","從自己的牌庫抽出2張卡。","",""
"cmobmw3t41pp32pc7twxjuh8g","蛋蛋","0102","attack","I","從自己的牌庫選擇1張「基本【草】能量」卡，附於這隻寶可夢身上。並且重洗牌庫。","自分の山札から「基本エネルギー」を1枚選び、このポケモンにつける。そして山札を切る。","Search your deck for a Basic {G} Energy card and attach it to this Pokémon. Then, shuffle your deck."
"cmobmw3tm1ppz2pc7qbtkzkah","呆火駝","0322","attack","I","從自己的牌庫選擇最多2張【基礎】寶可夢卡，放置於備戰區。並且重洗牌庫。","自分の山札からたねポケモンを2枚まで選び、ベンチに出す。そして山札を切る。","Search your deck for up to 2 Basic Pokémon and put them onto your Bench. Then, shuffle your deck."
"cmp2dgdfo3b06116csoe2eh62","大針蜂ex","","attack","J","造成自己的場上的「大針蜂（包含『寶可夢【ex】』）」的數量×110點傷害。","自分の場の「スピアー（『ポケモンex』をふくむ）」の数×110ダメージ。",""
"cmo1u6q2p04355uee2t6wbkz8","阿勃梭魯","0359","attack","I","從自己的牌庫抽出2張卡。","自分の山札を2枚引く。","Draw 2 cards."
"cmo1u7pc31snr5ueeh60ijg11","勾魂眼","0302","attack","I","若自己的備戰區有【惡】屬性的【2階進化】寶可夢，則增加70點傷害。","自分のベンチにタイプの2進化ポケモンがいるなら、70ダメージ追加。","If you have any Stage 2 {D} Pokémon on your Bench, this attack does 70 more damage."
"cmobmw6cj1tr72pc7szyw8tc8","霹靂電球ex","0100","attack","J","擲硬幣直到出現反面，增加正面出現的次數×100點傷害。","ウラが出るまでコインを投げ、オモテの数×100ダメージ追加。","Flip a coin until you get tails. This attack does 100 more damage for each heads."
"cmo1u7pvb1tkt5ueeg3j8c70t","鐵臂膀","0992","attack","H","擲1次硬幣若為正面，則將對手的戰鬥寶可夢【麻痺】。 | 若對手的戰鬥寶可夢為「寶可夢【ex】・【V】」，則增加80點傷害。","コインを1回投げオモテなら、相手のバトルポケモンをマヒにする。 | 相手のバトルポケモンが「ポケモンex・V」なら、80ダメージ追加。","Flip a coin. If heads, your opponent’s Active Pokémon is now Paralyzed. | If your opponent’s Active Pokémon is a Pokémon {ex} or Pokémon {V}, this attack does 80 more damage."