"primary card id","trainer chinese name","subtype","規格標記","chinese text","jp text","eng text"
"cmoa5ym2q3n4sdt6l6n1s77ll","完全體攪拌器","ITEM","H","從自己的牌庫任意選擇最多5張卡，將其丟棄。並且重洗牌庫。","","Search your deck for up to 5 cards and discard them. Then, shuffle your deck."
"cmo1u7j3k1hym5ueerdco3tfa","石之洞窟","STADIUM","I","雙方的所有「大吾的寶可夢」受到對手的寶可夢招式的傷害「-30」點。","おたがいの「ダイゴのポケモン」全員が、相手のポケモンから受けるワザのダメージは「-30」される。","Steven’s Pokémon (both yours and your opponent’s) take 30 less damage from attacks from the opponent’s Pokémon (after applying Weakness and Resistance)."
"cmo1u7p6w1seq5ueevta1denk","豐收漁網","ITEM","J","從自己的棄牌區選擇【水】寶可夢卡與「基本【水】能量」卡最多各3張，在給對手看過後放回牌庫並重洗。","自分のトラッシュからポケモンと「基本エネルギー」をそれぞれ3枚まで選び、相手に見せて、山札にもどして切る。",""
"cmo1u6rb4068j5ueeqayzqfb6","火箭隊的驚嚇炸彈","ITEM","I","擲1次硬幣若為正面，則在對手的1隻寶可夢身上放置2個傷害指示物。若為反面，則在自己的戰鬥寶可夢身上放置2個傷害指示物。","コインを1回投げオモテなら、相手のポケモン1匹に、ダメカンを2個のせる。ウラなら、自分のバトルポケモンに、ダメカンを2個のせる。","Flip a coin. If heads, put 2 damage counters on 1 of your opponent’s Pokémon. If tails, put 2 damage counters on your Active Pokémon."
"cmo1u6q0e03z45ueeg62w52nb","英雄斗篷","TOOL","H","附有這張卡的寶可夢的最大HP「+100」。","このカードをつけているポケモンの最大HPは「＋100」される。","The Pokémon this card is attached to gets +100 HP."
"cmo1u6vbd0d735ueelxz35w4o","潮漩之扇","ITEM","E","選擇1個對手的場上寶可夢身上附加的特殊能量，放回對手的牌庫下方。","相手の場のポケモンについている特殊エネルギーを1個選び、相手の山札の下にもどす。",""
"cmo1u6yxe0jes5ueeoutt2c2c","花月","SUPPORTER","E","查看對手的手牌，從其中選擇最多2張「寶可夢道具」「競技場」「特殊能量」卡，將其丟棄。","相手の手札を見て、その中から「ポケモンのどうぐ」「スタジアム」「特殊エネルギー」を2枚まで選び、トラッシュする。",""
"cmo1u6q1z041x5ueewn7ym8w1","奇跡修正檔","ITEM","I","從自己的棄牌區選擇1張「基本【超】能量」卡，附於備戰區的【超】寶可夢身上。","自分のトラッシュから「基本エネルギー」を1枚選び、ベンチのポケモンにつける。","Attach a Basic {P} Energy card from your discard pile to 1 of your Benched {P} Pokémon."
"cmo1u6pwn03sn5ueeu9kohtgi","衝浪手","SUPPORTER","H","將自己的戰鬥寶可夢與備戰寶可夢互換。然後，從牌庫抽卡直到自己的手牌滿5張為止。","自分のバトルポケモンをベンチポケモンと入れ替える。その後、自分の手札が5枚になるように、山札を引く。","Switch your Active Pokémon with 1 of your Benched Pokémon. If you do, draw cards until you have 5 cards in your hand."
"cmo1u6q0s03zs5uee3q33is6n","老大的指令（魁奇思）","SUPPORTER","G","選擇1隻對手的備戰寶可夢，與戰鬥寶可夢互換。","相手のベンチポケモンを1匹選び、バトルポケモンと入れ替える。","Switch in 1 of your opponent’s Benched Pokémon to the Active Spot."
"cmo1u79uj127l5ueednem6igh","辛俐","SUPPORTER","G","查看自己的牌庫上方4張卡，從其中選擇2張卡加入手牌。將剩餘卡全部翻回反面並重洗，放回牌庫下方。","自分の山札を上から4枚見て、その中からカードを2枚選び、手札に加える。残りのカードはすべてウラにして切り、山札の下にもどす。",""
"cmo1u6pky038f5ueebp7tvadn","龐克頭盔","TOOL","I","附有這張卡的【惡】寶可夢在戰鬥場受到對手的寶可夢招式的傷害時，在使用招式的寶可夢身上放置4個傷害指示物。","このカードをつけているポケモンが、バトル場で相手のポケモンからワザのダメージを受けたとき、ワザを使ったポケモンにダメカンを4個のせる。","If the {D} Pokémon this card is attached to is in the Active Spot and is damaged by an attack from your opponent’s Pokémon (even if this Pokémon is Knocked Out), place 4 damage counters on the Attacking Pokémon."
"cmo1u79l811rm5ueeo0v018hw","妮莫","SUPPORTER","G","雙方玩家各將自己的手牌全部翻回反面並重洗，放回牌庫下方。然後，各從牌庫抽出與自己剩餘獎賞卡的張數相同數量的卡。","©Pokémon. ©Nintendo/Creatures Inc./GAME FREAK inc.ポケットモンスター・ポケモン・Pokémonは任天堂・クリーチャーズ・ゲームフリークの登録商標です。このホームページに掲載された画像その他の内容の無断転載はお断りします。",""
"cmo1u6o1z00nb5ueeiuaft3pz","神奇糖果","ITEM","I","從自己的手牌選擇1張【2階進化】寶可夢卡，放置於自己的場上的可進化成那隻寶可夢的【基礎】寶可夢身上，跳過【1階進化】完成進化。（無法對自己的最初回合與這個回合剛使出的寶可夢使用。）","自分の手札から2進化ポケモンを1枚選び、そのポケモンへと進化する自分の場のたねポケモンにのせ、1進化をとばして進化させる。（最初の自分の番と、この番出したばかりのポケモンには使えない。）","Choose 1 of your Basic Pokémon in play. If you have a Stage 2 card in your hand that evolves from that Pokémon, put that card onto the Basic Pokémon to evolve it, skipping the Stage 1. You can’t use this card during your first turn or on a Basic Pokémon that was put into play this turn."
"cmo1u6oso01vv5uees3m7nzgg","好傷藥","ITEM","I","將自己的1隻寶可夢恢復「60」HP。然後，選擇1個恢復的寶可夢身上附加的能量，將其丟棄。","自分のポケモンを1匹選び、HPを「60」回復する。回復した場合、そのポケモンについているエネルギーを1個選び、トラッシュする。","Heal 60 damage from 1 of your Pokémon. If you healed any damage in this way, discard an Energy from that Pokémon."
"cmo1u6pxm03ub5ueecs3740wa","零之大空洞","STADIUM","H","自己的場上有「太晶」寶可夢的玩家的可放置於備戰區的寶可夢數量改為8隻。    （這張卡被丟棄時，或‌自己的場上沒有了「太晶」寶可夢時，將備戰區的寶可夢丟棄直到變為5隻為止。若雙方都要丟棄，則這張卡的持有人先丟棄。）","自分の場に「テラスタル」のポケモンがいるプレイヤーが、ベンチに出せるポケモンの数は8匹になる。（このカードがトラッシュされたときか、自分の場に「テラスタル」のポケモンがいなくなったとき、ベンチが5匹になるまでトラッシュする。おたがいにトラッシュするなら、このカードの持ち主から行う。）","Each player who has any Tera Pokémon in play can have up to 8 Pokémon on their Bench.  If a player no longer has any Tera Pokémon in play, that player discards Pokémon from their Bench until they have 5. When this card leaves play, both players discard Pokémon from their Bench until they have 5, and the player who played this card discards first."
"cmo1u80qn2c8d5ueeb6zzu4a4","招式學習器 ‌衰退","TOOL","G","附有這張卡的寶可夢，可使用這張卡上寫的招式。[需要有足夠使用招式的能量。] 將附於寶可夢身上的這張卡，在自己的回合結束時丟棄。","相手の進化しているポケモン全員の上から、それぞれ「進化カード」を1枚ずつはがして退化させる。はがしたカードは、相手の手札にもどす。",""
"cmo1u6pv703q25ueehf3gkivq","N的ＰＰ提升劑","ITEM","I","從自己的棄牌區選擇1張基本能量卡，附於備戰區的「N的寶可夢」身上。","自分のトラッシュから基本エネルギーを1枚選び、ベンチの「Nのポケモン」につける。","Attach a Basic Energy card from your discard pile to 1 of your Benched N’s Pokémon."
"cmo1u6yfb0ik65ueeg5fcu8ew","菊子","SUPPORTER","E","選擇最多3個自己的戰鬥寶可夢身上放置的傷害指示物，改放於對手的戰鬥寶可夢身上。","自分のバトルポケモンにのっているダメカンを3個まで選び、相手のバトルポケモンにのせ替える。",""
"cmo1u6o1u00n35ueen3uaeqoq","粉碎之錘","ITEM","J","擲1次硬幣若為正面，則選擇1個對手的場上寶可夢身上附加的能量，將其丟棄。","コインを1回投げオモテなら、相手の場のポケモンについているエネルギーを1個選び、トラッシュする。","Flip a coin. If heads, discard an Energy from 1 of your opponent’s Pokémon."
"cmo1u6p5w02ij5ueef701kx73","戰鬥鑼","ITEM","I","從自己的牌庫選擇1張【鬥】屬性的【基礎】寶可夢卡或者「基本【鬥】能量」卡，在給對手看過後加入手牌。並且重洗牌庫。","自分の山札からタイプのたねポケモンまたは「基本エネルギー」を1枚選び、相手に見せて、手札に加える。そして山札を切る。","Search your deck for a Basic {F} Energy card or a Basic {F} Pokémon, reveal it, and put it into your hand. Then, shuffle your deck."
"cmo1u6o2800nn5ueewhqoq0wy","寶可夢交替","ITEM","I","將自己的戰鬥寶可夢與備戰寶可夢互換。","自分のバトルポケモンをベンチポケモンと入れ替える。",""
"cmo1u8k3q39xj5uees3zrjcqa","萬靈藥","ITEM","D","將自己的戰鬥寶可夢的特殊狀態全部恢復。","",""
"cmo1u6ykq0itk5ueetdhhmuoa","全罩防守","TOOL","E","寶可夢道具卡，附於自己的寶可夢使用。1隻寶可夢只可附上1張寶可夢道具卡，並且保持附加狀態。","ポケモンのどうぐは、自分のポケモンにつけて使う。ポケモン1匹につき1枚だけつけられ、つけたままにする。",""
"cmo1u6ykv0its5uee1knnet7c","結晶洞窟","STADIUM","E","雙方玩家在每個自己的回合時，可使用1次，可將自己的所有【鋼】寶可夢與【龍】寶可夢各恢復「30」HP。","おたがいのプレイヤーは、自分の番ごとに1回、自分のポケモンとポケモン全員のHPを、それぞれ「30」回復してよい。",""
"cmo1u6re006dj5uee3q516zs9","真菰","SUPPORTER","I","將自己的所有寶可夢各恢復「40」HP。","自分のポケモン全員のHPを、それぞれ「40」回復する。","Heal 40 damage from each of your Pokémon."
"cmo1u6p5y02in5uee2irtnhia","鐵之防禦強化","ITEM","I","在下個對手的回合，自己的所有【鋼】寶可夢，受到對手的寶可夢招式的傷害「-30」點。（包含新上場的寶可夢。）","次の相手の番、自分のポケモン全員が、相手のポケモンから受けるワザのダメージは「-30」される。（新しく場に出したポケモンもふくむ。）","During your opponent’s next turn, all of your {M} Pokémon take 30 less damage from attacks from your opponent’s Pokémon (after applying Weakness and Resistance). (This includes new Pokémon that come into play.)"
"cmo1u6yks0ito5ueefkv7ugql","女學生","SUPPORTER","E","從自己的牌庫抽出2張卡。若對手剩餘獎賞卡的張數為6張・4張・2張，則再抽出2張卡。","自分の山札を2枚引く。相手のサイドの残り枚数が6枚・4枚・2枚なら、さらに2枚引く。",""
"cmo1u6r97065a5ueeebu7sth4","悠哉尾草棒","ITEM","H","這張卡只可在後攻玩家的最初回合使用。  選擇1個對手的場上寶可夢身上附加的能量，放回對手的手牌。","このカードは、後攻プレイヤーの最初の番しか使えない。相手の場のポケモンについているエネルギーを1個選び、相手の手札にもどす。",""
"cmo1u6ozl027p5uee9yirodaf","夜間擔架","ITEM","H","從自己的棄牌區選擇1張寶可夢卡或者基本能量卡，在給對手看過後加入手牌。","自分のトラッシュからポケモンまたは基本エネルギーを1枚選び、相手に見せて、手札に加える。","Put a Pokémon or a Basic Energy card from your discard pile into your hand."
"cmp2xvkih00a07ctore7sfwhk","火箭隊的催眠裝置","TOOL","I","附有這張卡的「火箭隊的寶可夢」在戰鬥場受到對手的寶可夢招式的傷害時，將使用招式的寶可夢【睡眠】。","","If the Team Rocket’s Pokémon this card is attached to is in the Active Spot and is damaged by an attack from your opponent’s Pokémon (even if this Team Rocket’s Pokémon is Knocked Out), the Attacking Pokémon is now Asleep."
"cmo1u6pvb03qa5ueeo3raj1fd","玻璃喇叭","ITEM","H","這張卡只有在自己的場上有「太晶」寶可夢時才可使用。    選擇最多2隻自己的備戰區的【無】寶可夢，從棄牌區附給那些寶可夢各1張基本能量卡。","このカードは、自分の場に「テラスタル」のポケモンがいるときにしか使えない。自分のベンチのポケモンを2匹まで選び、トラッシュから基本エネルギーを1枚ずつつける。","You can use this card only if you have any Tera Pokémon in play.  Choose up to 2 of your Benched {C} Pokémon and attach a Basic Energy card from your discard pile to each of them."
"cmo1u6q0c03z05ueeznsbp5r3","烏栗","SUPPORTER","H","這張卡從2種效果中選擇1種使用。     ◆將自己的戰鬥寶可夢與備戰寶可夢互換。     ◆在這個回合，自己的寶可夢使用的招式，對對手的戰鬥場的「寶可夢【ex】・【V】」造成的傷害「+30」點。","このカードは、2つの効果から1つを選んで使う。◆自分のバトルポケモンをベンチポケモンと入れ替える。◆この番、自分のポケモンが使うワザの、相手のバトル場の「ポケモンex・V」へのダメージは「+30」される。","Choose 1:    • Switch your Active Pokémon with 1 of your Benched Pokémon.  • During this turn, attacks used by your Pokémon do 30 more damage to your opponent’s Active Pokémon {ex} and Active Pokémon {V} (before applying Weakness and Resistance)."
"cmo1u6o2500nj5ueems58xdht","厲害釣竿","ITEM","G","從自己的棄牌區選擇寶可夢卡與基本能量卡合計最多3張，在給對手看過後放回牌庫並重洗。","自分のトラッシュからポケモンと基本エネルギーを合計3枚選び、相手に見せてから、山札にもどす。そして山札を切る。",""
"cmo1u6wxm0g0y5ueeb7xhkz8a","宮門競技場","STADIUM","D","雙方玩家在自己的回合，每次從手牌使出「寶可夢【VMAX】」完成「寶可夢【V】」的進化時，將那隻寶可夢恢復「100」HP。","おたがいのプレイヤーが、自分の番に、手札から「ポケモンVMAX」を出して「ポケモンV」を進化させるたび、そのポケモンのHPを「100」回復する。",""
"cmo1u6pzy03yc5ueemltk1nhg","硬硬束帶","TOOL","G","附有這張卡的【1階進化】寶可夢，受到對手的寶可夢招式的傷害「-30」點。","このカードをつけている1進化ポケモンが、相手のポケモンから受けるワザのダメージは「-30」される。",""
"cmo1u7eg01a4w5uees3vp21rs","高級球","ITEM","I","這張卡必須將自己的1張手牌丟棄才可使用。     從自己的牌庫選擇最多2張「未來」寶可夢卡，在給對手看過後加入手牌。並且重洗牌庫。","このカードは、自分の手札を1枚トラッシュしなければ使えない。自分の山札から「未来」のポケモンを2枚まで選び、相手に見せて、手札に加える。そして山札を切る。","You can use this card only if you discard 2 other cards from your hand.  Search your deck for a Pokémon, reveal it, and put it into your hand. Then, shuffle your deck."
"cmo1u6rbt069r5ueetpdcqrl3","奢華炸彈","TOOL","H","附有這張卡的寶可夢在戰鬥場受到對手的寶可夢招式的傷害時，在使用招式的寶可夢身上放置12個傷害指示物。然後，將這張卡丟棄。","このカードをつけているポケモンが、バトル場で相手のポケモンからワザのダメージを受けたとき、ワザを使ったポケモンにダメカンを12個のせる。その後、このカードをトラッシュする。","If the Pokémon this card is attached to is in the Active Spot and is damaged by an attack from your opponent’s Pokémon (even if this Pokémon is Knocked Out), put 12 damage counters on the Attacking Pokémon. If you placed any damage counters in this way, discard this card."
"cmo1u6rbf06935ueeuukg0okx","力之沙漏","TOOL","H","在自己的回合結束時，若附有這張卡的寶可夢在戰鬥場上，則可從自己的棄牌區選擇1張基本能量卡，附於那隻寶可夢身上。","自分の番の終わりに、このカードをつけているポケモンがバトル場にいるなら、自分のトラッシュから基本エネルギーを1枚選び、そのポケモンにつけてよい。","If the Pokémon this card is attached to is in the Active Spot and is damaged by an attack from your opponent’s Pokémon (even if this Pokémon is Knocked Out), move an Energy from the Attacking Pokémon to 1 of your opponent’s Benched Pokémon."
"cmo1u6reg06ec5ueexivlmr9c","阿蜜的目光","SUPPORTER","H","在下個對手的回合，自己的所有寶可夢受到對手的寶可夢招式的傷害「-30」點。（包含新上場的寶可夢。）","次の相手の番、自分のポケモン全員が、相手のポケモンから受けるワザのダメージは「-30」される。（新しく場に出したポケモンもふくむ。）","During your opponent’s next turn, all of your Pokémon take 30 less damage from attacks from your opponent’s Pokémon (after applying Weakness and Resistance). (This includes new Pokémon that come into play.)"
"cmo1u6q0703ys5ueejtlz158r","派帕","SUPPORTER","G","從自己的牌庫選擇「物品」卡與「寶可夢道具」卡各1張，在給對手看過後加入手牌。並且重洗牌庫。","自分の山札から「グッズ」と「ポケモンのどうぐ」を1枚ずつ選び、相手に見せて、手札に加える。そして山札を切る。","Search your deck for an Item card and a Pokémon Tool card, reveal them, and put them into your hand. Then, shuffle your deck."
"cmo1u6wdt0f2g5ueehf6o0qto","奇異罐頭","ITEM","D","選擇自己的1隻寶可夢，恢復「80」HP。然後，選擇1個那隻寶可夢身上附加的【超】能量，將其丟棄。（無法對身上沒有附加【超】能量的寶可夢使用。）","自分のポケモンを1匹選び、HPを「80」回復する。その後、そのポケモンについている超エネルギーを1個選び、トラッシュする。（超エネルギーがついていないポケモンには使えない。）",""
"cmo1u8ji939055ueecp53wu4o","凸凸頭盔","TOOL","G","寶可夢道具卡，附於自己的寶可夢使用。1隻寶可夢只可附上1張寶可夢道具卡，並且保持附加狀態。","",""
"cmo1u8jim390t5uee6rgiqv7v","滾滾濃煙","TOOL","D","寶可夢道具卡，附於自己的寶可夢使用。1隻寶可夢只可附上1張寶可夢道具卡，並且保持附加狀態。","",""
"cmo1u79ug127h5uee4ukkdrv5","泰姆","SUPPORTER","H","從自己的手牌選擇1張寶可夢卡，向對手宣言那隻寶可夢的名稱後，翻到反面放置。對手回答那隻寶可夢的HP。將翻到反面的寶可夢卡翻到正面，若正確，則對手從牌庫抽出4張卡。若不正確，則自己從牌庫抽出4張卡。然後，將放置的卡放回自己的手牌。","自分の手札からポケモンを1枚選び、そのポケモンの名前を相手に伝えてから、ウラにして置く。相手はそのポケモンのHPを答える。ウラにしたポケモンをオモテにして、正解なら、相手は山札を4枚引く。不正解なら、自分は山札を4枚引く。その後、置いたカードを自分の手札にもどす。","Tell your opponent the name of a Pokémon in your hand and put that Pokémon face down in front of you. Your opponent guesses that Pokémon’s HP, and then you reveal it. If your opponent guessed right, they draw 4 cards. If they guessed wrong, you draw 4 cards. Then, return the Pokémon to your hand."
"cmo1u6o1o00mu5uee8qgxafcp","傷藥","ITEM","J","選擇自己的1隻寶可夢，恢復「30」HP。","自分のポケモンを1匹選び、HPを「30」回復する。","Heal 20 damage and remove a Special Condition from your Active Pokémon."
"cmo1u6pwu03sz5ueeqdw93g4m","阿響的冒險","SUPPORTER","I","從自己的牌庫選擇「阿響的寶可夢」與「基本【火】能量」卡合計最多3張，在給對手看過後加入手牌。並且重洗牌庫。","自分の山札から「ヒビキのポケモン」と「基本エネルギー」を合計3枚まで選び、相手に見せて、手札に加える。そして山札を切る。","Search your deck for up to 3 in any combination of Ethan’s Pokémon and Basic {R} Energy cards, reveal them, and put them into your hand. Then, shuffle your deck."
"cmo1u6rcr06bf5ueej70egv7g","庫瑟洛斯奇的企圖","SUPPORTER","H","對手將對手自己的手牌丟棄直到變為3張為止。","相手は相手自身の手札を、3枚になるようにトラッシュする。","Your opponent discards cards from their hand until they have 3 cards in their hand."
"cmo1u6rdj06cr5ueendfosq4x","紫竽","SUPPORTER","H","將自己的手牌全部放回牌庫並重洗。然後，從牌庫抽出4張卡。若對手剩餘獎賞卡的張數為3張以下，則改爲抽出8張卡。","自分の手札をすべて山札にもどして切る。その後、山札を4枚引く。相手のサイドの残り枚数が3枚以下なら、引く枚数は8枚になる。",""
"cmo1u7eac19v25ueer5ir2ut9","奧琳博士的氣魄","SUPPORTER","G","選擇最多2隻自己的「古代」寶可夢，從棄牌區附給那些寶可夢各1張基本能量卡。然後，從自己的牌庫抽出3張卡。","自分の「古代」のポケモンを2匹まで選び、トラッシュから基本エネルギーを1枚ずつつける。その後、自分の山札を3枚引く。",""
"cmo1u6p6102ir5uee3vs6pcyl","力量蛋白飲","ITEM","I","在這個回合，自己的【鬥】寶可夢使用的招式，對對手的戰鬥寶可夢造成的傷害「+30」點。","この番、自分のポケモンが使うワザの、相手のバトルポケモンへのダメージは「+30」される。","During this turn, attacks used by your {F} Pokémon do 30 more damage to your opponent’s Active Pokémon (before applying Weakness and Resistance)."
"cmo1u8k4s39zf5ueegi0nu110","瑪俐","SUPPORTER","D","雙方玩家各將自己的手牌全部翻回反面並重洗，放回牌庫下方。然後，從牌庫抽卡，自己抽出5張，對手抽出4張。","",""
"cmo1u8jit39155ueex0bfbbi8","聶梓","SUPPORTER","D","從自己的牌庫選擇【惡】寶可夢卡與能量卡各1張，在給對手看過後加入手牌。並且重洗牌庫。","",""
"cmo1u6yf80ik25ueeotpq70i3","除草手套","TOOL","E","附有這張卡的寶可夢使用的招式，對對手的戰鬥場的【草】寶可夢造成的傷害「+30」點。","ポケモンのどうぐは、自分のポケモンにつけて使う。ポケモン1匹につき1枚だけつけられ、つけたままにする。",""
"cmo1u6yxm0jf45ueenn48ramw","伯特與天桐與寇恩","SUPPORTER","E","從自己的牌庫選擇最多3張「匯流」寶可夢卡，在給對手看過後加入手牌。並且重洗牌庫。","自分の山札から「フュージョン」のポケモンを3枚まで選び、相手に見せて、手札に加える。そして山札を切る。",""
"cmo1u8jif390h5ueexymz2pug","哞哞乳酪","ITEM","D","選擇最多2隻自己的身上附有能量的寶可夢，各恢復「30」HP。","",""
"cmo1u6wxh0g0q5ueejz4vbjhb","聯盟職員","SUPPORTER","D","從自己的牌庫抽出2張卡。若場上有「宮門競技場」，則再抽出2張卡。","©Pokémon. ©Nintendo/Creatures Inc./GAME FREAK inc.ポケットモンスター・ポケモン・Pokémonは任天堂・クリーチャーズ・ゲームフリークの登録商標です。このホームページに掲載された画像その他の内容の無断転載はお断りします。",""
"cmo1u8jsk39gc5ueeciz629p1","渦輪修正檔","ITEM","D","擲1次硬幣若為正面，則從自己的棄牌區選擇1張基本能量卡，附於自己的【基礎】寶可夢（「寶可夢【GX】」 除外）身上。","",""
"cmo1u6xnl0h9m5ueetv1rkq6c","渡魂燈籠","ITEM","E","從自己的棄牌區選擇1張「一擊」支援者卡，在給對手看過後加入手牌。","©Pokémon. ©Nintendo/Creatures Inc./GAME FREAK inc.ポケットモンスター・ポケモン・Pokémonは任天堂・クリーチャーズ・ゲームフリークの登録商標です。このホームページに掲載された画像その他の内容の無断転載はお断りします。",""
"cmo1u6y4l0i1j5ueehkjiqsqe","香氛姐姐","SUPPORTER","E","從自己的牌庫抽出2張卡。然後，將自己的戰鬥寶可夢的特殊狀態全部恢復。","自分の山札を2枚引く。その後、自分のバトルポケモンの特殊状態をすべて回復する。",""
"cmo1u79nb11v75ueeegtalk18","吉尼亞","SUPPORTER","G","從自己的牌庫選擇最多2張進化寶可夢卡，在給對手看過後加入手牌。並且重洗牌庫。","自分の山札から進化ポケモンを2枚まで選び、相手に見せて、手札に加える。そして山札を切る。","Search your deck for up to 2 Evolution Pokémon, reveal them, and put them into your hand. Then, shuffle your deck."
"cmo1u6yps0j2d5ueezwvot86y","男學生","SUPPORTER","E","從自己的牌庫抽出2張卡。若對手剩餘獎賞卡的張數為5張・3張・1張，則再抽出2張卡。","自分の山札を2枚引く。相手のサイドの残り枚数が5枚・3枚・1枚なら、さらに2枚引く。",""
"cmo1u8jsi39g85ueebtdrbtfu","相仿鈴鐺","ITEM","D","從自己的牌庫選擇1張與自己的棄牌區的寶可夢名稱相同的寶可夢卡，在給對手看過後加入手牌。並且重洗牌庫。","",""
"cmo1u6pip034j5ueeisjbx7fb","超大冰淇淋","ITEM","I","將自己的身上附有3個以上能量的戰鬥寶可夢恢復「80」HP。","エネルギーが3個以上ついている自分のバトルポケモンのHPを「80」回復する。","Heal 80 damage from your Active Pokémon that has 3 or more Energy attached."
"cmo1u6oyf025o5uee3sydmgsu","莉莉艾的決意","SUPPORTER","I","將自己的手牌全部放回牌庫並重洗。然後，從牌庫抽出6張卡。若自己剩餘獎賞卡的張數為6張，則改為抽出8張卡。","自分の手札をすべて山札にもどして切る。その後、山札を6枚引く。自分のサイドの残り枚数が6枚なら、引く枚数は8枚になる。","Shuffle your hand into your deck. Then, draw 6 cards. If you have exactly 6 Prize cards remaining, draw 8 cards instead."
"cmo1u6y9m0iac5ueemcvty49s","一擊的卷軸 貫通之卷","TOOL","E","附有這張卡的「一擊」寶可夢，可使用這張卡上寫的招式。[需要有足夠使用招式的能量。]火●●　槍彈突破　120這個招式的傷害不計算弱點・抵抗力、對手的戰鬥寶可夢身上的附加效果。","このワザのダメージは、弱点・抵抗力と、相手のバトルポケモンにかかっている効果を計算しない。",""
"cmo1u8jsr39go5ueeawm8ti96","破舊電腦","ITEM","D","擲2次硬幣，若全部為正面，則從自己的棄牌區任意選擇1張卡，在給對手看過後加入手牌。","",""
"cmo1u6o2k00o75ueefac4oipx","精靈球","ITEM","G","擲1次硬幣若為正面，則從自己的牌庫選擇1張寶可夢卡，在給對手看過後加入手牌。並且重洗牌庫。","コインを1回投げオモテなら、自分の山札からポケモンを1枚選び、相手に見せてから、手札に加える。そして山札を切る。",""
"cmo1u6oyk025w5uee50hu8qsz","反擊增幅器","TOOL","H","若自己剩餘獎賞卡的張數比對手剩餘獎賞卡的張數多，則附有這張卡的寶可夢使用招式所需的能量，減少1個【無】能量。","自分のサイドの残り枚数が、相手のサイドの残り枚数より多いなら、このカードをつけているポケモンがワザを使うためのエネルギーは、エネルギー1個ぶん少なくなる。","If you have more Prize cards remaining than your opponent, attacks used by the Pokémon this card is attached to cost {C} less."
"cmo1u7oz11s1f5ueeavgx2yvi","密阿雷格雷派餅","ITEM","J","將自己的戰鬥寶可夢恢復「20」HP，特殊狀態也恢復1個。","自分のバトルポケモンのHPを「20」回復し、特殊状態も1つ回復する。",""
"cmo1u8k3h39x35ueewwck3hdw","先機球","ITEM","D","這張卡必須將自己的1張手牌丟棄才可使用。 從自己的牌庫選擇1張【基礎】寶可夢卡，在給對手看過後加入手牌。並且重洗牌庫。","",""
"cmo1u8jt339h85uee2vzatdff","歐尼奧","SUPPORTER","D","從自己的牌庫抽出3張卡。然後，選擇最多3張自己的手牌，將其丟棄。（一定要丟棄1張。）","",""
"cmo1u8k4839yf5ueep28ersrv","寶可夢小朋友","SUPPORTER","D","從自己的牌庫選擇1張寶可夢卡，在給對手看過後加入手牌。並且重洗牌庫。","",""
"cmo1u8kbp3ab15ueeep04wlzi","金屬碟","ITEM","D","從自己的棄牌區選擇1張【鋼】能量卡，附於備戰區的【鋼】寶可夢身上。","",""
"cmo1u6o2c00nv5ueesm6muz1v","寶可夢捕捉器","ITEM","G","擲1次硬幣若為正面，則選擇對手的1隻備戰寶可夢，與戰鬥寶可夢互換。","コインを1回投げオモテなら、相手のベンチポケモンを1匹選び、バトルポケモンと入れ替える。",""
"cmo1u7eg91a5c5uee57whrt0h","瓢太","SUPPORTER","G","從自己的牌庫抽出2張卡。從自己的棄牌區選擇1張基本能量卡，在給對手看過後加入手牌。","自分の山札を2枚引く。自分のトラッシュから基本エネルギーを1枚選び、相手に見せて、手札に加える。",""
"cmo1u6wxj0g0u5uee69ok0dix","戰競溫泉","STADIUM","D","雙方的【基礎】寶可夢，受到對手的寶可夢招式的傷害「-20」點。","おたがいのたねポケモンが、相手のポケモンから受けるワザのダメージは「-20」される。",""
"cmo1u6xze0hsp5ueecbygcl9j","道具妨礙器","TOOL","E","寶可夢道具卡，附於自己的寶可夢使用。1隻寶可夢只可附上1張寶可夢道具卡，並且保持附加狀態。","ポケモンのどうぐは、自分のポケモンにつけて使う。ポケモン1匹につき1枚だけつけられ、つけたままにする。",""
"cmo1u6rc206a75uee5bnd8fhg","青木的手法","SUPPORTER","H","將自己的手牌全部丟棄，從自己的牌庫選擇「寶可夢」卡「支援者」卡「基本能量」卡各1張，在給對手看過後加入手牌。並且重洗牌庫。","自分の手札をすべてトラッシュし、自分の山札から「ポケモン」「サポート」「基本エネルギー」を1枚ずつ選び、相手に見せて、手札に加える。そして山札を切る。","Discard your hand and search your deck for a Pokémon, a Supporter card, and a Basic Energy card, reveal them, and put them into your hand. Then, shuffle your deck."
"cmo1u6y4r0i1v5uee5idx6zuw","時尚廣場","STADIUM","E","雙方玩家在每個自己的回合時，可使用1次，可選擇1張自己的場上寶可夢身上附加的「寶可夢道具」，放回手牌。","おたがいのプレイヤーは、自分の番ごとに1回、自分の場のポケモンについている「ポケモンのどうぐ」を1枚選び、手札にもどしてよい。",""
"cmo1u6xyv0hrt5ueeo3zmzv7y","連擊的卷軸 旋渦之卷","TOOL","E","寶可夢道具卡，附於自己的寶可夢使用。1隻寶可夢只可附上1張寶可夢道具卡，並且保持附加狀態。","相手のポケモン全員に、それぞれ30ダメージ。［ベンチは弱点・抵抗力を計算しない。］",""
"cmo1u6y440i0r5ueep0vtwi20","夢境球","ITEM","E","從自己的反面朝上的獎賞卡中獲得這張卡時，這張卡在加入手牌前使用。  從自己的牌庫選擇1張寶可夢卡，放置於備戰區。並且重洗牌庫。","このカードは、ウラになっている自分のサイドからこのカードをとったとき、手札に加える前に使う。自分の山札からポケモンを1枚選び、ベンチに出す。そして山札を切る。",""
"cmo1u6y4i0i1f5uee3272fm32","蝴蝶結徽章","TOOL","E","寶可夢道具卡，附於自己的寶可夢使用。1隻寶可夢只可附上1張寶可夢道具卡，並且保持附加狀態。","ポケモンのどうぐは、自分のポケモンにつけて使う。ポケモン1匹につき1枚だけつけられ、つけたままにする。",""
"cmo1u8kls3as05uee55vfacl5","露營組合","ITEM","E","若使用了這張卡，則自己的回合結束。 從自己的牌庫任意選擇1張卡加入手牌。並且重洗牌庫。","",""
"cmo1u8kc03abl5ueez6grcj0a","燃燒圍巾","TOOL","D","寶可夢道具卡，附於自己的寶可夢使用。1隻寶可夢只可附上1張寶可夢道具卡，並且保持附加狀態。","",""
"cmo1u8jik390p5ueeyd26udkh","大姐姐","SUPPORTER","D","這張卡可在先攻玩家的最初回合使用。從自己的牌庫抽出2張卡。","",""
"cmo1u6xz80hsh5uee5mrjdn6q","可爾妮的氣勢","SUPPORTER","E","從牌庫抽卡直到自己的手牌滿6張為止。","©Pokémon. ©Nintendo/Creatures Inc./GAME FREAK inc.ポケットモンスター・ポケモン・Pokémonは任天堂・クリーチャーズ・ゲームフリークの登録商標です。このホームページに掲載された画像その他の内容の無断転載はお断りします。",""
"cmo1u8k4q39zb5ueeb9p9i5a4","赫普","SUPPORTER","D","從自己的牌庫抽出3張卡。","©Pokémon. ©Nintendo/Creatures Inc./GAME FREAK inc.ポケットモンスター・ポケモン・Pokémonは任天堂・クリーチャーズ・ゲームフリークの登録商標です。このホームページに掲載された画像その他の内容の無断転載はお断りします。",""
"cmo1u7f811bh45uee0rzj3383","祭典會場","STADIUM","H","雙方的所有身上附有能量卡的寶可夢不會陷入特殊狀態，並將受到的特殊狀態全部恢復。","エネルギーがついているおたがいのポケモン全員は、特殊状態にならず、受けている特殊状態は、すべて回復する。","Each Pokémon that has any Energy attached (both yours and your opponent’s) recovers from all Special Conditions and can’t be affected by any Special Conditions."
"cmo1u6oio01f05uee7ut03xgl","離洞繩","ITEM","E","雙方玩家將自己的戰鬥寶可夢與備戰寶可夢互換。（由對手先進行互換。沒有備戰寶可夢的玩家不用進行互換。）","おたがいのプレイヤーは、それぞれ、自分のバトルポケモンをベンチポケモンと入れ替える。（入れ替えは相手から行う。ベンチがいないプレイヤーは入れ替えをしない。）",""
"cmo1u7fee1bru5ueed8xzlukq","夜間學院","STADIUM","H","雙方玩家在每個自己的回合時，可使用1次，可選擇1張自己的手牌，放回牌庫上方。","おたがいのプレイヤーは、自分の番ごとに1回、自分の手札を1枚選び、山札の上にもどしてよい。","Once during each player’s turn, that player may put a card from their hand on top of their deck."
"cmo1u7bt215l75ueewzopvuh4","阿楓","SUPPORTER","G","若使用了這張卡，則自己的回合結束。  將自己的手牌全部放回牌庫並重洗。然後，從牌庫抽出8張卡。","このカードを使ったら、自分の番は終わる。自分の手札をすべて山札にもどして切る。その後、山札を8枚引く。",""
"cmo1u7c6q166q5ueeucdf3gaj","陳舊的貝殼化石","ITEM","G","這張卡可作為HP60的【無】屬性的【基礎】寶可夢放置於場上。這張卡不會陷入特殊狀態，無法撤退。 若在自己的回合中，則可將場上的這張卡丟棄。  [特性]貝殼潮漩 只要這隻寶可夢在戰鬥場上，對手無法從手牌使出競技場卡。 | 在自己的回合時，物品卡可不限張數使用。","このポケモンがバトル場にいるかぎり、相手は手札からスタジアムを出せない。",""
"cmo1u8kwy3bb05ueepaghcbsm","學習裝置","TOOL","G","每次當自己的戰鬥寶可夢受到對手的寶可夢招式的傷害而【昏厥】時，可選擇1張那隻寶可夢身上附加的基本能量卡，改附於附有這張卡的寶可夢身上。","",""
"cmo1u7eae19v65ueevxb5522z","梅洛可","SUPPORTER","G","這張卡必須在上個對手的回合自己的寶可夢【昏厥】了才可使用。   從自己的棄牌區選擇1張「基本【火】能量」卡，附於自己的寶可夢身上。然後，從牌庫抽卡直到自己的手牌滿6張為止。","このカードは、前の相手の番に、自分のポケモンがきぜつしていなければ使えない。自分のトラッシュから「基本エネルギー」を1枚選び、自分のポケモンにつける。その後、自分の手札が6枚になるように、山札を引く。",""
"cmo1u6y4n0i1n5uee532zfpkv","瑪瓜","SUPPORTER","E","查看自己的牌庫上方7張卡。從其中選擇任意數量的能量卡，在給對手看過後加入手牌。將剩餘卡放回牌庫並重洗。","©Pokémon. ©Nintendo/Creatures Inc./GAME FREAK inc.ポケットモンスター・ポケモン・Pokémonは任天堂・クリーチャーズ・ゲームフリークの登録商標です。このホームページに掲載された画像その他の内容の無断転載はお断りします。",""
"cmo1u8ifj37715ueefnuew0d8","潮漩之扇","ITEM","D","選擇1個對手的場上寶可夢身上附加的特殊能量，放回對手的牌庫下方。","",""
"cmo1u8iok37mk5ueeggu3nful","粗硬頭盔","TOOL","E","寶可夢道具卡，附於自己的寶可夢使用。1隻寶可夢只可附上1張寶可夢道具卡，並且保持附加狀態。","",""
"cmo1u6r9z066m5ueejb4dttm3","寶可齒輪3.0","ITEM","G","查看自己的牌庫上方7張卡，從其中選擇1張支援者卡，在給對手看過後加入手牌。將剩餘卡放回牌庫並重洗。","©Pokémon. ©Nintendo/Creatures Inc./GAME FREAK inc.ポケットモンスター・ポケモン・Pokémonは任天堂・クリーチャーズ・ゲームフリークの登録商標です。このホームページに掲載された画像その他の内容の無断転載はお断りします。","Look at the top 7 cards of your deck. You may reveal a Supporter card you find there and put it into your hand. Shuffle the other cards back into your deck."
"cmo1u8kc93ac15ueepcpsc550","草路競技場","STADIUM","D","雙方玩家在每個自己的回合時，可使用1次，可從自己的牌庫選擇1張【草】屬性的進化寶可夢卡，在給對手看過後加入手牌。並且重洗牌庫。","",""
"cmo1u79pw11zj5ueeyvjeng99","月光丘陵","STADIUM","G","雙方玩家在每個自己的回合時，可使用1次，若從自己的手牌將1張「基本【超】能量」卡丟棄，則可將自己的所有寶可夢各恢復「30」HP。","おたがいのプレイヤーは、自分の番ごとに1回、自分の手札から「基本エネルギー」を1枚トラッシュするなら、自分のポケモン全員のHPを、それぞれ「30」回復してよい。",""
"cmo1u8kyv3bec5ueewg95oqlz","訓練場地","STADIUM","D","雙方玩家在每個自己的回合時，可使用1次，可從自己的棄牌區選擇1張基本能量卡，在給對手看過後加入手牌。","",""
"cmo1u6pxk03u75uee0216fa4k","釀光市","STADIUM","I","雙方玩家在每個自己的回合時，可使用1次，可從自己的棄牌區選擇最多2張「基本【雷】能量」卡，在給對手看過後加入手牌。","おたがいのプレイヤーは、自分の番ごとに1回、自分のトラッシュから「基本エネルギー」を2枚まで選び、相手に見せて、手札に加えてよい。","Once during each player’s turn, that player may put up to 2 Basic {L} Energy cards from their discard pile into their hand."
"cmo1u7fe51bre5uee5y10o2x8","阿克羅瑪的執著","SUPPORTER","H","從自己的牌庫選擇競技場卡與能量卡各1張，在給對手看過後加入手牌。並且重洗牌庫。","自分の山札からスタジアムとエネルギーを1枚ずつ選び、相手に見せて、手札に加える。そして山札を切る。","Search your deck for a Stadium card and an Energy card, reveal them, and put them into your hand. Then, shuffle your deck."
"cmo1u8kbw3abd5ueeoxlbkcnc","大護符","TOOL","D","寶可夢道具卡，附於自己的寶可夢使用。1隻寶可夢只可附上1張寶可夢道具卡，並且保持附加狀態。","",""
"cmo1u6tcl09rp5ueeisu9a6lp","芽米","SUPPORTER","E","將自己的所有進化寶可夢的HP全部恢復。然後，將恢復的寶可夢身上附加的能量全部丟棄。","自分の進化ポケモン全員のHPを、すべて回復する。その後、回復したポケモンについているエネルギーを、すべてトラッシュする。",""
"cmo1u6q0j03zc5ueeg5p90rlw","博士的研究(木蘭博士)","SUPPORTER","G","將自己的手牌全部丟棄，從牌庫抽出7張卡。","©Pokémon. ©Nintendo/Creatures Inc./GAME FREAK inc.ポケットモンスター・ポケモン・Pokémonは任天堂・クリーチャーズ・ゲームフリークの登録商標です。このホームページに掲載された画像その他の内容の無断転載はお断りします。","Discard your hand and draw 7 cards."
"cmo1u6tds09tq5ueeg1j4p06y","露璃娜","SUPPORTER","D","從自己的棄牌區選擇【水】寶可夢卡與【水】能量卡合計最多4張，在給對手看過後加入手牌。","自分のトラッシュからポケモンとエネルギーを合計4枚まで選び、相手に見せて、手札に加える。",""
"cmo1u8eqz30v45uee38153z6o","勝利之證","ITEM","G","擲1次硬幣若為正面，則從自己的牌庫選擇1張寶可夢卡，在給對手看過後加入手牌。並且重洗牌庫。","",""
"cmo1u6rd106bv5ueeauj4qpef","西餐廚師","SUPPORTER","H","將自己的戰鬥寶可夢恢復「70」HP。","自分のバトルポケモンのHPを「70」回復する。","Heal 70 damage from your Active Pokémon."
"cmo1u6ywy0jdz5ueell9c8kiy","對戰VIP參加證","ITEM","E","這張卡只能在自己的最初回合使用。  從自己的牌庫選擇最多2張【基礎】寶可夢卡，放置於備戰區。並且重洗牌庫。","このカードは、最初の自分の番にしか使えない。自分の山札からたねポケモンを2枚まで選び、ベンチに出す。そして山札を切る。",""
"cmo1u6re706dw5ueeql7ebsrp","白蕾雅","SUPPORTER","H","這張卡只有在對手剩餘獎賞卡的張數為2張時才可使用。  在這個回合，若對手的戰鬥寶可夢因自己的「太晶」寶可夢使用的招式的傷害而【昏厥】了，則多獲得1張獎賞卡。","このカードは、相手のサイドの残り枚数が2枚のときにしか使えない。この番、自分の「テラスタル」のポケモンが使うワザのダメージで、相手のバトルポケモンがきぜつしたなら、サイドを1枚多くとる。","You can use this card only if your opponent has exactly 2 Prize cards remaining.  During this turn, if your opponent’s Active Pokémon is Knocked Out by damage from an attack used by your Tera Pokémon, take 1 more Prize card."
"cmo1u6pwa03rz5ueeul52ehos","竹蘭的力量負重","TOOL","I","附有這張卡的「竹蘭的寶可夢」的最大HP「+70」。","このカードをつけている「シロナのポケモン」の最大HPは「＋70」される。","The Cynthia’s Pokémon this card is attached to gets +70 HP."
"cmo1u7blt158o5uee75dnlxhl","岩石胸甲","TOOL","G","附有這張卡的【鬥】寶可夢，受到對手的寶可夢招式的傷害「-30」點。","このカードをつけているポケモンが、相手のポケモンから受けるワザのダメージは「-30」される。",""
"cmo1u7c72167a5ueesmlnmz9j","吃剩的東西","TOOL","G","在自己的回合結束時，若附有這張卡的寶可夢在戰鬥場上，則將那隻寶可夢恢復「20」HP。","自分の番の終わりに、このカードをつけているポケモンがバトル場にいるなら、そのポケモンのHPを「20」回復する。","At the end of your turn, if the Pokémon this card is attached to is in the Active Spot, heal 20 damage from it."
"cmo1u6rcn06b75ueey9da808b","N的謀劃","SUPPORTER","I","選擇最多2個自己的備戰寶可夢身上附加的能量，改附於戰鬥寶可夢身上。","自分のベンチポケモンについているエネルギーを2個まで選び、バトルポケモンにつけ替える。",""
"cmo1u6o3300p35uee7taeumkh","裁判","SUPPORTER","J","雙方玩家各自將手牌全部放回牌庫並重洗。然後，各自從牌庫抽出4張卡。","©Pokémon. ©Nintendo/Creatures Inc./GAME FREAK inc.ポケットモンスター・ポケモン・Pokémonは任天堂・クリーチャーズ・ゲームフリークの登録商標です。このホームページに掲載された画像その他の内容の無断転載はお断りします。","Each player shuffles their hand into their deck and draws 4 cards."
"cmo1u6pxb03tr5uee2zutj3nn","火箭隊的拉姆達","SUPPORTER","I","從自己的牌庫選擇1張訓練家卡，在給對手看過後加入手牌。並且重洗牌庫。","自分の山札からトレーナーズを1枚選び、相手に見せて、手札に加える。そして山札を切る。","Search your deck for a Trainer card, reveal it, and put it into your hand. Then, shuffle your deck."
"cmo1u7gh11dju5ueehr2x3f13","帕底亞的夥伴","SUPPORTER","H","從自己的牌庫抽出3張卡。","©Pokémon. ©Nintendo/Creatures Inc./GAME FREAK inc.ポケットモンスター・ポケモン・Pokémonは任天堂・クリーチャーズ・ゲームフリークの登録商標です。このホームページに掲載された画像その他の内容の無断転載はお断りします。","Shuffle your hand into your deck. Then, draw 4 cards. If your opponent has 3 or fewer Prize cards remaining, draw 8 cards instead."
"cmo1u6p0d02915uee4c3u4vbb","猛攻手鐲","TOOL","I","附有這張卡的寶可夢（「擁有規則的寶可夢」除外）使用的招式，對對手的戰鬥場的「寶可夢【ex】」造成的傷害「+30」點。","このカードをつけているポケモン（「ルールを持つポケモン」をのぞく）が使うワザの、相手のバトル場の「ポケモンex」へのダメージは「+30」される。","If the Pokémon this card is attached to doesn’t have a Rule Box, the attacks it uses do 30 more damage to your opponent’s Active Pokémon {ex} (before applying Weakness and Resistance). (Pokémon {ex}, Pokémon {V}, etc. have Rule Boxes.)"
"cmo1u6sr108qr5ueeonj1c661","朋友手冊","ITEM","G","從自己的棄牌區選擇最多2張支援者卡，在給對手看過後放回牌庫並重洗。","©Pokémon. ©Nintendo/Creatures Inc./GAME FREAK inc.ポケットモンスター・ポケモン・Pokémonは任天堂・クリーチャーズ・ゲームフリークの登録商標です。このホームページに掲載された画像その他の内容の無断転載はお断りします。",""
"cmo1u7ber14x25ueed07h94v3","克拉韋爾","SUPPORTER","G","從自己的牌庫選擇最多3張HP為「120」以下的【基礎】寶可夢卡，在給對手看過後加入手牌。並且重洗牌庫。","自分の山札から、HPが「120」以下のたねポケモンを3枚まで選び、相手に見せて、手札に加える。そして山札を切る。",""
"cmo1u8k4f39yr5uee9yyzpdng","‌寶可夢中心的姐姐","SUPPORTER","I","選擇自己的1隻寶可夢，將那隻寶可夢恢復「60」HP，特殊狀態也全部恢復。","","Heal 60 damage from 1 of your Pokémon, and it recovers from all Special Conditions."
"cmo1u6pd502ux5ueel5e40r02","好友寶芬","ITEM","H","從自己的牌庫選擇最多2張HP為「70」以下的【基礎】寶可夢卡，放置於備戰區。並且重洗牌庫。","自分の山札から、HPが「70」以下のたねポケモンを2枚まで選び、ベンチに出す。そして山札を切る。","Search your deck for up to 2 Basic Pokémon with 70 HP or less and put them onto your Bench. Then, shuffle your deck."
"cmo1u7aiz13dk5ueeyfs3pxdd","陳舊的背蓋化石","ITEM","H","這隻寶可夢不會受到對手的寶可夢使用招式的效果的影響。","このポケモンは、相手のポケモンが使うワザの効果を受けない。","Play this card as if it were a 60-HP Basic {C} Pokémon. This card can’t be affected by any Special Conditions and can’t retreat.  At any time during your turn, you may discard this card from play."
"cmo1u79rz12385ueeetxop4a0","不服輸頭帶","TOOL","G","若自己剩餘獎賞卡的張數比對手剩餘獎賞卡的張數多，則附有這張卡的寶可夢使用的招式，對對手的戰鬥寶可夢造成的傷害「+30」點。","自分のサイドの残り枚数が、相手のサイドの残り枚数より多いなら、このカードをつけているポケモンが使うワザの、相手のバトルポケモンへのダメージは「+30」される。",""
"cmo1u8ele30lj5ueezeowt6rr","電氣力量","ITEM","B","在這個回合，自己的【雷】寶可夢使用的招式，對對手的戰鬥寶可夢造成的傷害「+30」點。","",""
"cmo1u8en630on5ueev8aqnuyi","救援擔架","ITEM","A","從自己的棄牌區抽出1張寶可夢，在給對手看過後加入手牌。或者從自己的棄牌區抽出3張寶可夢，在給對手看過後放回牌庫並重洗。","",""
"cmo1u8en930or5ueeni3k2ig7","卡希麗","SUPPORTER","B","從自己的牌庫抽出2張。然後，擲1次硬幣若為正面，則這張「卡希麗」不會丟到棄牌區，而是放回手牌。","",""
"cmo1u6pz903x45ueefyhbquaa","巢穴球","ITEM","G","從自己的牌庫選擇1張【基礎】寶可夢卡，放置於備戰區。並且重洗牌庫。","自分の山札からたねポケモンを1枚選び、ベンチに出す。そして山札を切る。","Search your deck for a Basic Pokémon and put it onto your Bench. Then, shuffle your deck."
"cmo1u7co6171c5uee1y6ihiuy","災禍荒野","STADIUM","G","雙方的所有【基礎】寶可夢（【鬥】寶可夢除外）【撤退】所需的能量各增加1個。","おたがいのたねポケモン（ポケモンをのぞく）全員のにげるためのエネルギーは、それぞれ1個ぶん多くなる。","The Retreat Cost of each Basic non-{F} Pokémon in play (both yours and your opponent’s) is {C} more."
"cmo1u7emk1aga5uee53t2xxlt","倖存鍛鍊器","TOOL","H","附有這張卡的寶可夢的HP是全滿的狀態下，受到對手的寶可夢招式的傷害而【昏厥】時，那隻寶可夢不會【昏厥】，而是以剩餘HP為「10」的狀態留在場上。然後，將這張卡丟棄。","このカードをつけているポケモンのHPがまんたんの状態で、相手のポケモンからワザのダメージを受けてきぜつするとき、そのポケモンはきぜつせず、残りHPが「10」の状態で場に残る。その後、このカードをトラッシュする。",""
"cmo1u6ujz0bvb5ueestgcmobf","放逐吸塵器","ITEM","F","這張卡必須將自己的1張手牌放置於放逐區才可使用。      從雙方的場上寶可夢身上附加的「寶可夢道具」卡與場上的「競技場」卡中選擇1張，放置於放逐區。","このカードは、自分の手札を1枚、ロストゾーンに置かなければ使えない。おたがいの場のポケモンについている「ポケモンのどうぐ」と場に出ている「スタジアム」の中から1枚選び、ロストゾーンに置く。",""
"cmo1u6pz203ws5uee99rxk4bk","反擊捕捉器","ITEM","G","這張卡只有在自己剩餘獎賞卡的張數比對手剩餘獎賞卡的張數多時才可使用。   選擇1隻對手的備戰寶可夢，與戰鬥寶可夢互換。","このカードは、自分のサイドの残り枚数が、相手のサイドの残り枚数より多いときにしか使えない。相手のベンチポケモンを1匹選び、バトルポケモンと入れ替える。",""
"cmo1u6rdg06cn5ueeyuindeqq","水蓮的照顧","SUPPORTER","H","從自己的棄牌區選擇寶可夢卡（「擁有規則的寶可夢」除外）與基本能量卡合計最多3張，在給對手看過後加入手牌。","自分のトラッシュからポケモン（「ルールを持つポケモン」をのぞく）と基本エネルギーを合計3枚まで選び、相手に見せて、手札に加える。","Put up to 3 in any combination of Pokémon that don’t have a Rule Box and Basic Energy cards from your discard pile into your hand. (Pokémon {ex}, Pokémon {V}, etc. have Rule Boxes.)"
"cmo1u6o4r00rv5uee8f6u4vnp","寶可夢旋風回收機","ITEM","H","選擇1隻自己的場上寶可夢，將那隻寶可夢與附加的卡，全部放回手牌。","自分の場のポケモンを1匹選び、そのポケモンと、ついているすべてのカードを、手札にもどす。","Put 1 of your Pokémon and all attached cards into your hand."
"cmo1u6rdc06cf5ueedl7n2wt7","探險家的嚮導","SUPPORTER","H","查看自己的牌庫上方6張卡，從其中選擇2張卡加入手牌。將剩餘卡丟棄。","自分の山札を上から6枚見て、その中からカードを2枚選び、手札に加える。残りのカードはトラッシュする。","Look at the top 6 cards of your deck and put 2 of them into your hand. Discard the other cards."
"cmo1u79sm124c5ueej8qjgfwr","蕾荷","SUPPORTER","G","查看自己的牌庫上方5張卡，從其中選擇任意數量的卡，將其丟棄。將剩餘卡以任意順序排列，放回牌庫上方。","自分の山札を上から5枚見て、その中からカードを好きなだけ選び、トラッシュする。残りのカードは好きな順番に入れ替えて、山札の上にもどす。",""
"cmo1u8elz30mj5ueehqrhlhpr","寶可夢超級回收","ITEM","A","擲1次硬幣若為正面，則將自己的1隻寶可夢與所附加的所有卡放回手牌。","",""
"cmo1u8em830mz5ueetdedo23z","危險鑽頭","ITEM","B","這張卡只有在將自己的手牌抽出1張【惡】寶可夢丟到棄牌區才可使用。將對手的場上寶可夢身上所附加的「寶可夢道具」「特殊能量」與場上的「競技場」其中的1張卡丟到棄牌區。","",""
"cmo1u6p6a02j75ueez9jsa4i2","險惡廢墟","STADIUM","I","雙方玩家每次在自己的回合將【基礎】寶可夢（【惡】寶可夢除外）放置於備戰區時，在那隻寶可夢身上放置2個傷害指示物。","おたがいのプレイヤーは、それぞれ、自分の番に、たねポケモン（ポケモンをのぞく）をベンチに出すたび、そのポケモンにダメカンを2個のせる。","Whenever any player puts a Basic non-{D} Pokémon onto their Bench during their turn, place 2 damage counters on that Pokémon."
"cmo1u8lbc3bzs5uee4jwfx5q5","勝利之證(冠軍)","ITEM","G","擲1次硬幣若為正面，則從自己的牌庫選擇1張寶可夢卡，在給對手看過後加入手牌。並且重洗牌庫。","",""
"cmo1u8enu30pr5ueejek2le37","寶可夢培育家","SUPPORTER","A","從自己的牌庫抽出2張。然後，將自己的戰鬥寶可夢恢復「20」HP。","自分の山札を2枚引く。その後、自分のバトルポケモンのHPを「20」回復する。",""
"cmo1u8lb83bzk5ueezs61onef","勝利之證(亞軍)","ITEM","G","擲1次硬幣若為正面，則從自己的牌庫選擇1張寶可夢卡，在給對手看過後加入手牌。並且重洗牌庫。","",""
"cmo1u8eo830qf5uee7z1s7zvv","究極空間","STADIUM","B","雙方玩家在自己的回合時，可使用1次，從自己的牌庫抽出1張「究極異獸」，在給對手看過後加入手牌。這個情況下，重洗牌庫。","",""
"cmo1u8lbf3bzw5ueecdktvvsh","勝利之證(季軍)","ITEM","G","擲1次硬幣若為正面，則從自己的牌庫選擇1張寶可夢卡，在給對手看過後加入手牌。並且重洗牌庫。","",""
"cmo1u6p1a02al5uee31q0d7bx","逆境保險","TOOL","I","若附有這張卡的寶可夢的弱點屬性與對手戰鬥寶可夢的屬性相同，則附有這張卡的寶可夢在戰鬥場受到對手的寶可夢招式的傷害時，從自己的牌庫抽出3張卡。","このカードをつけているポケモンの弱点のタイプと、相手のバトルポケモンのタイプが同じなら、このカードをつけているポケモンが、バトル場で相手のポケモンからワザのダメージを受けたとき、自分の山札を3枚引く。",""
"cmo1u6piu034r5ueei3li4aad","吹火人","SUPPORTER","I","從自己的牌庫選擇最多7張「基本【火】能量」卡，在給對手看過後加入手牌。並且重洗牌庫。","自分の山札から「基本エネルギー」を7枚まで選び、相手に見せて、手札に加える。そして山札を切る。","Search your deck for up to 7 Basic {R} Energy cards, reveal them, and put them into your hand. Then, shuffle your deck."
"cmo1u6pj7035f5ueeiy8pr9ci","對戰圓形競技場","STADIUM","I","雙方的所有備戰寶可夢，不會因對手的招式與特性的效果而被放置傷害指示物。[會受到招式的傷害。]","おたがいのベンチポケモン全員は、相手のワザや特性の効果で、ダメカンがのらない。［ワザのダメージは受ける。］","Prevent all damage counters from being placed on Benched Pokémon (both yours and your opponent’s) by effects of attacks and Abilities from the opponent’s Pokémon. (Damage from attacks is still taken.)"
"cmo1u6pc602t95ueegmcmkew9","衝浪海灘","STADIUM","I","雙方玩家在每個自己的回合時，可使用1次，可將自己的戰鬥場的【水】寶可夢與備戰區的【水】寶可夢互換。","おたがいのプレイヤーは、自分の番ごとに1回、自分のバトル場のポケモンを、ベンチのポケモンと入れ替えてよい。",""
"cmo1u6pcb02th5ueeuknx566v","神秘花園","STADIUM","I","雙方玩家在每個自己的回合時，可使用1次，若從手牌將1張能量卡丟棄，則可從牌庫抽卡直到自己手牌的張數與自己場上【超】寶可夢的數量相同為止。","おたがいのプレイヤーは、自分の番ごとに1回、手札からエネルギーを1枚トラッシュするなら、自分の手札の枚数が、自分の場のポケモンの数と同じ枚数になるように、山札を引いてよい。","Once during each player’s turn, that player may discard an Energy card from their hand in order to draw cards until they have as many cards in their hand as they have {P} Pokémon in play."
"cmo1u6pvr03r35ueek55jmdyu","赫普的包包","ITEM","I","從自己的牌庫選擇最多2張【基礎】寶可夢的「赫普的寶可夢」，放置於備戰區。並且重洗牌庫。","自分の山札からたねポケモンの「ホップのポケモン」を2枚まで選び、ベンチに出す。そして山札を切る。","Search your deck for up to 2 Basic Hop’s Pokémon and put them onto your Bench. Then, shuffle your deck."
"cmo1u6p1h02ax5ueeu9sukdz8","鬥子","SUPPORTER","I","從自己的牌庫選擇進化寶可夢卡與能量卡各1張，在給對手看過後加入手牌。並且重洗牌庫。","自分の山札から進化ポケモンとエネルギーを1枚ずつ選び、相手に見せて、手札に加える。そして山札を切る。","Search your deck for an Evolution Pokémon and an Energy card, reveal them, and put them into your hand. Then, shuffle your deck."
"cmo1u6pw503rr5ueeeie2d00d","電氣球","TOOL","I","附有這張卡的「皮卡丘【ex】」使用的招式，對對手的戰鬥場的「寶可夢【ex】」造成的傷害「+50」點。","このカードをつけている「ピカチュウex」が使うワザの、相手のバトル場の「ポケモンex」へのダメージは「+50」される。","Attacks used by the Pikachu {ex} this card is attached to do 50 more damage to your opponent’s Active Pokémon {ex} (before applying Weakness and Resistance)."
"cmo1u6pwe03s75ueey0qy2lol","渾厚鱗片","TOOL","I","附有這張卡的【龍】寶可夢，受到對手的【草】【火】【水】【雷】寶可夢招式的傷害「-50」點。","このカードをつけているポケモンが、相手のポケモンから受けるワザのダメージは「-50」される。","The {N} Pokémon this card is attached to takes 50 less damage from attacks from your opponent’s {G}, {R}, {W}, or {L} Pokémon (after applying Weakness and Resistance)."
"cmo1u6pby02sw5ueehb7dnh0q","阿塞蘿拉的惡作劇","SUPPORTER","I","這張卡只有在對手剩餘獎賞卡的張數為2張以下時才可使用。    選擇1隻自己的場上寶可夢。在下個對手的回合，那隻寶可夢不會受到對手的「寶可夢【ex】」招式的傷害與效果的影響。","このカードは、相手のサイドの残り枚数が2枚以下のときにしか使えない。自分の場のポケモンを1匹選ぶ。次の相手の番、そのポケモンは相手の「ポケモンex」からワザのダメージや効果を受けない。","You can use this card only if your opponent has 2 or fewer Prize cards remaining.  Choose 1 of your Pokémon in play. During your opponent's next turn, prevent all damage from and effects of attacks done to that Pokémon by your opponent's Pokémon {ex}."
"cmo1u6pir034n5ueet8bs42ms","高溫燃燒器","ITEM","I","這張卡必須從自己的手牌將1張「基本【火】能量」卡丟棄才可使用。  從對手的場上寶可夢身上附加的「寶可夢道具」卡「特殊能量」卡與場上的「競技場」卡中選擇1張，將其丟棄。","このカードは、自分の手札から「基本エネルギー」を1枚トラッシュしなければ使えない。相手の場のポケモンについている「ポケモンのどうぐ」「特殊エネルギー」と場に出ている「スタジアム」の中から1枚選び、トラッシュする。","You can use this card only if you discard a Basic {R} Energy card from your hand.  Discard a Pokémon Tool or Special Energy card from 1 of your opponent’s Pokémon, or discard a Stadium in play."
"cmo1u6pj5035b5uee4ycc54fe","越橘的一步棋","SUPPORTER","I","查看自己的牌庫上方7張卡，從其中選擇1張【惡】寶可夢卡，放置於備戰區。將剩餘卡全部翻回反面並重洗，放回牌庫下方。（無法在自己的最初回合使用。）","自分の山札を上から7枚見て、その中からポケモンを1枚選び、ベンチに出す。残りのカードはすべてウラにして切り、山札の下にもどす。（最初の自分の番には使えない。）","Look at the top 7 cards of your deck and put a {D} Pokémon you find there onto your Bench. Shuffle the other cards and put them on the bottom of your deck. You can’t use this card during your first turn."
"cmo1u7bt715lf5ueedtcpoilz","野餐籃","ITEM","G","將雙方的所有寶可夢各恢復「30」HP。","おたがいのポケモン全員のHPを、それぞれ「30」回復する。","Heal 30 damage from each Pokémon (both yours and your opponent’s)."
"cmo1u6pws03sv5ueetkm8luiy","巴貝娜與荷蓮娜","SUPPORTER","I","這張卡必須自己的場上有「N的達摩狒狒」「N的索羅亞克【ex】」「N的雙倍多多冰」「N的齒輪怪」「N的萊希拉姆」「N的捷克羅姆」，才可使用。  在這個回合，若對手的戰鬥寶可夢因自己的「N的寶可夢」使用的招式的傷害而【昏厥】了，則多獲得3張獎賞卡。","このカードは、自分の場に「Nのヒヒダルマ」「Nのゾロアークex」「Nのバイバニラ」「Nのギギギアル」「Nのレシラム」「Nのゼクロム」がいなければ使えない。この番、自分の「Nのポケモン」が使うワザのダメージで、相手のバトルポケモンがきぜつしたなら、サイドを3枚多くとる。","You can use this card only if you have N’s Darmanitan, N’s Zoroark {ex}, N’s Vanilluxe, N’s Klinklang, N’s Reshiram, and N’s Zekrom in play.  During this turn, if your opponent’s Active Pokémon is Knocked Out by damage from an attack used by your N’s Pokémon, take 3 more Prize cards."
"cmp2dg1p22unl116c2wo6hrvn","N的城堡","STADIUM","I","雙方場上所有「N的寶可夢」【撤退】所需的能量全部消除。","おたがいの場の「Nのポケモン」全員のにげるためのエネルギーは、すべてなくなる。","N’s Pokémon in play (both yours and your opponent’s) have no Retreat Cost."
"cmo1u6pxw03ur5uee6tthngs6","夜間礦山","STADIUM","I","雙方場上所有「太晶」寶可夢使用招式所需的能量，各增加1個【無】能量。","おたがいの場の「テラスタル」のポケモン全員は、ワザを使うためのエネルギーが、それぞれエネルギー1個ぶん多くなる。","Attacks used by each Tera Pokémon in play (both yours and your opponent’s) cost {C} more."
"cmo1u6pwp03sr5uee0cpaqm2t","卡娜莉","SUPPORTER","I","這張卡必須將自己的1張手牌丟棄才可使用。   從自己的牌庫選擇最多4張【雷】寶可夢卡，在給對手看過後加入手牌。並且重洗牌庫。","このカードは、自分の手札を1枚トラッシュしなければ使えない。自分の山札からポケモンを4枚まで選び、相手に見せて、手札に加える。そして山札を切る。","You can use this card only if you discard another card from your hand.  Search your deck for up to 4 {L} Pokémon, reveal them, and put them into your hand. Then, shuffle your deck."
"cmo1u6yfo0iku5uee5alblkxd","夏科婭","SUPPORTER","E","選擇最多3張自己的獎賞卡加入手牌。然後，從手牌選擇與加入的張數相同數量的卡，反面朝上作為獎賞卡放置。","©Pokémon. ©Nintendo/Creatures Inc./GAME FREAK inc.ポケットモンスター・ポケモン・Pokémonは任天堂・クリーチャーズ・ゲームフリークの登録商標です。このホームページに掲載された画像その他の内容の無断転載はお断りします。",""
"cmo1u6pvy03rf5ueec1ce669d","捕蟲組合","ITEM","H","查看自己的牌庫上方7張卡，從其中選擇【草】寶可夢卡與「基本【草】能量」卡合計最多2張，在給對手看過後加入手牌。將剩餘卡放回牌庫並重洗。","自分の山札を上から7枚見て、その中からポケモンと「基本エネルギー」を合計2枚まで選び、相手に見せて、手札に加える。残りのカードは山札にもどして切る。","Look at the top 7 cards of your deck. You may reveal up to 2 in any combination of {G} Pokémon and Basic {G} Energy cards you find there and put them into your hand. Shuffle the other cards back into your deck."
"cmo1u8jir39115ueeaeyc05ps","尖釘鎮","STADIUM","D","雙方玩家在自己的回合，每次自己的戰鬥寶可夢回到備戰區時，在回到備戰區的寶可夢身上放置2個傷害指示物。","",""
"cmo1u6pwx03t35uee7wsukdlv","火箭隊的雅典娜","SUPPORTER","I","從牌庫抽卡直到自己的手牌滿5張為止。若自己的所有場上寶可夢皆為「火箭隊的寶可夢」，則抽卡直到滿8張為止。","自分の手札が5枚になるように、山札を引く。自分の場のポケモン全員が「ロケット団のポケモン」なら、8枚になるように引く。","Draw cards until you have 5 cards in your hand. If all of your Pokémon in play are Team Rocket’s Pokémon, draw cards until you have 8 cards in your hand instead."
"cmo1u6px803tn5ueerkmcwe66","火箭隊的坂木","SUPPORTER","I","將自己的戰鬥場的「火箭隊的寶可夢」與備戰區的「火箭隊的寶可夢」互換。然後，選擇1隻對手的備戰寶可夢，與戰鬥寶可夢互換。","自分のバトル場の「ロケット団のポケモン」を、ベンチの「ロケット団のポケモン」と入れ替える。その後、相手のベンチポケモンを1匹選び、バトルポケモンと入れ替える。","Switch your Active Team Rocket’s Pokémon with 1 of your Benched Team Rocket’s Pokémon. If you do, switch in 1 of your opponent’s Benched Pokémon to the Active Spot."
"cmo1u8jii390l5ueed7bb4gxr","迷光森林","STADIUM","D","雙方玩家在每個自己的回合時，可使用1次。因自己的寶可夢的招式而擲硬幣時，可將擲硬幣的結果全部消除，重新擲硬幣。","",""
"cmo1u6pxu03un5ueep3z7zza5","火箭隊的監視塔","STADIUM","I","雙方場上所有【無】寶可夢的特性全部消除。","おたがいの場のポケモン全員の特性は、すべてなくなる。","{C} Pokémon in play (both yours and your opponent’s) have no Abilities."
"cmo1u6pxf03tz5ueenhw70loq","引力山岳","STADIUM","H","雙方場上所有【2階進化】寶可夢的最大HP各「-30」。","おたがいの場の2進化ポケモン全員の最大HPは、それぞれ「-30」される。","Each Stage 2 Pokémon in play (both yours and your opponent’s) gets -30 HP."
"cmo1u6rcw06bn5ueea7f0bxvl","空手道王的演練","SUPPORTER","H","在這個回合，自己的寶可夢使用的招式，對對手的戰鬥場的「寶可夢【ex】」造成的傷害「+40」點。","この番、自分のポケモンが使うワザの、相手のバトル場の「ポケモンex」へのダメージは「+40」される。","During this turn, attacks used by your Pokémon do 40 more damage to your opponent’s Active Pokémon {ex} (before applying Weakness and Resistance)."
"cmo1u6pvi03qm5ueenbck24hx","太晶珠","ITEM","H","從自己的牌庫選擇1張「太晶」寶可夢卡，在給對手看過後加入手牌。並且重洗牌庫。","自分の山札から「テラスタル」のポケモンを1枚選び、相手に見せて、手札に加える。そして山札を切る。","Search your deck for a Tera Pokémon, reveal it, and put it into your hand. Then, shuffle your deck."
"cmo1u7ozd1s1z5ueea9mqtafd","由紫","SUPPORTER","J","將自己的1隻【超】寶可夢恢復「150」HP。","自分のポケモン1匹のHPを「150」回復する。","Heal 150 damage from 1 of your {P} Pokémon."
"cmo1u6ziw0kfe5ueewyarnu4k","芭內特博士","SUPPORTER","E","從自己的牌庫任意選擇最多2張卡，將其丟棄。並且重洗牌庫。","©Pokémon. ©Nintendo/Creatures Inc./GAME FREAK inc.ポケットモンスター・ポケモン・Pokémonは任天堂・クリーチャーズ・ゲームフリークの登録商標です。このホームページに掲載された画像その他の内容の無断転載はお断りします。",""
"cmo1u7c6x16725ueebtx5bf29","坂木的領導力[支援者]","SUPPORTER","G","選擇1個對手的戰鬥寶可夢身上附加的能量，放回對手的手牌。然後，從自己的手牌選擇1張能量卡，附於戰鬥寶可夢身上。","相手のバトルポケモンについているエネルギーを1個選び、相手の手札にもどす。その後、自分の手札からエネルギーを1枚選び、バトルポケモンにつける。","Put an Energy attached to your opponent’s Active Pokémon into their hand. If you do, attach an Energy card from your hand to your Active Pokémon."
"cmo1u8jsd39g05uee4e98f637","加油Y型喇叭","ITEM","D","將雙方的戰鬥寶可夢【混亂】。","",""
"cmo1u8jsw39gw5ueeawru4mr4","稀有化石","ITEM","D","這張卡可作為HP70的【無】屬性的【基礎】寶可夢放置於場上。若在自己的回合中，則可將場上的這張卡丟棄。這張卡不會陷入特殊狀態，無法撤退。 | 在自己的回合時，物品卡可不限張數使用。","",""
"cmo1u8jsu39gs5ueepbrimm43","英雄獎牌","TOOL","D","寶可夢道具卡，附於自己的寶可夢使用。1隻寶可夢只可附上1張寶可夢道具卡，並且保持附加狀態。","",""
"cmp2dfz7n2r5c116co3fk0oux","大地之容器","ITEM","G","這張卡必須將自己的1張手牌丟棄才可使用。      從自己的牌庫選擇最多2張基本能量卡，在給對手看過後加入手牌。並且重洗牌庫。","このカードは、自分の手札を1枚トラッシュしなければ使えない。自分の山札から基本エネルギーを2枚まで選び、相手に見せて、手札に加える。そして山札を切る。","You can use this card only if you discard another card from your hand.    Search your deck for up to 2 Basic Energy cards, reveal them, and put them into your hand. Then, shuffle your deck."
"cmo1u8jtf39ho5ueem0rqys89","養鳥人","SUPPORTER","D","將自己的戰鬥寶可夢與備戰寶可夢互換。然後，從自己的牌庫抽出3張卡。","自分のバトルポケモンをベンチポケモンと入れ替える。その後、自分の山札を3枚引く。",""
"cmo1u6rcl06b35ueesxf13f83","阿杏的秘招","SUPPORTER","H","選擇最多2隻自己的【惡】寶可夢，從自己的牌庫附給那些寶可夢各1張「基本【惡】能量」卡。並且重洗牌庫。附於戰鬥寶可夢身上的情況下，將那隻寶可夢【中毒】。","自分のポケモンを2匹まで選び、自分の山札から「基本エネルギー」を1枚ずつつける。そして山札を切る。バトルポケモンにつけた場合、そのポケモンをどくにする。","Choose up to 2 of your {D} Pokémon. For each of those Pokémon, search your deck for a Basic {D} Energy card and attach it to that Pokémon. Then, shuffle your deck. If you attached Energy to your Active Pokémon in this way, it is now Poisoned."
"cmo1u7ozb1s1v5uee1bcyoaem","鳴依的勉勵","SUPPORTER","J","這張卡只有在自己剩餘獎賞卡的張數比對手剩餘獎賞卡的張數多時才可使用。  從自己的棄牌區選擇最多2張基本能量卡，附於自己的1隻【2階進化】寶可夢身上。","このカードは、自分のサイドの残り枚数が、相手のサイドの残り枚数より多いときにしか使えない。自分のトラッシュから基本エネルギーを2枚まで選び、自分の2進化ポケモン1匹につける。","You can use this card only if you have more Prize cards remaining than your opponent.  Attach up to 2 Basic Energy cards from your discard pile to 1 of your Stage 2 Pokémon."
"cmo1u6rdl06cv5uee0nrg2u21","丹瑜","SUPPORTER","H","這張卡可在先攻玩家的最初回合使用。   將自己的手牌全部丟棄，從牌庫抽出5張卡。","このカードは、先攻プレイヤーの最初の番でも使える。自分の手札をすべてトラッシュし、山札を5枚引く。","If you go first, you may use this card during your first turn.    Discard your hand and draw 5 cards."
"cmo1u79oc11wz5ueegshxt2hy","秋明","SUPPORTER","G","這張卡只有在對手的戰鬥寶可夢【中毒】時才可使用。   將自己的手牌全部放回牌庫並重洗。然後，從牌庫抽出7張卡。","このカードは、相手のバトルポケモンがどくのときにしか使えない。自分の手札をすべて山札にもどして切る。その後、山札を7枚引く。",""
"cmo1u7oyu1s135ueeauon2n4e","陳舊的顎之化石","ITEM","J","只要這隻寶可夢在戰鬥場上，對手的戰鬥寶可夢使用的招式的傷害「-30」點。","このポケモンがバトル場にいるかぎり、相手のバトルポケモンが使うワザのダメージは「-30」される。","Play this card as if it were a 60-HP Basic {C} Pokémon. This card can’t be affected by any Special Conditions and can’t retreat.  At any time during your turn, you may discard this card from play."
"cmo1u7oyx1s175uee7s2v3r3n","陳舊的鰭之化石","ITEM","J","對手從手牌使出支援者卡時，這隻寶可夢不會受到那個效果的影響。","このポケモンは、相手が手札からサポートを出して使ったとき、その効果を受けない。","Play this card as if it were a 60-HP Basic {C} Pokémon. This card can’t be affected by any Special Conditions and can’t retreat.  At any time during your turn, you may discard this card from play."
"cmo1u7oz41s1j5ueeo4e4hjo4","核心記憶碟","TOOL","J","附有這張卡的「超級基格爾德【ex】」可使用這張卡上寫的招式。[需要有足夠使用招式的能量。]","このポケモンについているエネルギーを、すべてトラッシュする。","The Mega Zygarde {ex} this card is attached to can use the attack on this card. (You still need the necessary Energy to use this attack.)"
"cmo1u6ra1066q5ueecbb41d7i","寶可平板","ITEM","J","從自己的牌庫選擇1張寶可夢卡（「擁有規則的寶可夢」除外），在給對手看過後加入手牌。並且重洗牌庫。","自分の山札からポケモン（「ルールを持つポケモン」をのぞく）を1枚選び、相手に見せて、手札に加える。そして山札を切る。","Search your deck for a Pokémon that doesn’t have a Rule Box, reveal it, and put it into your hand. Then, shuffle your deck. (Pokémon {ex}, Pokémon {V}, etc. have Rule Boxes.)"
"cmo1u7ozg1s235ueetuj4e8u3","密阿雷市","STADIUM","J","雙方玩家在每個自己的回合時，可使用1次，可從自己的牌庫選擇1張【基礎】寶可夢卡，放置於備戰區。並且重洗牌庫。若使用了這個效果，則自己的回合結束。","おたがいのプレイヤーは、自分の番ごとに1回、自分の山札からたねポケモンを1枚選び、ベンチに出してよい。そして山札を切る。この効果を使ったなら、自分の番は終わる。","Once during each player’s turn, that player may search their deck for a Basic Pokémon and put it onto their Bench. Then, that player shuffles their deck. If a player searches their deck in this way, their turn ends."
"cmo1u7cuj17ce5ueeugfj3k8e","災禍雪山","STADIUM","G","雙方玩家每次從自己的手牌將能量卡附於【基礎】寶可夢（【水】寶可夢除外）身上時，在那隻寶可夢身上放置2個傷害指示物。","おたがいのプレイヤーは、それぞれ、自分の手札からエネルギーをたねポケモン（ポケモンをのぞく）につけるたび、そのポケモンにダメカンを2個のせる。",""
"cmo1u6s1u07jb5ueejmt9hyqg","超級球","ITEM","G","查看自己的牌庫上方7張卡，從其中選擇1張寶可夢卡，在給對手看過後加入手牌。將剩餘卡放回牌庫並重洗。","自分の山札を上から7枚見る。その中からポケモンを1枚選び、相手に見せてから、手札に加えてよい。残りのカードは山札にもどし、山札を切る。",""
"cmo1u8jt839hg5ueewf9u6htd","寶可夢培育家的育成","SUPPORTER","D","選擇最多2隻自己的場上寶可夢，從自己的牌庫選擇從那些寶可夢進化而來的卡各1張，放置於各自身上完成進化。並且重洗牌庫。（無法對自己的最初回合與剛使出的寶可夢使用。）","",""
"cmo1u7p6t1sem5uees2zgkm0j","特殊紅牌","ITEM","J","這張卡只有在對手剩餘獎賞卡的張數為3張以下時才可使用。  對手將對手自己的手牌全部翻回反面並重洗，放回牌庫下方。然後，對手從牌庫抽出3張卡。","このカードは、相手のサイドの残り枚数が3枚以下のときにしか使えない。相手は相手自身の手札をすべてウラにして切り、山札の下にもどす。その後、相手は山札を3枚引く。",""
"cmp2dgdlo3b89116c42fzm7lp","AZ的平和","SUPPORTER","J","將自己的戰鬥寶可夢與備戰寶可夢互換。將「寶可夢【ex】」換入備戰區的情況下，將那隻寶可夢恢復「80」HP。","自分のバトルポケモンをベンチポケモンと入れ替える。「ポケモンex」をベンチに入れ替えた場合、そのポケモンのHPを「80」回復する。",""
"cmo1u6pvn03qv5ueeiys0w3ps","道具拆除器","ITEM","I","選擇最多2張雙方的場上寶可夢身上附加的「寶可夢道具」卡，將其丟棄。","おたがいの場のポケモンについている「ポケモンのどうぐ」を2枚まで選び、トラッシュする。","Play this card as if it were a 60-HP Basic {C} Pokémon. This card can’t be affected by any Special Conditions and can’t retreat.  At any time during your turn, you may discard this card from play."
"cmo1u7cu017bi5ueex3g67472","戰鬥牛奶","ITEM","G","這張卡只有在自己剩餘獎賞卡的張數比對手剩餘獎賞卡的張數多時才可使用。 將自己的1隻寶可夢恢復「60」HP。","このカードは、自分のサイドの残り枚数が、相手のサイドの残り枚数より多いときにしか使えない。自分のポケモン1匹のHPを「60」回復する。","You can use this card only if you have more Prize cards remaining than your opponent.Heal 60 damage from 1 of your Pokémon."
"cmo1u7p771sfa5ueelze83hc1","瑪琪艾兒","SUPPORTER","J","查看對手的手牌，從自己的牌庫抽出與其中寶可夢卡的張數相同數量的卡。","相手の手札を見て、その中にあるポケモンの枚数ぶん、自分の山札を引く。",""
"cmo1u7p751sf65ueeioighf1a","霍米加的演奏","SUPPORTER","J","在下個對手的回合，對手的【中毒】的寶可夢無法撤退。（包含新【中毒】的寶可夢。）","次の相手の番、相手のどくのポケモンは、にげられない。（新しくどくにしたポケモンもふくむ。）",""
"cmo1u6rdq06d35ueeua1rrwws","朵拉塞娜","SUPPORTER","H","將自己的手牌全部放回牌庫並重洗。然後，擲1次硬幣，若為正面，則從牌庫抽出8張卡，若為反面，則從牌庫抽出3張卡。","自分の手札をすべて山札にもどして切る。その後、コインを1回投げ、オモテなら8枚、ウラなら3枚、山札を引く。","Shuffle your hand into your deck. Then, flip a coin. If heads, draw 8 cards. If tails, draw 3 cards."
"cmo1u8kb63aa55ueepn70bkaq","回收網","ITEM","D","選擇自己的1隻寶可夢（「寶可夢【V】・【GX】」除外），放回手牌。（寶可夢以外的卡全部丟棄。）","",""
"cmo1u8kbb3aad5ueesycpq7ve","足量水桶","ITEM","D","從自己的牌庫選擇最多2張【水】能量卡，在給對手看過後加入手牌。並且重洗牌庫。","",""
"cmo1u8kc53abt5ueeuml6ywad","索妮亞","SUPPORTER","D","從自己的牌庫選擇最多2張【基礎】寶可夢卡，或者最多2張基本能量卡，在給對手看過後加入手牌。並且重洗牌庫。","",""
"cmo1u8jtm39hw5uee4tpnzvxa","洛茲大廈","STADIUM","D","在自己的回合時，只可將1張競技場卡放置於戰鬥場旁邊。若其他名稱的競技場卡被放置，則將這張卡丟棄。","",""
"cmo1u6rei06eg5uee3eeqjzk2","松葉的信心","SUPPORTER","H","這張卡必須將自己的1張手牌丟棄才可使用。   從自己的牌庫抽出與對手的備戰寶可夢相同數量的卡。","このカードは、自分の手札を1枚トラッシュしなければ使えない。相手のベンチポケモンの数ぶん、自分の山札を引く。","You can use this card only if you discard another card from your hand.Draw a card for each of your opponent’s Benched Pokémon."
"cmo1u7cnt170o5uee6bias8yo","薩瓦羅","SUPPORTER","G","選擇最多2隻自己的寶可夢，各恢復「50」HP。","自分のポケモンを2匹まで選び、HPをそれぞれ「50」回復する。","Choose up to 2 of your Pokémon and heal 50 damage from each of them."
"cmo1u7eaa19uy5ueems1ngkja","千里","SUPPORTER","G","從自己的牌庫抽出2張卡。若對手的戰鬥寶可夢為「寶可夢【ex】」，則再抽出2張卡。","自分の山札を2枚引く。相手のバトルポケモンが「ポケモンex」なら、さらに2枚引く。","Draw 2 cards. If your opponent’s Active Pokémon is a Pokémon {ex}, draw 2 more cards."
"cmo1u8jio390x5ueeabtjwt95","卡蕪","SUPPORTER","D","將自己的手牌全部放回牌庫並重洗。然後，從牌庫抽出4張卡。若自己的場上寶可夢只有戰鬥寶可夢，則改爲抽出8張卡。","",""
"cmo1u8kn73auh5uee3axiphnr","亞洛","SUPPORTER","D","將自己的最多2張手牌丟棄，從自己的牌庫抽出其張數×2張卡。","",""
"cmo1u6r8u064q5uee7nwwcm2u","覺醒戰鼓","ITEM","H","從牌庫抽出與自己的場上的「古代」寶可夢相同數量的卡。","自分の場の「古代」のポケモンの数ぶん、山札を引く。",""
"cmo1u6rbk069b5uee0cnus4sf","刺耳果","TOOL","H","附有這張卡的寶可夢受到對手的【惡】寶可夢招式的傷害時，那個傷害「-60」點，將這張卡丟棄。","このカードをつけているポケモンが、相手のポケモンからワザのダメージを受けるとき、そのダメージは「-60」され、このカードをトラッシュする。","If the Pokémon this card is attached to is damaged by an attack from your opponent’s {D} Pokémon, it takes 60 less damage (after applying Weakness and Resistance), and discard this card."
"cmo1u6rdx06df5uee8nm1a10b","八朔","SUPPORTER","H","這張卡必須在上個對手的回合自己的寶可夢【昏厥】了才可使用。   查看自己的牌庫上方8張卡，從其中選擇最多3張卡加入手牌。將剩餘卡放回牌庫並重洗。","このカードは、前の相手の番に、自分のポケモンがきぜつしていなければ使えない。自分の山札を上から8枚見て、その中からカードを3枚まで選び、手札に加える。残りのカードは山札にもどして切る。","You can use this card only if any of your Pokémon were Knocked Out during your opponent’s last turn.    Look at the top 8 cards of your deck and put up to 3 of them into your hand. Shuffle the other cards back into your deck."
"cmoa5ybgt36bbdt6lu6nqg4rp","竹蘭的霸氣","SUPPORTER","F","從牌庫抽卡直到自己的手牌滿5張為止。在上個對手的回合，若自己的寶可夢【昏厥】了，則抽卡直到滿8張為止。","",""
"cmo1u6rd306bz5ueedjqcfqyh","沙儷","SUPPORTER","H","從自己的手牌選擇最多2張寶可夢卡，在給對手看過後放回牌庫。然後，從自己的牌庫選擇最多與放回的張數相同數量的寶可夢卡，在給對手看過後加入手牌。並且重洗牌庫。","自分の手札からポケモンを2枚まで選び、相手に見せて、山札にもどす。その後、もどした枚数ぶんまで、自分の山札からポケモンを選び、相手に見せて、手札に加える。そして山札を切る。","Reveal up to 2 Pokémon in your hand and put them into your deck. If you do, search your deck for up to that many Pokémon, reveal them, and put them into your hand. Then, shuffle your deck."
"cmo1u7egb1a5g5ueem8q1g5cu","弗圖博士的劇本","SUPPORTER","G","選擇1隻自己的場上寶可夢，放回手牌。（寶可夢以外的卡全部丟棄。）","自分の場のポケモンを1匹選び、手札にもどす。（ポケモン以外のカードは、すべてトラッシュする。）",""
"cmo1u6rcb06an5ueexul7glco","赤松","SUPPORTER","H","從自己的牌庫選擇最多2張各不同屬性的基本能量卡，在給對手看過後，其中1張加入手牌，剩餘的能量卡附於自己的寶可夢身上。並且重洗牌庫。","自分の山札から、それぞれちがうタイプの基本エネルギーを2枚まで選び、相手に見せて、どちらか1枚を手札に加え、残りのエネルギーを自分のポケモンにつける。そして山札を切る。","Search your deck for up to 2 Basic Energy cards of different types, reveal them, and put 1 of them into your hand. Attach the other to 1 of your Pokémon. Then, shuffle your deck."
"cmo1u6rb6068n5ueewrq9ehkp","鎖鏈糬","TOOL","H","附有這張卡的【中毒】的寶可夢使用的招式，對對手的戰鬥寶可夢造成的傷害「+40」點。","このカードをつけているどくのポケモンが使うワザの、相手のバトルポケモンへのダメージは「+40」される。","Attacks used by the Poisoned Pokémon this card is attached to do 40 more damage to your opponent’s Active Pokémon (before applying Weakness and Resistance)."
"cmo1u6u6m0b875uee5t4yccz7","菜種的活力","SUPPORTER","F","從自己的牌庫抽出2張卡。然後，從自己的手牌選擇最多2張【草】能量卡，附於1隻備戰寶可夢身上。","自分の山札を2枚引く。その後、自分の手札からエネルギーを2枚まで選び、ベンチポケモン1匹につける。",""
"cmo1u6rcg06av5ueedhey1tjt","女服務生","SUPPORTER","J","查看自己的牌庫上方6張卡，從其中選擇1張基本能量卡，附於自己的寶可夢身上。將剩餘卡放回牌庫並重洗。","自分の山札を上から6枚見て、その中から基本エネルギーを1枚選び、自分のポケモンにつける。残りのカードは山札にもどして切る。","Look at the top 6 cards of your deck and attach a Basic Energy card you find there to 1 of your Pokémon. Shuffle the other cards back into your deck."
"cmo1u6vdh0dao5ueewqp1tmi0","美蓉","SUPPORTER","E","從自己的棄牌區選擇1張【水】能量卡，附於自己的「寶可夢【V】」身上。然後，從自己的牌庫抽出3張卡。","自分のトラッシュからエネルギーを1枚選び、自分の「ポケモンV」につける。その後、自分の山札を3枚引く。",""
"cmo1u6wwu0fzp5ueeenl6rdyi","空拍洛托姆","ITEM","D","查看對手的手牌。然後，查看對手的牌庫上方1張卡，回復原樣。","相手の手札を見る。その後、相手の山札を上から1枚見て、もとにもどす。",""
"cmo1u6wx90g0e5ueepvxrvr38","回憶膠囊","TOOL","D","寶可夢道具卡，附於自己的寶可夢使用。1隻寶可夢只可附上1張寶可夢道具卡，並且保持附加狀態。","このカードをつけているポケモンは、進化前に持っていたワザを、すべて使える。［ワザを使うためのエネルギーは必要。］",""
"cmo1u6rcp06bb5ueev8mi0oa9","蓋伊","SUPPORTER","J","從自己的牌庫抽出3張卡。","©Pokémon. ©Nintendo/Creatures Inc./GAME FREAK inc.ポケットモンスター・ポケモン・Pokémonは任天堂・クリーチャーズ・ゲームフリークの登録商標です。このホームページに掲載された画像その他の内容の無断転載はお断りします。",""
"cmo1u7a3u12nk5ueekut8jgn5","黑連","SUPPORTER","I","從自己的牌庫抽出3張卡。","©Pokémon. ©Nintendo/Creatures Inc./GAME FREAK inc.ポケットモンスター・ポケモン・Pokémonは任天堂・クリーチャーズ・ゲームフリークの登録商標です。このホームページに掲載された画像その他の内容の無断転載はお断りします。",""
"cmo1u6pvw03rb5ueebbxqk8ir","火箭隊的接收器","ITEM","I","從自己的牌庫選擇1張名稱中有「火箭隊」的支援者卡，在給對手看過後加入手牌。並且重洗牌庫。","自分の山札から、名前に「ロケット団」とつくサポートを1枚選び、相手に見せて、手札に加える。そして山札を切る。","Search your deck for a Supporter card that has “Team Rocket” in its name, reveal it, and put it into your hand. Then, shuffle your deck."
"cmo1u6xo30hai5ueeukhmbmyq","賽寶利","SUPPORTER","E","從自己的牌庫抽出3張卡。然後，對手將寶可夢丟棄直到對手自己的備戰寶可夢變為3隻為止。","自分の山札を3枚引く。その後、相手は相手自身のベンチポケモンが3匹になるまで、ポケモンをトラッシュする。",""
"cmo1u6vbu0d7w5ueefqlbf3x5","強力糖錠","ITEM","E","在這個回合，自己的「匯流」寶可夢使用的招式，對對手的戰鬥寶可夢造成的傷害「+30」點。","この番、自分の「フュージョン」のポケモンが使うワザの、相手のバトルポケモンへのダメージは「+30」される。",""
"cmo1u6wx00fzy5ueenljp00rs","望遠鏡","TOOL","D","寶可夢道具卡，附於自己的寶可夢使用。1隻寶可夢只可附上1張寶可夢道具卡，並且保持附加狀態。","このカードをつけているポケモンが使うワザの、相手のベンチの「ポケモンV・GX」へのダメージは「+30」される。",""
"cmo1u6tb109p15ueetb4jrgk7","丹帝","SUPPORTER","D","在這個回合，自己的寶可夢使用的招式，對對手的戰鬥寶可夢造成的傷害「+30」點。","この番、自分のポケモンが使うワザの、相手のバトルポケモンへのダメージは「+30」される。",""
"cmo1u7ykx28ii5ueen7z3nrkv","化石翼龍","ITEM","G","從對手的進化的戰鬥寶可夢身上，移除1張「進化卡」使其退化。將移除的卡放回對手的手牌。","相手の進化しているバトルポケモンから、「進化カード」を1枚はがして退化させる。はがしたカードは、相手の手札にもどす。","If your opponent’s Active Pokémon is an evolved Pokémon, devolve it by putting the highest Stage Evolution card on it into your opponent’s hand."
"cmo1u6vca0d8o5ueexa53yrt5","等級球","ITEM","E","從自己的牌庫選擇1張HP為「90」以下的寶可夢卡，在給對手看過後加入手牌。並且重洗牌庫。","自分の山札から、HPが「90」以下のポケモンを1枚選び、相手に見せてから、手札に加える。そして山札を切る。",""
"cmo1u8kmu3att5ueedu7qun5e","希巴","SUPPORTER","E","將自己的手牌全部放回牌庫並重洗。然後，從牌庫抽出4張卡。在上個對手的回合，若自己的寶可夢【氣絕】了，則改爲抽出7張卡。","",""
"cmo1u8jiw39195ueecbmufvj9","波普菈","SUPPORTER","D","擲2次硬幣，從自己的牌庫任意選擇最多與正面出現的次數相同數量的卡，加入手牌。並且重洗牌庫。","",""
"cmo1u6o2r00oj5uee32ruwsyv","莎娜","SUPPORTER","E","將自己的手牌全部放回牌庫並重洗。然後，從牌庫抽出5張卡。","©Pokémon. ©Nintendo/Creatures Inc./GAME FREAK inc.ポケットモンスター・ポケモン・Pokémonは任天堂・クリーチャーズ・ゲームフリークの登録商標です。このホームページに掲載された画像その他の内容の無断転載はお断りします。",""
"cmo1u6re306do5ueemsfnifdr","白露的真心","SUPPORTER","H","將自己的1隻剩餘HP為「30」以下的寶可夢的HP全部恢復。","残りHPが「30」以下の自分のポケモン1匹のHPを、すべて回復する。","Heal all damage from 1 of your Pokémon that has 30 HP or less remaining."
"cmo1u6xo50ham5uee1l0sopmg","巨樹丘陵","STADIUM","E","在自己的回合時，只可將1張競技場卡放置於戰鬥場旁邊。若其他名稱的競技場卡被放置，則將這張卡丟棄。","おたがいのポケモン全員のHPは、回復しない。",""
"cmo1u6yfd0ika5ueegn2ynee8","嘉德麗雅","SUPPORTER","E","選擇任意數量的自己的手牌，以任意順序排列，放回牌庫下方。然後，從牌庫抽出與放回的張數相同數量的卡。","©Pokémon. ©Nintendo/Creatures Inc./GAME FREAK inc.ポケットモンスター・ポケモン・Pokémonは任天堂・クリーチャーズ・ゲームフリークの登録商標です。このホームページに掲載された画像その他の内容の無断転載はお断りします。",""
"cmo1u6r9x066i5uee1jn9ryrf","寶可生機劑A","ITEM","H","將自己的1隻寶可夢恢復「150」HP。    這張卡只要在棄牌區，無法加入手牌，無法放回牌庫。","自分のポケモン1匹のHPを「150」回復する。このカードは、トラッシュにあるかぎり、手札に加えられず、山札にもどせない。","Heal 150 damage from 1 of your Pokémon.  This card can’t be put into your hand or deck from the discard pile."
"cmo1u8l5l3bq25ueeld6ioc2n","樂園度假地","STADIUM","G","在自己的回合時，可將1張競技場卡放置於戰鬥場旁邊。若其他競技場卡被放置，則將這張卡丟棄。不可放置名稱相同的競技場卡。","",""
"cmo1u6pwj03sf5ueegxxkzmlg","赫普的講究頭帶","TOOL","I","附有這張卡的「赫普的寶可夢」，使用招式所需的能量減少1個【無】能量，那隻寶可夢使用的招式，對對手的戰鬥寶可夢造成的傷害「+30」點。","このカードをつけている「ホップのポケモン」は、ワザを使うためのエネルギーがエネルギー1個ぶん少なくなり、そのポケモンが使うワザの、相手のバトルポケモンへのダメージは「+30」される。","Attacks used by the Hop’s Pokémon this card is attached to cost {C} less and do 30 more damage to your opponent’s Active Pokémon (before applying Weakness and Resistance)."
"cmo1u6xyx0hrx5ueee8x1mdl6","水之塔","STADIUM","E","雙方的所有「連擊」寶可夢【撤退】所需的能量各減少2個。","おたがいの「れんげき」のポケモン全員のにげるためのエネルギーは、それぞれ2個ぶん少なくなる。",""
"cmobmx4mi3cmf2pc754zpxsk2","交替推車","ITEM","F","將自己的戰鬥場的【基礎】寶可夢與備戰寶可夢互換。然後，將換入備戰區的寶可夢恢復「30」HP。","",""
"cmo1u6pc802td5uee1fszy5wt","活力森林","STADIUM","I","雙方的所有【草】寶可夢就算在剛使出的回合（自己的最初回合除外）也可進化成【草】寶可夢。","おたがいのポケモン全員は、出したばかりの番（最初の自分の番をのぞく）でもポケモンに進化できる。",""
"cmobmx4p23cql2pc712gc4iru","森林封印石","TOOL","F","附有這張卡的「寶可夢【V】」可使用這個【VSTAR】力量。","",""
"cmo1u7bmd159o5ueey0ewb8nu","海灘場地","STADIUM","G","雙方的所有【基礎】寶可夢【撤退】所需的能量，各減少1個。","おたがいのたねポケモン全員のにげるためのエネルギーは、それぞれ1個ぶん少なくなる。",""
"cmo1u8l6p3brv5ueem8nxhprl","毅萬與馥好","SUPPORTER","H","從自己的牌庫抽出2張卡。然後，若自己的手牌有10張以上，則再抽出2張卡。","","Draw 2 cards. Then, if you have 10 or more cards in your hand, draw 2 more cards."
"cmo1u6q0l03zg5uee3o61rgd5","奇樹","SUPPORTER","G","雙方玩家各將自己的手牌全部翻回反面並重洗，放回牌庫下方。然後，各從牌庫抽出與自己剩餘獎賞卡的張數相同數量的卡。","おたがいのプレイヤーは、それぞれ自分の手札をすべてウラにして切り、山札の下にもどす。その後、それぞれ自分のサイドの残り枚数ぶん、山札を引く。",""
"cmo1u6y9o0iag5uees0ixbdzb","防火手套","TOOL","E","附有這張卡的寶可夢使用的招式，對對手的戰鬥場的【火】寶可夢造成的傷害「+30」點。","ポケモンのどうぐは、自分のポケモンにつけて使う。ポケモン1匹につき1枚だけつけられ、つけたままにする。",""
"cmo1u6rax06875ueezr9ispa7","龍之秘藥","ITEM","H","將自己的戰鬥場的【龍】寶可夢恢復「60」HP。","自分のバトル場のポケモンのHPを「60」回復する。","Heal 60 damage from your Active {N} Pokémon."
"cmo1u6px603tj5uee710fni4p","火箭隊的蘭斯","SUPPORTER","I","這張卡在先攻玩家的最初回合也可使用。  從自己的牌庫選擇最多3張【基礎】寶可夢的「火箭隊的寶可夢」，在給對手看過後加入手牌。並且重洗牌庫。","このカードは、先攻プレイヤーの最初の番でも使える。自分の山札からたねポケモンの「ロケット団のポケモン」を3枚まで選び、相手に見せて、手札に加える。そして山札を切る。","If you go first, you may use this card during your first turn.  Search your deck for up to 3 Basic Team Rocket’s Pokémon, reveal them, and put them into your hand. Then, shuffle your deck."
"cmo1u7fsk1cfj5ueebyzinuan","黑暗球","ITEM","H","查看自己的牌庫下方7張卡，從其中選擇1張寶可夢卡，在給對手看過後加入手牌。將剩餘卡放回牌庫並重洗。","自分の山札を下から7枚見て、その中からポケモンを1枚選び、相手に見せて、手札に加える。残りのカードは山札にもどして切る。","Look at the bottom 7 cards of your deck. You may reveal a Pokémon you find there and put it into your hand. Shuffle the other cards back into your deck."
"cmo1u6rb1068f5uee8xcvdaqw","千香果","TOOL","H","‌附有這張卡的寶可夢受到對手的【水】寶可夢招式的傷害時，那個傷害「-60」點，將這張卡丟棄。","このカードをつけているポケモンが、相手のポケモンからワザのダメージを受けるとき、そのダメージは「-60」され、このカードをトラッシュする。","If the Pokémon this card is attached to is damaged by an attack from your opponent’s {W} Pokémon, it takes 60 less damage (after applying Weakness and Resistance), and discard this card."
"cmo1u6yfm0ikq5uee0axsi1jo","遠古墓地","STADIUM","E","雙方玩家每次從自己的手牌將能量附於寶可夢（【超】寶可夢除外）身上時，在那隻寶可夢身上放置2個傷害指示物。","おたがいのプレイヤーは、それぞれ、自分の手札からエネルギーをポケモン（ポケモンをのぞく）につけるたび、そのポケモンにダメカンを2個のせる。",""
"cmobmx4sb3cvu2pc7q0z90s2u","招式學習器機","ITEM","H","從自己的牌庫選擇最多3張名稱中有「招式學習器」的「寶可夢道具」卡，在給對手看過後加入手牌。並且重洗牌庫。","","Search your deck for up to 3 Pokémon Tool cards that have “Technical Machine” in their name, reveal them, and put them into your hand. Then, shuffle your deck."
"cmo1u6pwc03s35ueegglrx3c1","艾莉絲的鬥志","SUPPORTER","I","這張卡必須將自己的1張手牌丟棄才可使用。   從牌庫抽卡直到自己的手牌滿6張為止。","このカードは、自分の手札を1枚トラッシュしなければ使えない。自分の手札が6枚になるように、山札を引く。","You can use this card only if you discard another card from your hand.  Draw cards until you have 6 cards in your hand."
"cmo1u6w220ehw5uee0fw94hsu","進化薰香","ITEM","D","從自己的牌庫選擇1張進化寶可夢卡，在給對手看過後加入手牌。並且重洗牌庫。","自分の山札から進化ポケモンを1枚選び、相手に見せて、手札に加える。そして山札を切る。",""
"cmo1u6tdq09tm5uee86byx65r","奇巴納","SUPPORTER","E","這張卡必須在上個對手的回合自己的寶可夢【昏厥】了才可使用。      從自己的棄牌區選擇1張基本能量卡，附於自己的寶可夢身上。然後，從自己的牌庫任意選擇1張卡加入手牌。並且重洗牌庫。","このカードは、前の相手の番に、自分のポケモンがきぜつしていなければ使えない。自分のトラッシュから基本エネルギーを1枚選び、自分のポケモンにつける。その後、自分の山札から好きなカードを1枚選び、手札に加える。そして山札を切る。",""
"cmo1u6ypj0j1x5uee5fg6r20y","橡膠手套","TOOL","E","附有這張卡的寶可夢使用的招式，對對手的戰鬥場的【雷】寶可夢造成的傷害「+30」點。","ポケモンのどうぐは、自分のポケモンにつけて使う。ポケモン1匹につき1枚だけつけられ、つけたままにする。",""
"cmo1u6ypl0j215ueep2c1j7j1","靈界面具","TOOL","E","當附有這張卡的寶可夢在戰鬥場受到對手的寶可夢招式的傷害時，對手選擇對手自己的1張手牌，將其丟棄。","ポケモンのどうぐは、自分のポケモンにつけて使う。ポケモン1匹につき1枚だけつけられ、つけたままにする。",""
"cmo1u6ypv0j2h5ueeirfgcaj7","希嘉娜的決心","SUPPORTER","E","這張卡必須將自己的2張手牌丟棄才可使用。       從自己的牌庫抽出與對手的場上寶可夢相同數量的卡。","このカードは、自分の手札を2枚トラッシュしなければ使えない。相手の場のポケモンの数ぶん、自分の山札を引く。",""
"cmo1u6rb8068r5ueeqf04h5t1","璀璨結晶","TOOL","H","附有這張卡的「太晶」寶可夢使用招式時，使用那個招式所需的能量減少1個。（減少的能量任何屬性皆可。）","このカードをつけている「テラスタル」のポケモンがワザを使うとき、そのワザを使うためのエネルギーは、1個ぶん少なくなる。（少なくなるのは、どのタイプのエネルギーでもよい。）","When the Tera Pokémon this card is attached to uses an attack, that attack costs 1 Energy less. (The Energy can be of any type.)"
"cmo1u7g3d1cwa5uee6hloxy7k","席藍","SUPPORTER","H","從自己的牌庫選擇最多3張「寶可夢【ex】」卡，在給對手看過後加入手牌。並且重洗牌庫。","自分の山札から「ポケモンex」を3枚まで選び、相手に見せて、手札に加える。そして山札を切る。","Search your deck for up to 3 Pokémon {ex}, reveal them, and put them into your hand. Then, shuffle your deck."
"cmo1u6rcu06bj5ueej6dh4dgm","杜若","SUPPORTER","H","查看自己的牌庫上方7張卡，從其中選擇寶可夢卡與訓練家卡各1張，在給對手看過後加入手牌。將剩餘卡放回牌庫並重洗。","自分の山札を上から7枚見て、その中からポケモンとトレーナーズを1枚ずつ選び、相手に見せて、手札に加える。残りのカードは山札にもどして切る。","Look at the top 7 cards of your deck. You may reveal a Pokémon and a Trainer card you find there and put them into your hand. Shuffle the other cards back into your deck."
"cmo1u7esz1arc5uee5fvt0ngy","枇琶","SUPPORTER","H","查看對手的手牌，從其中選擇最多2張物品卡，將其丟棄。","相手の手札を見て、その中からグッズを2枚まで選び、トラッシュする。","Your opponent reveals their hand, and you discard up to 2 Item cards you find there."
"cmo1u6ucb0bi15uee6xxlgl9d","珠貝","SUPPORTER","F","從自己的牌庫選擇【水】寶可夢卡與物品卡各1張，在給對手看過後加入手牌。並且重洗牌庫。","自分の山札からポケモンとグッズをそれぞれ1枚ずつ選び、相手に見せて、手札に加える。そして山札を切る。",""
"cmo1u7g321cvu5ueeqvzhcxho","奇跡耳麥","ITEM","H","從自己的棄牌區選擇最多2張支援者卡，在給對手看過後加入手牌。","自分のトラッシュからサポートを2枚まで選び、相手に見せて、手札に加える。","Put up to 2 Supporter cards from your discard pile into your hand."
"cmo1u6xo10hae5uee0x4vez3v","藤樹","SUPPORTER","E","從自己的牌庫選擇最多3張「連擊」【基礎】寶可夢卡，放置於備戰區。並且重洗牌庫。","自分の山札から「れんげき」のたねポケモンを3枚まで選び、ベンチに出す。そして山札を切る。",""
"cmo1u6ujx0bv75uee6vnk68b6","阿克羅瑪的實驗","SUPPORTER","F","查看自己的牌庫上方5張卡，選擇其中3張卡加入手牌。將剩餘卡放置於放逐區。","自分の山札を上から5枚見て、その中からカードを3枚選び、手札に加える。残りのカードはロストゾーンに置く。",""
"cmo1u6vcq0d9g5uee4dpil1ug","小菊兒的璀璨","SUPPORTER","E","選擇最多2隻自己的「匯流」寶可夢，從牌庫附給那些寶可夢各1張「匯流能量」卡。並且重洗牌庫。","自分の「フュージョン」のポケモンを2匹まで選び、山札から「フュージョンエネルギー」を1枚ずつつける。そして山札を切る。",""
"cmo1u7ezf1b2m5ueemtor7uq6","全金屬實驗室","STADIUM","H","雙方的【鋼】寶可夢，受到對手的寶可夢招式的傷害「-30」點。","おたがいのポケモンが、相手のポケモンから受けるワザのダメージは「-30」される。","{M} Pokémon (both yours and your opponent’s) take 30 less damage from attacks from the opponent’s Pokémon (after applying Weakness and Resistance)."
"cmo1u7iae1gk15ueebnc3m347","野餐女孩","SUPPORTER","H","擲1次硬幣。若為正面，則從自己的牌庫抽出4張卡，若為反面，則從自己的牌庫抽出2張卡。","コインを1回投げる。オモテなら4枚、ウラなら2枚、自分の山札を引く。",""
"cmo1u6oit01f85ueezhlyp34p","改造之錘","ITEM","H","選擇1個對手的場上寶可夢身上附加的特殊能量，將其丟棄。","相手の場のポケモンについている特殊エネルギーを1個選び、トラッシュする。","You can use this card only if you go second, and only during your first turn.  Put an Energy attached to 1 of your opponent’s Pokémon into their hand."
"cmo1u6pc102t05ueemqwpqc20","滿充的體貼","SUPPORTER","I","將自己的1隻「超級進化寶可夢【ex】」的HP全部恢復。然後，將恢復的寶可夢身上附加的能量卡全部放回手牌。","自分の「メガシンカex」1匹のHPを、すべて回復する。その後、回復したポケモンについているエネルギーを、すべて手札にもどす。","Heal all damage from 1 of your Mega Evolution Pokémon {ex}. If you healed any damage in this way, put all Energy attached to that Pokémon into your hand."
"cmo1u6q0g03z85uee5qnkz3v4","勇氣護符","TOOL","G","附有這張卡的【基礎】寶可夢的最大HP「+50」。","このカードをつけているたねポケモンの最大HPは「＋50」される。",""
"cmo1u7fei1bs25ueey1qcmry7","中立中心","STADIUM","H","雙方的所有寶可夢（「擁有規則的寶可夢」除外），不會受到對手的「寶可夢【ex】・【V】」招式的傷害。    這張卡只要在棄牌區，無法加入手牌，無法放回牌庫。","おたがいのポケモン（「ルールを持つポケモン」をのぞく）全員は、相手の「ポケモンex・V」からワザのダメージを受けない。このカードは、トラッシュにあるかぎり、手札に加えられず、山札にもどせない。","Prevent all damage done to Pokémon that don’t have a Rule Box (both yours and your opponent’s) by attacks from the opponent’s Pokémon {ex} and Pokémon {V}. (Pokémon {ex}, Pokémon {V}, etc. have Rule Boxes.)  This card can’t be put into your hand or deck from the discard pile."
"cmo1u6ve10dbo5ueee8ukfn9z","熔岩的瀑布深潭","STADIUM","F","雙方玩家在每個自己的回合時，可使用1次，可從自己的棄牌區選擇1張【火】能量卡，附於自己的備戰區的【火】寶可夢身上。這個情況下，在附上那張卡的寶可夢身上放置2個傷害指示物。","おたがいのプレイヤーは、自分の番ごとに1回、自分のトラッシュからエネルギーを1枚選び、自分のベンチのポケモンにつけてよい。その場合、つけたポケモンにダメカンを2個のせる。",""
"cmo1u6vdp0db45ueebazhdfx3","暴風雨山脈","STADIUM","E","雙方玩家在每個自己的回合時，可使用1次，可從自己的牌庫選擇1張【雷】或者【龍】屬性的【基礎】寶可夢卡，放置於備戰區。並且重洗牌庫。","おたがいのプレイヤーは、自分の番ごとに1回、自分の山札からまたはタイプのたねポケモンを1枚選び、ベンチに出してよい。そして山札を切る。",""
"cmo1u7fe21bra5uee7420apzi","仙后","SUPPORTER","H","這張卡只有在自己的手牌只有這1張時才可使用。    從自己的牌庫任意選擇最多2張卡加入手牌。並且重洗牌庫。","このカードは、自分の手札がこのカード1枚だけのときにしか使えない。自分の山札から好きなカードを2枚まで選び、手札に加える。そして山札を切る。","You can use this card only when it is the last card in your hand.  Search your deck for up to 2 cards and put them into your hand. Then, shuffle your deck."
"cmo1u7hat1ey35ueelhxchnyy","短褲小子","SUPPORTER","G","將自己的手牌全部放回牌庫並重洗。然後，從牌庫抽出5張卡。","自分の手札をすべて山札にもどして切る。その後、山札を5枚引く。",""
"cmo1u7azk146l5uee5b1uyi2h","滑稽演員","SUPPORTER","I","雙方玩家各將手牌全部放回牌庫並重洗。然後，自己擲1次硬幣，若為正面，則從牌庫抽卡，自己抽出5張，對手抽出3張。若為反面，則從牌庫抽卡，自己抽出3張，對手抽出5張。","おたがいのプレイヤーは、それぞれ手札をすべて山札にもどして切る。その後、自分はコインを1回投げ、オモテなら自分は5枚、相手は3枚、山札を引く。ウラなら自分は3枚、相手は5枚、山札を引く。","Each player shuffles their hand into their deck. Then, flip a coin. If heads, you draw 5 cards, and your opponent draws 3 cards. If tails, you draw 3 cards, and your opponent draws 5 cards."
"cmo1u8jid390d5uee7ddbog0i","大陽傘","TOOL","D","寶可夢道具卡，附於自己的寶可夢使用。1隻寶可夢只可附上1張寶可夢道具卡，並且保持附加狀態。","",""
"cmo1u79pr11zb5ueesppju1oq","古魯夏","SUPPORTER","G","從牌庫抽卡直到自己的手牌滿5張為止。若自己的場上寶可夢身上1張能量卡都沒有附加，則抽卡直到滿7張為止。","自分の手札が5枚になるように、山札を引く。自分の場のポケモンにエネルギーが1枚もついていないなら、7枚になるように引く。",""
"cmo1u7cul17ci5ueepb7xp5rk","皮拿","SUPPORTER","G","選擇對手的所有寶可夢身上各自附加的特殊能量各1個，將其丟棄。","相手のポケモン全員についている特殊エネルギーをそれぞれ1個ずつ選び、トラッシュする。","Discard a Special Energy from each of your opponent’s Pokémon."
"cmo1u7adq134j5ueeqs1g9bcv","阻礙之塔","STADIUM","H","雙方的所有寶可夢身上附加的「寶可夢道具」卡的效果全部消除。","おたがいのポケモン全員についている「ポケモンのどうぐ」の効果は、すべてなくなる。","Pokémon Tools attached to each Pokémon (both yours and your opponent’s) have no effect."
"cmo1u6u870baz5ueekcvi20eb","通頂雪道","STADIUM","E","雙方場上的「擁有規則的寶可夢」的特性全部消除。","おたがいの場の「ルールを持つポケモン」の特性は、すべてなくなる。",""
"cmo1u7a4v12pc5ueetd6x5fem","激動競技場","STADIUM","H","雙方場上所有【基礎】寶可夢的最大HP各「+30」。","おたがいの場のたねポケモン全員の最大HPは、それぞれ「＋30」される。","Each Basic Pokémon in play (both yours and your opponent’s) gets +30 HP."
"cmo1u7p9n1sjj5ueegi38f6q8","招式學習器 演進","TOOL","G","附有這張卡的寶可夢，可使用這張卡上寫的招式。[需要有足夠使用招式的能量。] 將附於寶可夢身上的這張卡，在自己的回合結束時丟棄。","自分のベンチポケモンを2匹まで選び、そのポケモンから進化するカードを、自分の山札から1枚ずつ選び、それぞれにのせて進化させる。そして山札を切る。",""
"cmo1u7eob1aja5ueek1m0owy0","緊急滑板","TOOL","H","附有這張卡的寶可夢，【撤退】所需的能量減少1個。若那隻寶可夢的剩餘HP為「30」以下，則【撤退】所需的能量全部消除。","このカードをつけているポケモンは、にげるためのエネルギーが1個ぶん少なくなる。そのポケモンの残りHPが「30」以下なら、にげるためのエネルギーは、すべてなくなる。","The Retreat Cost of the Pokémon this card is attached to is {C} less. If that Pokémon’s remaining HP is 30 or less, it has no Retreat Cost."
"cmo1u6ucd0bi55ueen7bwbhhf","查克洛","SUPPORTER","F","在這個回合，自己的【鬥】寶可夢使用的招式，對對手的戰鬥寶可夢造成的傷害「+30」點。  在自己的回合，若將自己的2張手牌（「查克洛」除外）丟棄，則可從自己的棄牌區將這張「查克洛」給對手看過後加入手牌。（在自己的回合時可使用的支援者卡的張數中，不包含這個效果。）","この番、自分のポケモンが使うワザの、相手のバトルポケモンへのダメージは「+30」される。自分の番に、自分の手札（「ザクロ」をのぞく）を2枚トラッシュするなら、この「ザクロ」を自分のトラッシュから、相手に見せて、手札に加える。（この効果は、自分の番に使えるサポートの枚数にふくまない。）",""
"cmo1u8jt039h45ueeuw9p99ml","堅韌斗篷","TOOL","D","寶可夢道具卡，附於自己的寶可夢使用。1隻寶可夢只可附上1張寶可夢道具卡，並且保持附加狀態。","",""
"cmo1u6rdo06cz5uee6bqd0bsg","賽吉","SUPPORTER","H","從自己的牌庫選擇1張自己的1隻場上寶可夢進化而來的卡（擁有特性的寶可夢除外），放置於那隻寶可夢身上完成進化。並且重洗牌庫。（對對戰準備時使出的寶可夢或這個回合剛使出的寶可夢也可使用。）","自分の場のポケモン1匹から進化するカード（特性を持つポケモンをのぞく）を、自分の山札から1枚選び、そのポケモンにのせて進化させる。そして山札を切る。（対戦準備で出したポケモンや、この番出したばかりのポケモンにも使える。）","Search your deck for a card that has no Abilities and evolves from 1 of your Pokémon, and put it onto that Pokémon to evolve it. Then, shuffle your deck. You can use this card on a Pokémon you put down when you were setting up to play or on a Pokémon that was put into play this turn."
"cmo1u6t4x09eb5ueemeimp4l1","活力頭帶","TOOL","G","附有這張卡的寶可夢使用的招式，對對手的戰鬥寶可夢造成的傷害「+10」點。","ポケモンのどうぐは、自分のポケモンにつけて使う。ポケモン1匹につき1枚だけつけられ、つけたままにする。",""
"cmo1u6yxo0jf85ueefx20n1io","滑板選手的公園","STADIUM","E","雙方的戰鬥寶可夢【撤退】時，若丟棄的能量為基本能量，則不丟棄那些能量，而是放回自己的手牌。","おたがいのバトルポケモンがにげるとき、トラッシュするエネルギーが基本エネルギーなら、そのエネルギーはトラッシュせず、自分の手札にもどす。",""
"cmo1u6y9t0iao5ueegdlnqswr","生存組合","ITEM","E","查看自己的牌庫下方3張卡，以任意順序排列，放回牌庫上方。","©Pokémon. ©Nintendo/Creatures Inc./GAME FREAK inc.ポケットモンスター・ポケモン・Pokémonは任天堂・クリーチャーズ・ゲームフリークの登録商標です。このホームページに掲載された画像その他の内容の無断転載はお断りします。",""
"cmp2dg2ol2w0q116cakd9rt7u","正輝的輸送[支援者]","SUPPORTER","G","查看自己的牌庫上方8張卡，從其中選擇任意數量的寶可夢卡，在給對手看過後加入手牌。將剩餘卡放回牌庫並重洗。","自分の山札を上から8枚見て、その中からポケモンを好きなだけ選び、相手に見せて、手札に加える。残りのカードは山札にもどして切る。","Look at the top 8 cards of your deck. You may reveal any number of Pokémon you find there and put them into your hand. Shuffle the other cards back into your deck."
"cmo1u6xnn0h9q5ueevtsv2x2d","梨花的信念","SUPPORTER","E","在這個回合，自己的「一擊」寶可夢使用的招式，對對手的戰鬥寶可夢造成的傷害，依對手已經獲得的獎賞卡每1張「+20」點。","この番、自分の「いちげき」のポケモンが使うワザの、相手のバトルポケモンへのダメージは、相手がすでにとったサイド1枚につき「+20」される。",""
"cmo1u6pz503ww5ueeaynla0qz","電氣發生器","ITEM","G","查看自己的牌庫上方5張卡，從其中選擇最多2張「基本【雷】能量」卡，以任意方式附於備戰區的【雷】寶可夢身上。將剩餘卡放回牌庫並重洗。","自分の山札を上から5枚見て、その中から「基本エネルギー」を2枚まで選び、ベンチのポケモンに好きなようにつける。残りのカードは山札にもどして切る。",""
"cmo1u8kbd3aah5ueebclymtel","普通釣竿","ITEM","D","從自己的棄牌區選擇最多2張寶可夢卡與最多2張基本能量卡，在給對手看過後放回牌庫並重洗。（可只選擇寶可夢卡或者只選擇基本能量卡。）","",""
"cmo1u8kce3ac95uee6zmorduc","鄧培","SUPPORTER","D","從自己的牌庫抽出2張卡。與對手玩家猜拳，若己方獲勝，則再抽出2張卡。","",""
"cmo1u7btc15ln5uee9uo38tf9","米莫莎","SUPPORTER","G","從自己的棄牌區選擇最多5張寶可夢卡，在給對手看過後放回牌庫並重洗。然後，從牌庫抽出3張卡。","自分のトラッシュからポケモンを5枚まで選び、相手に見せて、山札にもどして切る。その後、山札を3枚引く。",""
"cmo1u6pj003535ueearu1et49","小光","SUPPORTER","I","從自己的牌庫選擇「【基礎】寶可夢」卡「【1階進化】寶可夢」卡「【2階進化】寶可夢」卡各一張，在給對手看過後加入手牌。並且重洗牌庫。","自分の山札から「たねポケモン」「1進化ポケモン」「2進化ポケモン」を1枚ずつ選び、相手に見せて、手札に加える。そして山札を切る。","Search your deck for a Basic Pokémon, a Stage 1 Pokémon, and a Stage 2 Pokémon, reveal them, and put them into your hand. Then, shuffle your deck."
"cmo1u6pjc035n5ueevfuyyjby","暈眩山谷","STADIUM","I","雙方的【混亂】的寶可夢，就算進化・退化，【混亂】也不會恢復。","おたがいのこんらんのポケモンは、進化・退化してもこんらんが回復しない。","Confused Pokémon (both yours and your opponent’s) don’t recover from that Special Condition when they evolve or devolve."
"cmo1u6y4d0i175ueepwefc53g","雪葉徽章","TOOL","E","寶可夢道具卡，附於自己的寶可夢使用。1隻寶可夢只可附上1張寶可夢道具卡，並且保持附加狀態。","ポケモンのどうぐは、自分のポケモンにつけて使う。ポケモン1匹につき1枚だけつけられ、つけたままにする。",""
"cmo1u6y4g0i1b5ueeti8fsoft","月亮與太陽徽章","TOOL","E","寶可夢道具卡，附於自己的寶可夢使用。1隻寶可夢只可附上1張寶可夢道具卡，並且保持附加狀態。","ポケモンのどうぐは、自分のポケモンにつけて使う。ポケモン1匹につき1枚だけつけられ、つけたままにする。",""
"cmo1u7em21afe5ueez11bdora","管理員","SUPPORTER","H","從自己的牌庫抽出2張卡。然後，若場上有「居民會館」，則不丟棄這張「管理員」，而是放回牌庫並重洗。","自分の山札を2枚引く。その後、場に「公民館」が出ているなら、この「管理人」はトラッシュせず、山札にもどして切る。","Draw 2 cards. If you drew any cards in this way and if Community Center is in play, shuffle this Caretaker into your deck instead of discarding it."
"cmo1u6ykg0it45ueevznyxmtl","掉包杯","ITEM","E","選擇1張自己的手牌，與牌庫上方的卡互換。","©Pokémon. ©Nintendo/Creatures Inc./GAME FREAK inc.ポケットモンスター・ポケモン・Pokémonは任天堂・クリーチャーズ・ゲームフリークの登録商標です。このホームページに掲載された画像その他の内容の無断転載はお断りします。",""
"cmo1u6vcd0d8s5ueerwr7xusg","救援行李箱","ITEM","E","從自己的棄牌區選擇最多2張HP為「90」以下的寶可夢卡，在給對手看過後加入手牌。","自分のトラッシュからHPが「90」以下のポケモンを2枚まで選び、相手に見せて、手札に加える。",""
"cmo1u6tdn09ti5ueel1jxj9rm","彩豆","SUPPORTER","D","將自己的牌庫上方5張卡丟棄，將其中的能量卡全部以任意方式附於備戰區的【鬥】寶可夢身上。","自分の山札を上から5枚トラッシュし、その中にあるエネルギーをすべて、ベンチのポケモンに好きなようにつける。",""
"cmo1u6xns0h9y5ueeqoeh7oba","山谷回音喇叭","ITEM","E","從對手的棄牌區選擇1張【基礎】寶可夢卡，放置於對手的備戰區。","相手のトラッシュからたねポケモンを1枚選び、相手のベンチに出す。",""
"cmo1u6vbw0d805ueeb9eynkgm","霧之水晶","ITEM","E","從自己的牌庫選擇1張【超】屬性的【基礎】寶可夢卡或者【超】能量卡，在給對手看過後加入手牌。並且重洗牌庫。","自分の山札からタイプのたねポケモンまたはエネルギーを1枚選び、相手に見せて、手札に加える。そして山札を切る。",""
"cmo1u6rcy06br5uee9n9sdm17","悟松","SUPPORTER","H","雙方玩家各將自己的手牌全部翻回反面並重洗，放回牌庫下方。然後，雙方玩家各擲1次硬幣，若為正面，則從牌庫抽出6張卡，若為反面，則從牌庫抽出3張卡。","おたがいのプレイヤーは、それぞれ自分の手札をすべてウラにして切り、山札の下にもどす。その後、おたがいのプレイヤーは、それぞれコインを1回投げ、オモテなら6枚、ウラなら3枚、山札を引く。","Each player shuffles their hand and puts it on the bottom of their deck. If either player put any cards on the bottom of their deck in this way, each player flips a coin. If heads, that player draws 6 cards. If tails, they draw 3 cards."
"cmo1u6te609ue5ueezpkku28u","克拉拉","SUPPORTER","E","從自己的棄牌區選擇最多2張寶可夢卡與最多2張基本能量卡，在給對手看過後加入手牌。（可只選擇寶可夢卡或者只選擇基本能量卡。）","自分のトラッシュからポケモンを2枚までと、基本エネルギーを2枚まで選び、相手に見せて、手札に加える。（ポケモンまたは基本エネルギーのどちらかだけでもよい。）",""
"cmo1u7f7o1bgg5ueecee5omsq","秘密箱","ITEM","H","這張卡必須將自己的3張手牌丟棄才可使用。  從自己的牌庫選擇「物品」「寶可夢道具」「支援者」「競技場」卡各1張，在給對手看過後加入手牌。並且重洗牌庫。","このカードは、自分の手札を3枚トラッシュしなければ使えない。自分の山札から「グッズ」「ポケモンのどうぐ」「サポート」「スタジアム」を1枚ずつ選び、相手に見せて、手札に加える。そして山札を切る。","You can use this card only if you discard 3 other cards from your hand.    Search your deck for an Item card, a Pokémon Tool card, a Supporter card, and a Stadium card, reveal them, and put them into your hand. Then, shuffle your deck."
"cmo1u7bek14wq5ueegkfmqmz2","凰檗","SUPPORTER","G","選擇1張自己的手牌，放回牌庫下方。然後，從牌庫抽卡直到自己的手牌滿5張為止。（若自己的手牌只有這1張，則無法使用這張卡。）","自分の手札を1枚選び、山札の下にもどす。その後、自分の手札が5枚になるように、山札を引く。（自分の手札がこのカード1枚だけなら、このカードは使えない。）",""
"cmo1u8ipo37ok5ueem432k3un","嘉德麗雅","SUPPORTER","E","選擇任意數量的自己的手牌，以任意順序排列，放回牌庫下方。然後，從牌庫抽出與放回的張數相同數量的卡。","",""
"cmo1u70wp0mtq5uee96q2nwd2","捕蟲少年","SUPPORTER","E","從自己的牌庫抽出2張卡。擲1次硬幣若為正面，則再抽出2張卡。","©Pokémon. ©Nintendo/Creatures Inc./GAME FREAK inc.ポケットモンスター・ポケモン・Pokémonは任天堂・クリーチャーズ・ゲームフリークの登録商標です。このホームページに掲載された画像その他の内容の無断転載はお断りします。",""
"cmo1u8l5n3bq65ueew20vtcme","洛拍棒","ITEM","H","查看自己的牌庫上方4張卡，從其中選擇任意數量的支援者卡，在給對手看過後加入手牌。將剩餘卡放回牌庫並重洗。","","Look at the top 4 cards of your deck. You may reveal any number of Supporter cards you find there and put them into your hand. Shuffle the other cards back into your deck."
"cmo1u7aay12zu5ueeui0ad1r4","火箭隊的妨礙機器人","ITEM","I","選擇1張對手的反面朝上的獎賞卡，並在不看正面的情況下，從對手的手牌選擇1張，查看各自的正面。若希望，令對手互換所選的卡。（在對戰結束前，那張獎賞卡維持正面朝上。）","ウラになっている相手のサイド1枚と、相手の手札からオモテを見ないで1枚選び、それぞれオモテを見る。のぞむなら、選んだカードを相手に入れ替えさせる。（対戦が終わるまで、そのサイドはオモテのまま。）","Turn 1 of your opponent’s face-down Prize cards face up and choose a random card from your opponent’s hand. Your opponent reveals that card. You may have your opponent switch those cards. (That Prize card remains face up for the rest of the game.)"
"cmo1u6uc30bho5ueenb3qih10","洗翠的沉重球","ITEM","F","查看自己的所有反面朝上的獎賞卡的正面。從其中選擇1張【基礎】寶可夢卡，在給對手看過後，與這張「洗翠的沉重球」卡互換並加入手牌。將看過的獎賞卡與換入的卡全部翻回反面並重洗，作為獎賞卡放置。","ウラになっている自分のサイドのオモテをすべて見る。その中からたねポケモンを1枚選び、相手に見せて、この「ヒスイのヘビーボール」と入れ替えて、手札に加える。見たサイドや入れ替えたカードはすべてウラにして切り、サイドとして置く。",""
"cmo1u6rbv069v5ueeeqlqr0zc","莓榴果","TOOL","H","附有這張卡的寶可夢受到對手的【龍】寶可夢招式的傷害時，那個傷害「-60」點，將這張卡丟棄。","このカードをつけているポケモンが、相手のポケモンからワザのダメージを受けるとき、そのダメージは「-60」され、このカードをトラッシュする。","If the Pokémon this card is attached to is damaged by an attack from your opponent’s {N} Pokémon, it takes 60 less damage (after applying Weakness and Resistance), and discard this card."
"cmo1u7c6m166i5ueerzgejti6","陳舊的甲殼化石","ITEM","G","這張卡可作為HP60的【無】屬性的【基礎】寶可夢放置於場上。這張卡不會陷入特殊狀態，無法撤退。 若在自己的回合中，則可將場上的這張卡丟棄。  [特性]甲殼鎧甲 這隻寶可夢受到招式的傷害「-30」點。 | 在自己的回合時，物品卡可不限張數使用。","このポケモンが受けるワザのダメージは「-30」される。",""
"cmo1u8l9g3bwj5ueee4x54tmb","慶祝開場樂","STADIUM","H","雙方玩家在每個自己的回合時，可使用1次，可將自己的所有寶可夢各恢復「10」HP。這個情況下，自己的回合結束。","",""
"cmo1u6ram067q5ueemxmbibl1","火箭隊的超級球","ITEM","I","擲1次硬幣。若為正面，則從自己的牌庫選擇1張進化寶可夢的「火箭隊的寶可夢」，若為反面，則選擇1張【基礎】寶可夢的「火箭隊的寶可夢」，在給對手看過後加入手牌。並且重洗牌庫。","コインを1回投げる。オモテなら進化ポケモンの「ロケット団のポケモン」、ウラならたねポケモンの「ロケット団のポケモン」を自分の山札から1枚選び、相手に見せて、手札に加える。そして山札を切る。","Flip a coin. If heads, search your deck for an Evolution Team Rocket’s Pokémon, reveal it, and put it into your hand. If tails, search your deck for a Basic Team Rocket’s Pokémon, reveal it, and put it into your hand. Then, shuffle your deck."
"cmo1u6pxo03uf5ueel2ql1xsm","化朗鎮","STADIUM","I","雙方的「赫普的寶可夢」使用的招式，對對手的戰鬥寶可夢造成的傷害「+30」點。","おたがいの「ホップのポケモン」が使うワザの、相手のバトルポケモンへのダメージは「+30」される。","Attacks used by Hop’s Pokémon (both yours and your opponent’s) do 30 more damage to the opponent’s Active Pokémon (before applying Weakness and Resistance)."
"cmo1u6px103tb5ueetj9ax3n7","火箭隊的阿波羅","SUPPORTER","I","這張卡必須在上個對手的回合自己的「火箭隊的寶可夢」【昏厥】了才可使用。    雙方玩家各將手牌全部放回牌庫並重洗。然後，從牌庫抽卡，自己抽出5張，對手抽出3張。","このカードは、前の相手の番に、自分の「ロケット団のポケモン」がきぜつしていなければ使えない。おたがいのプレイヤーは、それぞれ手札をすべて山札にもどして切る。その後、自分は5枚、相手は3枚、山札を引く。","You can use this card only if any of your Team Rocket’s Pokémon were Knocked Out during your opponent’s last turn.  Each player shuffles their hand into their deck. Then, you draw 5 cards, and your opponent draws 3 cards."
"cmo1u7c6v166y5ueemfvvikag","莉佳的招待[支援者]","SUPPORTER","G","查看對手的手牌，從其中選擇1張【基礎】寶可夢卡，放置於對手的備戰區。然後，將那隻寶可夢與戰鬥寶可夢互換。","相手の手札を見て、その中からたねポケモンを1枚選び、相手のベンチに出す。その後、そのポケモンをバトルポケモンと入れ替える。","Your opponent reveals their hand, and you put a Basic Pokémon you find there onto your opponent’s Bench. If you put a Pokémon onto their Bench in this way, switch in that Pokémon to the Active Spot."
"cmo1u8enn30pf5ueegi8mheim","電次","SUPPORTER","B","從自己的牌庫抽出物品卡與【雷】能量卡各1張，在給對手看過後加入手牌。並且重洗牌庫。","",""
"cmo1u7bet14x65uee2hka91c2","深缽鎮","STADIUM","G","雙方玩家在每個自己的回合時，可使用1次，可從自己的牌庫選擇1張【基礎】寶可夢卡（「擁有規則的寶可夢」除外），放置於備戰區。並且重洗牌庫。","おたがいのプレイヤーは、自分の番ごとに1回、自分の山札からたねポケモン（「ルールを持つポケモン」をのぞく）を1枚選び、ベンチに出してよい。そして山札を切る。","Once during each player’s turn, that player may search their deck for a Basic Pokémon that doesn’t have a Rule Box and put it onto their Bench. Then, that player shuffles their deck. (Pokémon {ex}, Pokémon {V}, etc. have Rule Boxes.)"
"cmo1u6r9c065i5ueesjs3mwds","急進開關","ITEM","H","將自己的戰鬥寶可夢與備戰寶可夢互換。然後，選擇換入備戰區的寶可夢身上附加的任意數量的能量卡，改附於新的戰鬥寶可夢身上。","自分のバトルポケモンをベンチポケモンと入れ替える。その後、ベンチに入れ替えたポケモンについているエネルギーを好きなだけ選び、新しいバトルポケモンにつけ替える。",""
"cmo1u7bev14xa5ueewne3ao17","阿速","SUPPORTER","G","從自己的牌庫抽出2張卡。若場上有自己的競技場卡，則再抽出2張卡。","自分の山札を2枚引く。場に自分のスタジアムが出ているなら、さらに2枚引く。",""
"cmo1u6r99065e5uee3vq8klcj","高級香氛","ITEM","H","從自己的牌庫選擇最多3張【1階進化】寶可夢卡，在給對手看過後加入手牌。並且重洗牌庫。","自分の山札から1進化ポケモンを3枚まで選び、相手に見せて、手札に加える。そして山札を切る。","Search your deck for up to 3 Stage 1 Pokémon, reveal them, and put them into your hand. Then, shuffle your deck."
"cmo1u6q0503yo5ueewmqlttl3","極限腰帶","TOOL","H","附有這張卡的寶可夢使用的招式，對對手的戰鬥場的「寶可夢【ex】」造成的傷害「+50」點。","このカードをつけているポケモンが使うワザの、相手のバトル場の「ポケモンex」へのダメージは「+50」される。","Attacks used by the Pokémon this card is attached to do 50 more damage to your opponent’s Active Pokémon {ex} (before applying Weakness and Resistance)."
"cmo1u6p6802j35ueemwfedx3l","馬志士的交易","SUPPORTER","I","詢問對手是否希望「雙方玩家各自獲得1張獎賞卡。」。若對手希望，則雙方玩家各自獲得1張獎賞卡。若不希望，則自己從牌庫抽出4張卡。","「おたがいのプレイヤーは、それぞれサイドを1枚とる。」をのぞむか、相手にたずねる。相手がのぞむなら、おたがいのプレイヤーは、それぞれサイドを1枚とる。のぞまないなら、自分は山札を4枚引く。","Ask your opponent if each player may take a Prize card. If yes, each player takes a Prize card. If no, you draw 4 cards."
"cmo1u6p1f02at5ueepbmlybsv","氣球","TOOL","I","附有這張卡的寶可夢，【撤退】所需的能量減少2個。","ポケモンのどうぐは、自分のポケモンにつけて使う。ポケモン1匹につき1枚だけつけられ、つけたままにする。","The Retreat Cost of the Pokémon this card is attached to is {C}{C} less."
"cmo1u6u6q0b8f5ueesfn926c2","剛石","SUPPORTER","F","這張卡必須從自己的手牌將2張【鋼】能量卡丟棄才可使用。  從自己的牌庫任意選擇最多2張卡加入手牌。並且重洗牌庫。","このカードは、自分の手札からエネルギーを2枚トラッシュしなければ使えない。自分の山札から好きなカードを2枚まで選び、手札に加える。そして山札を切る。",""
"cmo1u7dmr18p75ueeai7f3hy7","帕底亞的學生","SUPPORTER","G","從自己的牌庫選擇1張寶可夢卡（「擁有規則的寶可夢」除外），在給對手看過後加入手牌。並且重洗牌庫。可加入手牌的寶可夢卡的張數增加與自己的棄牌區的「帕底亞的學生」（這張卡除外）的張數相同數量。","自分の山札からポケモン（「ルールを持つポケモン」をのぞく）を1枚選び、相手に見せて、手札に加える。そして山札を切る。手札に加えられるポケモンの枚数は、自分のトラッシュにある「パルデアの学生」（このカードをのぞく）の枚数ぶん多くなる。","Search your deck for a Pokémon that doesn’t have a Rule Box, reveal it, and put it into your hand. For each Paldean Student card (not including this card) in your discard pile, you may search for an additional Pokémon in this way. Then, shuffle your deck. (Pokémon {ex}, Pokémon {V}, etc. have Rule Boxes.)"
"cmo1u7btf15lr5ueeac7k8jcj","桌台市","STADIUM","G","雙方玩家在每個自己的回合時，可使用1次，可擲1次硬幣。若為正面， 從自己的牌庫選擇1張寶可夢卡，在給對手看過後加入手牌。並且重洗牌庫。","おたがいのプレイヤーは、自分の番ごとに1回、コインを1回投げてよい。オモテなら、自分の山札からポケモンを1枚選び、相手に見せて、手札に加える。そして山札を切る。",""
"cmo1u7dld18mu5uee8n5ize78","妮莫的背包","ITEM","G","從自己的棄牌區選擇最多2張「妮莫」，在給對手看過後加入手牌。","自分のトラッシュから「ネモ」を2枚まで選び、相手に見せて、手札に加える。",""
"cmo1u6xth0hjo5ueeoimu5xkz","學習裝置","TOOL","G","每次當自己的戰鬥寶可夢受到對手的寶可夢招式的傷害而【昏厥】時，可選擇1張那隻寶可夢身上附加的基本能量卡，改附於附有這張卡的寶可夢身上。","自分のバトルポケモンが、相手のポケモンからワザのダメージを受けてきぜつするたび、そのポケモンについている基本エネルギーを1枚選び、このカードをつけているポケモンにつけ替えてよい。",""
"cmo1u7d3917rl5ueewh7w35mb","寶可夢聯盟總部","STADIUM","G","雙方場上【基礎】寶可夢使用招式所需的能量，各增加1個【無】能量。","おたがいの場のたねポケモンがワザを使うためのエネルギーは、それぞれエネルギー1個ぶん多くなる。",""
"cmo1u79oh11x75uee3ioyse36","牡丹","SUPPORTER","G","選擇1隻自己的場上的【基礎】寶可夢，將那隻寶可夢與附加的卡，全部放回手牌。","自分の場のたねポケモンを1匹選び、そのポケモンと、ついているすべてのカードを、手札にもどす。","Put 1 of your Pokémon in play into your hand. (Discard all cards attached to that Pokémon.)"
"cmo1u7oz91s1r5ueeljrtsy8r","琵魯","SUPPORTER","J","從牌庫抽卡直到自己的手牌滿5張為止。若希望，在從牌庫抽卡前，將自己的任意數量的手牌丟棄。","自分の手札が5枚になるように、山札を引く。のぞむなら、山札を引く前に、自分の手札を好きなだけトラッシュする。","Draw cards until you have 5 cards in your hand. Before drawing cards, you may discard any number of cards from your hand. (If you can’t draw any cards in this way, you can’t use this card.)"
"cmo1u6wq80fo75ueem63ulrmz","凸凸頭盔","TOOL","G","當附有這張卡的寶可夢在戰鬥場受到對手的寶可夢招式的傷害時，在使用招式的寶可夢身上放置2個傷害指示物。","このカードをつけているポケモンが、バトル場で相手のポケモンからワザのダメージを受けたとき、ワザを使ったポケモンにダメカンを2個のせる。",""
"cmo1u7p731sf25ueerna4ahrv","吉普索","SUPPORTER","J","從自己的棄牌區選擇最多2張「基本【鋼】能量」卡，附於自己的1隻【鋼】寶可夢身上。","自分のトラッシュから「基本エネルギー」を2枚まで選び、自分のポケモン1匹につける。",""
"cmo1u6vd70da85ueeks4ppk6u","神奧的夥伴","SUPPORTER","F","從自己的牌庫抽出3張卡。","©Pokémon. ©Nintendo/Creatures Inc./GAME FREAK inc.ポケットモンスター・ポケモン・Pokémonは任天堂・クリーチャーズ・ゲームフリークの登録商標です。このホームページに掲載された画像その他の内容の無断転載はお断りします。",""
"cmo1u7c6o166m5uee90ge9le8","安全護目鏡","TOOL","G","附有這張卡的【基礎】寶可夢的弱點全部消除。","このカードをつけているたねポケモンの弱点は、すべてなくなる。","The Basic Pokémon this card is attached to has no Weakness."
"cmo1u7c7016765ueegmy93hy8","奈奈美的幫助","SUPPORTER","G","從自己的牌庫抽出2張卡。在看過所有反面朝上的自己的獎賞卡的正面後，回復原樣。","自分の山札を2枚引く。ウラになっている自分のサイドのオモテをすべて見てから、もとにもどす。",""
"cmo1u6xnz0haa5ueeycahyyr2","伽勒爾的胸甲","TOOL","E","寶可夢道具卡，附於自己的寶可夢使用。1隻寶可夢只可附上1張寶可夢道具卡，並且保持附加狀態。","このカードをつけている、名前に「ガラル」とつくポケモンが、相手のポケモンから受けるワザのダメージは「-30」される。",""
"cmo1u79v9128t5ueevl2dfw2k","抓換臂","ITEM","G","查看對手的手牌，從其中選擇1張寶可夢卡，放回對手的牌庫下方。","相手の手札を見て、その中からポケモンを1枚選び、相手の山札の下にもどす。","Your opponent reveals their hand, and you put a Pokémon you find there on the bottom of their deck."
"cmo1u7yks28i95uee6qaq3o09","化石盔","ITEM","G","擲2次硬幣，造成正面出現的次數×70點傷害。","コインを2回投げ、オモテの数×70ダメージ。",""
"cmo1u6xz10hs55ueea67c6l6o","馬士德 連擊流","SUPPORTER","E","這張卡只有在自己的手牌只有這1張時才可使用。 從自己的棄牌區選擇1張「連擊」寶可夢卡，放置於備戰區。然後，從自己的牌庫抽出5張卡。","このカードは、自分の手札がこのカード1枚だけのときにしか使えない。自分のトラッシュから「れんげき」のポケモンを1枚選び、ベンチに出す。その後、自分の山札を5枚引く。",""
"cmo1u7elz1afa5uees6gmf035","幸運頭盔","TOOL","H","附有這張卡的寶可夢在戰鬥場受到對手的寶可夢招式的傷害時，從自己的牌庫抽出2張卡。","このカードをつけているポケモンが、バトル場で相手のポケモンからワザのダメージを受けたとき、自分の山札を2枚引く。","If the Pokémon this card is attached to is in the Active Spot and is damaged by an attack from your opponent’s Pokémon (even if this Pokémon is Knocked Out), draw 2 cards."
"cmo1u6yfi0iki5uee3a4tlo3d","連擊的卷軸 天之卷","TOOL","E","附有這張卡的「連擊」寶可夢，可使用這張卡上寫的招式。[需要有足夠使用招式的能量。]雷●　飯綱墜擊　10+增加對手的戰鬥寶可夢身上附加的能量的數量×50點傷害。","相手のバトルポケモンについているエネルギーの数×50ダメージ追加。",""
"cmo1u6y490i0z5ueem5czlgz8","元素徽章","TOOL","E","寶可夢道具卡，附於自己的寶可夢使用。1隻寶可夢只可附上1張寶可夢道具卡，並且保持附加狀態。","ポケモンのどうぐは、自分のポケモンにつけて使う。ポケモン1匹につき1枚だけつけられ、つけたままにする。",""
"cmo1u7esi1aqk5ueekwq9za1q","訂購盒","ITEM","H","若使用了這張卡，則自己的回合結束。  從自己的牌庫選擇最多2張物品卡，在給對手看過後加入手牌。並且重洗牌庫。","このカードを使ったら、自分の番は終わる。自分の山札からグッズを2枚まで選び、相手に見せて、手札に加える。そして山札を切る。","Search your deck for up to 2 Item cards, reveal them, and put them into your hand. Then, shuffle your deck. Your turn ends."
"cmo1u6pzl03xo5uee7zas9sin","頂尖捕捉器","ITEM","H","選擇1隻對手的備戰寶可夢，與戰鬥寶可夢互換。然後，將自己的戰鬥寶可夢與備戰寶可夢互換。","相手のベンチポケモンを1匹選び、バトルポケモンと入れ替える。その後、自分のバトルポケモンをベンチポケモンと入れ替える。","Switch in 1 of your opponent’s Benched Pokémon to the Active Spot. If you do, switch your Active Pokémon with 1 of your Benched Pokémon."
"cmo1u7c78167j5ueerr8yth5u","自行車道","STADIUM","G","在自己的回合時，可將1張競技場卡放置於戰鬥場旁邊。若其他競技場卡被放置，則將這張卡丟棄。名稱相同的競技場卡無法放置於場上。","おたがいのプレイヤーは、自分の番ごとに1回、自分の手札から基本エネルギーを1枚トラッシュするなら、自分の山札を1枚引いてよい。",""
"cmo1u7ggu1dji5ueen4vtn9b9","納莉","SUPPORTER","H","從自己的牌庫抽出4張卡。在使用了這張卡的回合結束時，若自己的手牌有5張以上，則將自己的手牌全部丟棄。","自分の山札を4枚引く。このカードを使った番の終わりに、自分の手札が5枚以上あるなら、自分の手札をすべてトラッシュする。","Draw 4 cards. At the end of this turn, if you have 5 or more cards in your hand, discard your hand."
"cmo1u7f7m1bgc5uee40vo3u8s","手持循環扇","TOOL","H","附有這張卡的寶可夢在戰鬥場受到對手的寶可夢招式的傷害時，選擇1個使用招式的寶可夢身上附加的能量，改附於對手的備戰寶可夢身上。","このカードをつけているポケモンが、バトル場で相手のポケモンからワザのダメージを受けたとき、ワザを使ったポケモンについているエネルギーを1個選び、相手のベンチポケモンにつけ替える。","If the Pokémon this card is attached to has full HP and would be Knocked Out by damage from an attack from your opponent’s Pokémon, it is not Knocked Out, and its remaining HP becomes 10. Then, discard this card."
"cmo1u79lc11ru5uees9ftg2qy","寇沙","SUPPORTER","G","將自己的所有手牌放回牌庫並重洗。然後，從牌庫抽出比放回張數多1張的卡。","自分の手札を数えたあと、すべて山札にもどして切る。その後、もどした枚数より1枚多くなるように、山札を引く。",""
"cmo1u7d2n17qk5uee2nnwkx23","勉勵的信","ITEM","G","這張卡必須在上個對手的回合自己的寶可夢【昏厥】了才可使用。 從自己的牌庫選擇最多3張基本能量卡，在給對手看過後加入手牌。並且重洗牌庫。","このカードは、前の相手の番に、自分のポケモンがきぜつしていなければ使えない。自分の山札から基本エネルギーを3枚まで選び、相手に見せて、手札に加える。そして山札を切る。",""
"cmo1u6p5u02if5uee6rmm62e6","除蟲噴霧","ITEM","I","將對手的戰鬥寶可夢與備戰寶可夢互換。[由對手選擇放置於戰鬥場的寶可夢。]","相手のバトルポケモンをベンチポケモンと入れ替える。［バトル場に出すポケモンは相手が選ぶ。］","Switch out your opponent’s Active Pokémon to the Bench. (Your opponent chooses the new Active Pokémon.)"
"cmo1u7c6i166a5uee0n6wevfi","大氣球","TOOL","I","附有這張卡的【2階進化】寶可夢【撤退】所需的能量全部消除。","このカードをつけている2進化ポケモンのにげるためのエネルギーは、すべてなくなる。","The Stage 2 Pokémon this card is attached to has no Retreat Cost."
"cmo1u6vd00d9w5ueept6wuyc3","杜娟","SUPPORTER","F","這張卡只可在對手剩餘獎賞卡的張數為3張以下時使用。      雙方玩家各將手牌全部放回牌庫並重洗。然後，從牌庫抽卡，自己抽出6張，對手抽出2張。","このカードは、相手のサイドの残り枚数が3枚以下のときにしか使えない。おたがいのプレイヤーは、それぞれ手札をすべて山札にもどして切る。その後、自分は6枚、相手は2枚、山札を引く。",""
"cmo1u7d90181m5ueejzugl33c","豪華斗篷","TOOL","G","附有這張卡的寶可夢（「擁有規則的寶可夢」除外）的最大HP「+100」，那隻寶可夢受到對手的寶可夢招式的傷害而【昏厥】時，被獲得的獎賞卡的張數增加1張。","このカードをつけているポケモン（「ルールを持つポケモン」をのぞく）の最大HPは「＋100」され、そのポケモンが、相手のポケモンからワザのダメージを受けてきぜつしたとき、とられるサイドは1枚多くなる。","If the Pokémon this card is attached to doesn’t have a Rule Box, it gets +100 HP, and if it is Knocked Out by damage from an attack from your opponent’s Pokémon, that player takes 1 more Prize card.(Pokémon {ex}, Pokémon {V}, etc. have Rule Boxes.)"
"cmo1u7egi1a5s5uee8e0974a0","莉普","SUPPORTER","G","從自己的棄牌區選擇【超】寶可夢卡與「基本【超】能量」卡合計最多4張，在給對手看過後加入手牌。","自分のトラッシュからポケモンと「基本エネルギー」を合計4枚まで選び、相手に見せて、手札に加える。",""
"cmo1u8emd30n75uee88rv8kqx","復活草","ITEM","B","擲1次硬幣若為正面，則將自己的1隻寶可夢恢復「60」HP，特殊狀態也全部恢復。","",""
"cmo1u8emo30nr5ueewo9vr59f","寶可領航員","ITEM","B","查看自己的牌庫上方3張。可將其中的1張寶可夢或能量卡，在給對手看過後加入手牌。將剩餘卡以任意順序排列，放回牌庫上方。","",""
"cmo1u8en430oj5ueesuw9ffa1","阿塞蘿拉","SUPPORTER","A","將自己的1隻身上放置有傷害指示物的寶可夢，與所附加的所有卡放回手牌。","",""
"cmo1u8emx30o75ueemmp2isid","古茲馬","SUPPORTER","A","選擇對手的1隻備戰寶可夢，與戰鬥寶可夢互換。然後，將自己的戰鬥寶可夢與備戰寶可夢互換。","相手のベンチポケモンを1匹選び、バトルポケモンと入れ替える。その後、自分のバトルポケモンをベンチポケモンと入れ替える。",""
"cmo1u8enp30pj5ueewa530qfi","茉莉","SUPPORTER","B","從自己的牌庫抽出1張【妖】能量卡，附於自己的寶可夢身上。並且重洗牌庫。","",""
"cmo1u8eo130q35ueel841ns8s","柚麗嘉","SUPPORTER","B","這張卡只有在場上有競技場卡時才可使用。將場上的競技場卡丟到棄牌區。在這個回合，自己的「基格爾德GX」就算已經使用了GX招式，也可使用GX招式。","このカードは、場にスタジアムが出ていなければ使えない。場に出ているスタジアムをトラッシュする。この番、自分の「ジガルデGX」は、自分がすでにGXワザを使っていても、GXワザが使える。",""
"cmo1u7fmb1c555uee3a6fzdxn","陳舊的根狀化石","ITEM","H","只要這隻寶可夢在戰鬥場上，對手的【基礎】寶可夢使用招式所需的能量增加1個【無】能量。","このポケモンがバトル場にいるかぎり、相手のたねポケモンは、ワザを使うためのエネルギーが、エネルギー1個ぶん多くなる。","Play this card as if it were a 60-HP Basic {C} Pokémon. This card can’t be affected by any Special Conditions and can’t retreat.  At any time during your turn, you may discard this card from play."
"cmo1u7co217145ueeiftljpc8","親送無人機","ITEM","G","擲2次硬幣，若全部為正面，則從自己的牌庫任意選擇1張卡加入手牌。並且重洗牌庫。","コインを2回投げ、すべてオモテなら、自分の山札から好きなカードを1枚選び、手札に加える。そして山札を切る。",""
"cmo1u6yp80j1d5ueevpf91vbi","可抽獎的冰棒","ITEM","E","將自己的戰鬥寶可夢恢復「20」HP。然後，擲1次硬幣若為正面，則不丟棄這張「可抽獎的冰棒」，而是放回手牌。","自分のバトルポケモンのHPを「20」回復する。その後、コインを1回投げオモテなら、この「当たりつきアイス」はトラッシュせずに、手札にもどす。",""
"cmo1u7ft31cg75uee18toh0qz","百萬噸吹風機","ITEM","H","將對手的所有寶可夢身上附加的「寶可夢道具」卡與「特殊能量」卡，與場上的「競技場」卡，全部丟棄。","相手のポケモン全員についている「ポケモンのどうぐ」と「特殊エネルギー」と、場に出ている「スタジアム」を、すべてトラッシュする。","Discard all Pokémon Tools and Special Energy from all of your opponent’s Pokémon, and discard a Stadium in play."
"cmo1u6rea06e05ueeo4wnx6ef","琉琪亞的展示","SUPPORTER","H","選擇1隻對手的備戰區的【基礎】寶可夢，與戰鬥寶可夢互換。然後，將新上場的寶可夢【混亂】。","相手のベンチのたねポケモンを1匹選び、バトルポケモンと入れ替える。その後、新しく出てきたポケモンをこんらんにする。","Switch in 1 of your opponent’s Benched Basic Pokémon to the Active Spot. If you do, the new Active Pokémon is now Confused."
"cmo1u6pve03qe5uee3foz7meh","聖灰","ITEM","I","從自己的棄牌區選擇最多5張寶可夢卡，在給對手看過後放回牌庫並重洗。","自分のトラッシュからポケモンを5枚選び、相手に見せてから、山札にもどす。そして山札を切る。","Shuffle up to 5 Pokémon from your discard pile into your deck."
"cmo1u6rda06cb5uee68qydesq","希特隆的機智","SUPPORTER","H","將自己的所有【雷】寶可夢各恢復「60」HP。","自分のポケモン全員のHPを、それぞれ「60」回復する。","Heal 60 damage from each of your {L} Pokémon."
"cmo1u8enb30ov5ueejkfcvya1","竹蘭","SUPPORTER","B","將自己的手牌全部放回牌庫並重洗。然後，從牌庫抽出6張。","",""
"cmo1u8enf30p35ueezu9m334t","大吾的決斷","SUPPORTER","B","若使用了這張卡，則自己的回合結束。從自己的牌庫中抽出最多3張任意卡加入手牌。並且重洗牌庫。","",""
"cmo1u6pin034f5uee3t1usn8r","神聖護符","TOOL","I","附有這張卡的寶可夢，受到對手的擁有特性的寶可夢招式的傷害「-30」點。","このカードをつけているポケモンが、相手の特性を持つポケモンから受けるワザのダメージは「-30」される。","The Pokémon this card is attached to takes 30 less damage from attacks from your opponent’s Pokémon that have an Ability (after applying Weakness and Resistance)."
"cmo1u6pxy03uv5ueelast1n6k","火箭隊的工廠","STADIUM","I","在每個自己的回合時，可使用1次。在這個回合從手牌使出了名稱中有「火箭隊」的支援者卡的玩家，可從自己的牌庫抽出2張卡。","この番に、手札から、名前に「ロケット団」とつくサポートを出して使っていたプレイヤーは、自分の番ごとに1回、自分の山札を2枚引いてよい。","Once during each player’s turn, if they played a Supporter card that has ""Team Rocket"" in its name from their hand this turn, they may draw 2 cards."
"cmo1u7gf21dgh5uee7m8z8asi","釣竿MAX","ITEM","H","從自己的棄牌區選擇寶可夢卡與基本能量卡合計最多5張，在給對手看過後加入手牌。","自分のトラッシュからポケモンと基本エネルギーを合計5枚まで選び、相手に見せて、手札に加える。","Put up to 5 in any combination of Pokémon and Basic Energy cards from your discard pile into your hand."
"cmo1u7gf91dgt5uee1pgxolfe","珍寶配件","ITEM","H","從自己的牌庫選擇最多5張「寶可夢道具」卡，在給對手看過後加入手牌。並且重洗牌庫。","自分の山札から「ポケモンのどうぐ」を5枚まで選び、相手に見せて、手札に加える。そして山札を切る。","Search your deck for up to 5 Pokémon Tool cards, reveal them, and put them into your hand. Then, shuffle your deck."
"cmo1u6rcj06az5uee0u4sm6qy","暗碼迷的解讀","SUPPORTER","H","從自己的牌庫任意選擇2張卡。重洗剩餘牌庫，將所選的卡以任意順序排列，放回牌庫上方。","自分の山札から好きなカードを2枚選ぶ。残りの山札を切り、選んだカードを好きな順番に入れ替えて、山札の上にもどす。","Search your deck for 2 cards, shuffle your deck, then put those cards on top of it in any order."
"cmo1u7oz71s1n5ueeg895sjra","塔拉剛","SUPPORTER","J","從自己的棄牌區選擇【鬥】寶可夢卡與「基本【鬥】能量」卡合計最多4張，在給對手看過後加入手牌。","自分のトラッシュからポケモンと「基本エネルギー」を合計4枚まで選び、相手に見せて、手札に加える。","Put up to 4 in any combination of {F} Pokémon and Basic {F} Energy cards from your discard pile into your hand."
"cmo1u7p6y1seu5ueez6gitkg1","變化之書","ITEM","J","「變化之書」只可2張同時使用。（效果是2張生效1次。）  從自己的棄牌區選擇1張【基礎】寶可夢卡，與自己的場上的1隻【基礎】寶可夢互換（所附加的卡・傷害指示物・特殊狀態・效果等全部保留）。將換下的寶可夢丟棄。","「変化の書」は、2枚同時にしか使えない。（効果は、2枚で1回はたらく。）自分のトラッシュからたねポケモンを1枚選び、自分の場のたねポケモン1匹と入れ替える（ついているカード・ダメカン・特殊状態・効果などは、すべて引きつぐ）。入れ替えたポケモンはトラッシュする。",""
"cmo1u7p7b1sfi5ueewb02gsk9","稜鏡塔","STADIUM","J","雙方玩家在每個自己的回合時，可使用1次，若將2張自己的手牌丟棄，則可從自己的牌庫抽出1張卡。","おたがいのプレイヤーは、自分の番ごとに1回、自分の手札を2枚トラッシュするなら、自分の山札を1枚引いてよい。",""
"cmp2dgdm33b8t116c5x2esv3d","稜鏡塔","STADIUM","J","雙方玩家在每個自己的回合時，可使用1次，若將2張自己的手牌丟棄，則可從自己的牌庫抽出1張卡。","",""
"cmo1u6pyt03wc5ueeu004fytn","不公印章","ITEM","I","這張卡必須在上個對手的回合自己的寶可夢【昏厥】了才可使用。     雙方玩家各自將手牌全部放回牌庫並重洗。然後，從牌庫抽卡，自己抽出5張，對手抽出2張。","このカードは、前の相手の番に、自分のポケモンがきぜつしていなければ使えない。おたがいのプレイヤーは、それぞれ手札をすべて山札にもどして切る。その後、自分は5枚、相手は2枚、山札を引く。","You can use this card only if any of your Pokémon were Knocked Out during your opponent’s last turn.    Each player shuffles their hand into their deck. Then, you draw 5 cards, and your opponent draws 2 cards."
"cmo1u6ywv0jdv5uee7vaba01u","交錯收發機","ITEM","E","「交錯收發機」只可2張同時使用。（效果是2張生效1次。）  從自己的棄牌區選擇1張寶可夢卡或者支援者卡，在給對手看過後加入手牌。","「クロスシーバー」は、2枚同時にしか使えない。（効果は、2枚で1回はたらく。）自分のトラッシュからポケモンまたはサポートを1枚選び、相手に見せて、手札に加える。",""
"cmoa5ylr53mnhdt6lx5s16u4c","大師球","ITEM","H","從自己的牌庫選擇1張寶可夢卡，在給對手看過後加入手牌。並且重洗牌庫。","","Search your deck for a Pokémon, reveal it, and put it into your hand. Then, shuffle your deck."
"cmo1u7h791esi5ueejqu5mkmy","主持人的帶動","SUPPORTER","I","從自己的牌庫抽出2張卡。若對手剩餘獎賞卡的張數為3張以下，則再抽出2張卡。","自分の山札を2枚引く。相手のサイドの残り枚数が3枚以下なら、さらに2枚引く。","Draw 2 cards. If your opponent has 3 or fewer Prize cards remaining, draw 2 more cards."
"cmo1u7bmb159k5ueebt5de1wn","天星隊手下","SUPPORTER","G","選擇1個對手的戰鬥寶可夢身上附加的能量，放回對手的牌庫上方。","相手のバトルポケモンについているエネルギーを1個選び、相手の山札の上にもどす。",""
"cmoa5yhth3gf9dt6l7c0c96sa","勇氣護符","TOOL","G","附有這張卡的【基礎】寶可夢的最大HP「+50」。","","The Basic Pokémon this card is attached to gets +50 HP."
"cmoa5yixr3i98dt6lv4xwx9xe","招式學習器 衰退","TOOL","G","附有這張卡的寶可夢，可使用這張卡上寫的招式。[需要有足夠使用招式的能量。]將寶可夢身上附加的這張卡，在自己的回合結束時丟棄。","",""
"cmo1u6pbr02sk5uee0kzxyot3","奇異時鐘","ITEM","I","選擇1隻自己的進化的【超】寶可夢，移除任意數量的「進化卡」使其退化。將移除的卡放回手牌。[退化的寶可夢在那個回合無法進化。]","自分の進化しているポケモンを1匹選び、「進化カード」を好きなだけはがして退化させる。はがしたカードは、手札にもどす。［退化したポケモンは、その番に進化できない。］","Devolve 1 of your evolved {P} Pokémon by putting any number of Evolution cards on it into your hand. (That Pokémon can’t evolve this turn.)"
"cmo1u6r8p064i5uee6g0fronq","鬼之假面","ITEM","H","從自己的棄牌區選擇1張名稱中有「厄鬼椪」的「寶可夢【ex】」卡，與自己的場上的1隻名稱中有「厄鬼椪」的「寶可夢【ex】」互換（所附加的卡・傷害指示物・特殊狀態・效果等全部保留）。將換下的寶可夢丟棄。","自分のトラッシュから、名前に「オーガポン」とつく「ポケモンex」を1枚選び、自分の場の、名前に「オーガポン」とつく「ポケモンex」1匹と入れ替える（ついているカード・ダメカン・特殊状態・効果などは、すべて引きつぐ）。入れ替えたポケモンはトラッシュする。","Choose a Pokémon {ex} in your discard pile that has “Ogerpon” in its name, and switch it with 1 of your Pokémon {ex} in play that has “Ogerpon” in its name. Any attached cards, damage counters, Special Conditions, turns in play, and any other effects remain on the new Pokémon."
"cmo1u6r9o06625ueef43nq6f4","手部修剪器","ITEM","H","雙方玩家各將自己的手牌丟棄直到變為5張為止。（對手先丟棄。手牌為5張以下的玩家不丟棄。）","おたがいのプレイヤーは、それぞれ自分の手札が5枚になるようにトラッシュする。（トラッシュは相手から行う。手札が5枚以下のプレイヤーはトラッシュしない。）","Each player discards cards from their hand until they have 5 cards in their hand. Your opponent discards first. (If a player has 5 or fewer cards in their hand, they do not discard.)"
"cmo1u6r9g065q5ueeg2jd8z5f","陳舊的羽毛化石","ITEM","I","只要這隻寶可夢在備戰區，不會受到對手的寶可夢招式的傷害。","このポケモンは、ベンチにいるかぎり、相手のポケモンからワザのダメージを受けない。",""
"cmo1u6rau06835ueegoz0spgs","福祿果","TOOL","H","附有這張卡的寶可夢受到對手的【超】寶可夢招式的傷害時，那個傷害「-60」點，將這張卡丟棄。","このカードをつけているポケモンが、相手のポケモンからワザのダメージを受けるとき、そのダメージは「-60」され、このカードをトラッシュする。","If the Pokémon this card is attached to is damaged by an attack from your opponent’s {P} Pokémon, it takes 60 less damage (after applying Weakness and Resistance), and discard this card."
"cmo1u6vc80d8k5ueehlirzhjy","講究腰帶","TOOL","F","附有這張卡的寶可夢使用的招式，對對手的戰鬥場的「寶可夢【V】」造成的傷害「+30」點。","このカードをつけているポケモンが使うワザの、相手のバトル場の「ポケモンV」へのダメージは「+30」される。","The attacks of the Pokémon this card is attached to do 30 more damage to your opponent’s Active Pokémon {V} (before applying Weakness and Resistance)."
"cmo1u7j4t1i0r5ueei7qwjhov","尖釘鎮道館","STADIUM","I","雙方玩家在每個自己的回合時，可使用1次，可從自己的牌庫選擇1張「瑪俐的寶可夢」，在給對手看過後加入手牌。並且重洗牌庫。","おたがいのプレイヤーは、自分の番ごとに1回、自分の山札から「マリィのポケモン」を1枚選び、相手に見せて、手札に加えてよい。そして山札を切る。","Once during each player’s turn, that player may search their deck for a Marnie’s Pokémon, reveal it, and put it into their hand. Then, that player shuffles their deck."
"cmo1u6y400i0j5uee1w8634fd","搖搖奶昔","ITEM","E","若使用了這張卡，則自己的回合結束。 從自己的牌庫選擇1張自己的1隻場上寶可夢進化而來的卡，放置於那隻寶可夢身上完成進化。並且重洗牌庫。（對自己的最初回合與剛使出的寶可夢也可使用。）","このカードを使ったら、自分の番は終わる。自分の場のポケモン1匹から進化するカードを、自分の山札から1枚選び、そのポケモンにのせて進化させる。そして山札を切る。（最初の自分の番や、出したばかりのポケモンにも使える。）",""
"cmo1u7h0x1eho5ueeqrjxfqsq","小剛的發掘","SUPPORTER","I","從自己的牌庫選擇最多2張【基礎】寶可夢卡，或者1張進化寶可夢卡，在給對手看過後加入手牌。並且重洗牌庫。","自分の山札からたねポケモンを2枚まで、または進化ポケモンを1枚選び、相手に見せて、手札に加える。そして山札を切る。","Search your deck for up to 2 Basic Pokémon or 1 Evolution Pokémon, reveal them, and put them into your hand. Then, shuffle your deck."
"cmo1u6r8s064m5uee0yog1b87","推理組合","ITEM","H","查看自己的牌庫上方3張卡，以任意順序排列，放回牌庫上方。或者將那些卡全部翻回反面並重洗，放回牌庫下方。","自分の山札を上から3枚見て、好きな順番に入れ替えて、山札の上にもどす。または、そのカードをすべてウラにして切り、山札の下にもどす。","Look at the top 3 cards of your deck and put them back in any order, or shuffle them and put them on the bottom of your deck."
"cmo1u6ya50ib85ueecpu2njyt","破壞手套","TOOL","E","附有這張卡的寶可夢使用的招式，對對手的戰鬥場的【鋼】寶可夢造成的傷害「+30」點。","ポケモンのどうぐは、自分のポケモンにつけて使う。ポケモン1匹につき1枚だけつけられ、つけたままにする。",""
"cmo1u6yai0ibt5ueeysx1wy2i","醫生","SUPPORTER","E","從自己的牌庫抽出2張卡。若對手的戰鬥寶可夢為「寶可夢【VMAX】」，則再抽出2張卡。","自分の山札を2枚引く。相手のバトルポケモンが「ポケモンVMAX」なら、さらに2枚引く。",""
"cmo1u6tf109vu5ueeo63a1dhr","皮歐尼","SUPPORTER","E","將自己的手牌全部丟棄，從自己的牌庫選擇最多2張訓練家卡，在給對手看過後加入手牌。並且重洗牌庫。","©Pokémon. ©Nintendo/Creatures Inc./GAME FREAK inc.ポケットモンスター・ポケモン・Pokémonは任天堂・クリーチャーズ・ゲームフリークの登録商標です。このホームページに掲載された画像その他の内容の無断転載はお断りします。",""
"cmo1u6rds06d75uee0mbz8mjy","海岱","SUPPORTER","H","選擇2張自己的手牌，以任意順序排列，放回牌庫下方。然後，從牌庫抽出4張卡。（若無法放回2張自己的手牌，則無法使用這張卡。）","自分の手札を2枚選び、好きな順番に入れ替えて、山札の下にもどす。その後、山札を4枚引く。（自分の手札を2枚もどせないなら、このカードは使えない。）",""
"cmo1u6yft0il25ueevpn0uzhb","志米","SUPPORTER","E","選擇最多2隻自己的「連擊」寶可夢，各恢復「60」HP。","自分の「れんげき」のポケモンを2匹まで選び、HPをそれぞれ「60」回復する。",""
"cmo1u7ftl1ch35ueezdifeh6n","幫忙鈴","ITEM","H","這張卡只可在後攻玩家的最初回合使用。   從自己的牌庫選擇1張支援者卡，在給對手看過後加入手牌。並且重洗牌庫。","このカードは、後攻プレイヤーの最初の番しか使えない。自分の山札からサポートを1枚選び、相手に見せて、手札に加える。そして山札を切る。","You can use this card only if you go second, and only during your first turn.  Search your deck for a Supporter card, reveal it, and put it into your hand. Then, shuffle your deck."
"cmo1u6ykj0it85ueetantvb0h","一擊的卷軸 牙龍之卷","TOOL","E","寶可夢道具卡，附於自己的寶可夢使用。1隻寶可夢只可附上1張寶可夢道具卡，並且保持附加狀態。","このポケモンについているエネルギーを、すべてトラッシュする。",""
"cmo1u6ykz0iu05uee3edwhpzw","模仿少女","SUPPORTER","E","將自己的手牌全部放回牌庫並重洗。然後，從自己的牌庫抽出與對手的手牌張數相同數量的卡。","自分の手札をすべて山札にもどして切る。その後、相手の手札の枚数ぶん、自分の山札を引く。",""
"cmo1u7ft51cgb5uee3gq8uv0y","妨害信函","ITEM","H","對手數過對手自己的手牌張數後，全部翻回反面並重洗，放回牌庫下方。然後，對手從牌庫抽出與放回的張數相同數量的卡。","相手は相手自身の手札を数えたあと、すべてウラにして切り、山札の下にもどす。その後、相手はもどした枚数ぶん、山札を引く。","Your opponent counts the cards in their hand, shuffles those cards, and puts them on the bottom of their deck. If they do, they draw that many cards."
"cmo1u6yx00je35ueeeib2nraw","海綿手套","TOOL","E","寶可夢道具卡，附於自己的寶可夢使用。1隻寶可夢只可附上1張寶可夢道具卡，並且保持附加狀態。","このカードをつけているポケモンが使うワザの、相手のバトル場のポケモンへのダメージは「+30」される。",""
"cmo1u8ji739015ueejzoqplz4","手機洛托姆","ITEM","D","查看自己的牌庫上方5張卡，選擇其中1張卡。將剩餘卡放回牌庫並重洗，將所選的卡放回牌庫上方。","",""
"cmo1u6p1502ad5uee96nhy308","超級信號","ITEM","I","從自己的牌庫選擇1張「超級進化寶可夢【ex】」，在給對手看過後加入手牌。並且重洗牌庫。","自分の山札から「メガシンカex」を1枚選び、相手に見せて、手札に加える。そして山札を切る。","Search your deck for a Mega Evolution Pokémon {ex}, reveal it, and put it into your hand. Then, shuffle your deck."
"cmo1u7g381cw25ueeh4ztxj9v","希望護身符","TOOL","H","附有這張卡的寶可夢受到對手的寶可夢招式的傷害而【昏厥】時，從自己的牌庫任意選擇最多3張卡加入手牌。並且重洗牌庫。","このカードをつけているポケモンが、相手のポケモンからワザのダメージを受けてきぜつしたとき、自分の山札から好きなカードを3枚まで選び、手札に加える。そして山札を切る。","If the Pokémon this card is attached to is Knocked Out by damage from an attack from your opponent’s Pokémon, search your deck for up to 3 cards and put them into your hand. Then, shuffle your deck."
"cmo1u6rc406ab5ueenwakhbvw","霹霹果","TOOL","H","附有這張卡的寶可夢受到對手的【鋼】寶可夢招式的傷害時，那個傷害「-60」點，將這張卡丟棄。","このカードをつけているポケモンが、相手のポケモンからワザのダメージを受けるとき、そのダメージは「-60」され、このカードをトラッシュする。","If the Pokémon this card is attached to is damaged by an attack from your opponent’s {M} Pokémon, it takes 60 less damage (after applying Weakness and Resistance), and discard this card."
"cmo1u8jt539hc5ueesdmvpq2c","洛茲","SUPPORTER","D","從自己的棄牌區選擇最多2張基本能量卡，附於自己的1隻「寶可夢【VMAX】」身上。然後，將自己的手牌全部丟棄。","",""
"cmo1u6ra6066y5ueeavv1tk4r","派帕的三明治","ITEM","I","將自己的戰鬥寶可夢恢復「30」HP。若那隻寶可夢為「派帕的寶可夢」，則恢復的HP改為「100」。","自分のバトルポケモンのHPを「30」回復する。そのポケモンが「ペパーのポケモン」なら、回復するHPは「100」になる。","Heal 30 damage from your Active Pokémon. If that Pokémon is an Arven’s Pokémon, heal 100 damage from it instead."
"cmo1u6uq80c615ueebxb19php","莎莉娜","SUPPORTER","F","這張卡從2種效果中選擇1種使用。       ◆選擇最多3張自己的手牌，將其丟棄。（一定要選擇1張。）然後，從牌庫抽卡直到自己的手牌滿5張為止。      ◆選擇對手的備戰區的1隻「寶可夢【V】」，與戰鬥寶可夢互換。","このカードは、2つの効果から1つを選んで使う。◆自分の手札を3枚まで選び、トラッシュする。（必ず1枚は選ぶ。）その後、自分の手札が5枚になるように、山札を引く。◆相手のベンチの「ポケモンV」を1匹選び、バトルポケモンと入れ替える。",""
"cmo1u6vbl0d7g5uee5k1heszt","堅毅十字鎬","ITEM","F","將自己的牌庫上方1張卡翻到正面，若那張卡為【鬥】能量卡，則附於自己的備戰寶可夢身上。若不為【鬥】能量卡，則在給對手看過後加入手牌。","自分の山札を上から1枚オモテにして、そのカードがエネルギーなら、自分のベンチポケモンにつける。エネルギーでないなら、相手に見せて、手札に加える。",""
"cmo1u8kbt3ab95uee1ckiwjvd","洛托姆自行車","ITEM","D","若使用了這張卡，則自己的回合結束。 從牌庫抽卡直到自己的手牌滿6張為止。","",""
"cmo1u7dn118pn5ueeayitg5v9","聶凱","SUPPORTER","G","查看對手的手牌，從自己的牌庫抽出與其中支援者卡的張數×2張相同數量的卡。","相手の手札を見て、その中にあるサポートの枚数×2枚ぶん、自分の山札を引く。",""
"cmo1u7fn61c6l5ueejp6a109i","壯偉碩木","STADIUM","H","雙方玩家在每個自己的回合時，可使用1次，可從自己的牌庫選擇1張從自己的場上的1隻【基礎】寶可夢進化而來的【1階進化】寶可夢卡，放置於那隻寶可夢身上完成進化。若進化了，則可繼續選擇1張【2階進化】寶可夢卡，完成進化。並且重洗牌庫。（自己的最初回合或剛使出的【基礎】寶可夢無法完成進化。）","おたがいのプレイヤーは、自分の番ごとに1回、自分の場のたねポケモン1匹から進化する1進化ポケモンを、自分の山札から1枚選び、そのポケモンにのせて進化させてよい。進化したなら、続けて2進化ポケモンを1枚選び、進化させてよい。そして山札を切る。（最初の自分の番や、出したばかりのたねポケモンは進化させられない。）","Once during each player’s turn, that player may search their deck for a Stage 1 Pokémon that evolves from 1 of their Basic Pokémon and put it onto that Pokémon to evolve it. If that Pokémon was evolved in this way, that player may search their deck for a Stage 2 Pokémon that evolves from that Pokémon and put it onto that Pokémon to evolve it. Then, that player shuffles their deck. (Players can’t evolve a Basic Pokémon during their first turn or a Basic Pokémon that was put into play this turn.)"
"cmo1u6tqz0agu5uee7npzd8zd","望羅","SUPPORTER","F","選擇1隻自己的備戰區的「寶可夢【V】」，將那隻寶可夢與附加的卡全部丟棄。","自分のベンチの「ポケモンV」を1匹選び、そのポケモンと、ついているすべてのカードを、トラッシュする。",""
"cmo1u6y9v0ias5uee0z43polr","粗硬頭盔","TOOL","E","當附有這張卡的寶可夢在戰鬥場受到對手的寶可夢招式的傷害時，選擇1個使用招式的寶可夢身上附加的能量，放回對手的手牌。","ポケモンのどうぐは、自分のポケモンにつけて使う。ポケモン1匹につき1枚だけつけられ、つけたままにする。",""
"cmo1u7h0o1eh85ueevyyu4jnj","調換票","ITEM","I","數過自己的獎賞卡張數後，全部翻回反面並重洗，放回牌庫下方。然後，從牌庫上方抽出與放回張數相同數量的卡，作為獎賞卡放置。","自分のサイドを数えたあと、すべてウラにして切り、山札の下にもどす。その後、もどした枚数ぶん、山札を上からサイドとして置く。","Count your Prize cards, shuffle them, and put them on the bottom of your deck. Then, take that many cards from the top of your deck and put them face down as your Prize cards."
"cmo1u8emf30nb5ueevunpgx0o","場地吹風機","ITEM","A","將場上的最多2張「寶可夢道具卡」或者「競技場卡」丟到棄牌區。","",""
"cmo1u8en230of5ueekkhk33pq","祈願接力棒","TOOL","A","寶可夢道具卡，附於自己的寶可夢使用。1隻寶可夢只可附上1張寶可夢道具卡，並且保持附加狀態。","",""
"cmo1u8emq30nv5uee9se8vul1","金屬護目鏡","TOOL","B","寶可夢道具卡，附於自己的寶可夢使用。1隻寶可夢只可附上1張寶可夢道具卡，並且保持附加狀態。","",""
"cmo1u8emv30o35uee7udqw1os","卡奇","SUPPORTER","A","若使用了這張卡，則自己的回合結束。從自己的牌庫抽出最多4張【炎】能量卡，附於自己的1隻寶可夢身上。並且重洗牌庫。","",""
"cmo1u8enk30pb5ueeyutmk0ww","電視記者","SUPPORTER","B","從自己的牌庫抽出3張。然後，從自己的手牌抽出1張丟到棄牌區。","",""
"cmo1u8enr30pn5ueelnrzd9m4","夥星","SUPPORTER","B","從自己的牌庫抽出2張。然後，在不看正面的情況下，從對手的手牌抽出1張丟到棄牌區。","",""
"cmo1u8eny30pz5ueew87p9fds","吉憲","SUPPORTER","B","這張卡只有在將自己的手牌抽出2張【水】能量卡丟到棄牌區才可使用。從自己的牌庫抽出最多2張任意卡加入手牌。並且重洗牌庫。","",""
"cmo1u8enw30pv5ueezijkrfde","莉莉艾","SUPPORTER","A","從牌庫抽卡直到自己的手牌滿6張為止。若在自己的最初回合使用，則抽卡直到滿8張為止。","",""
"cmo1u8eo530qb5ueex1r3hel2","潺潺之丘","STADIUM","A","雙方玩家在自己的回合時，可使用1次，從自己的牌庫抽出1張【水】或者【鬥】屬性的【基礎】寶可夢放置於備戰區。這個情況下，重洗牌庫。","",""
"cmo1u7d3717rh5ueecacbi8j9","城鎮百貨公司","STADIUM","G","雙方玩家在每個自己的回合時，可使用1次，可從自己的牌庫選擇1張「寶可夢道具」卡，在給對手看過後加入手牌。並且重洗牌庫。","おたがいのプレイヤーは、自分の番ごとに1回、自分の山札から「ポケモンのどうぐ」を1枚選び、相手に見せて、手札に加えてよい。そして山札を切る。",""
"cmo1u6ykm0itc5ueejq6d2h34","挖洞手套","TOOL","E","寶可夢道具卡，附於自己的寶可夢使用。1隻寶可夢只可附上1張寶可夢道具卡，並且保持附加狀態。","ポケモンのどうぐは、自分のポケモンにつけて使う。ポケモン1匹につき1枚だけつけられ、つけたままにする。",""
"cmo1u6yph0j1t5uee679szsvi","玩具捕捉器","ITEM","E","選擇1隻對手備戰區剩餘HP為「50」以下的寶可夢，與戰鬥寶可夢互換。","相手のベンチの残りHPが「50」以下のポケモンを1匹選び、バトルポケモンと入れ替える。",""
"cmo1u8em230mn5ueeaaw38dvj","訂購平板","ITEM","B","擲1次硬幣若為正面，則從自己的牌庫抽出1張物品卡，在給對手看過後加入手牌。並且重洗牌庫。","",""
"cmo1u8eol30r05uee2ylkma5b","開洞之鏟","ITEM","I","將自己的牌庫上方2張卡丟棄。","","Discard the top 2 cards of your deck."
"cmo1u6rak067m5ueefw8qt51x","重新啟動箱","ITEM","H","從棄牌區附給自己的所有「未來」寶可夢各1張基本能量卡。","自分の「未来」のポケモン全員に、トラッシュから基本エネルギーを1枚ずつつける。","Attach a Basic Energy card from your discard pile to each of your Future Pokémon."
"cmo1u6rc706af5ueegivblwyg","莉莉艾的珍珠","TOOL","I","附有這張卡的「莉莉艾的寶可夢」受到對手的寶可夢招式的傷害而【昏厥】時，被獲得的獎賞卡減少1張。","このカードをつけている「リーリエのポケモン」が、相手のポケモンからワザのダメージを受けてきぜつしたとき、とられるサイドは1枚少なくなる。","If the Lillie’s Pokémon this card is attached to is Knocked Out by damage from an attack from your opponent’s Pokémon, that player takes 1 fewer Prize card."
"cmo1u7h0q1ehc5uee3d6sjdwk","可怕的哥哥","SUPPORTER","I","選擇1隻對手的寶可夢，將那隻寶可夢身上附加的「寶可夢道具」卡與「特殊能量」卡各丟棄1張。","相手のポケモンを1匹選び、そのポケモンについている「ポケモンのどうぐ」と「特殊エネルギー」を1枚ずつトラッシュする。","Discard a Pokémon Tool and a Special Energy from 1 of your opponent’s Pokémon."
"cmo1u7et41ark5uee5fj83xqx","危險密林","STADIUM","H","雙方的所有【中毒】的寶可夢（【惡】寶可夢除外），因【中毒】而放置的傷害指示物的數量各增加2個。","おたがいのどくのポケモン（ポケモンをのぞく）全員は、どくでのせるダメカンの数がそれぞれ2個多くなる。","During Pokémon Checkup, put 2 more damage counters on each Poisoned non-{D} Pokémon (both yours and your opponent’s)."
"cmo1u6r9v066e5uee9t7ovt4f","貴重手推車","ITEM","H","從自己的牌庫選擇任意數量的【基礎】寶可夢卡，放置於備戰區。並且重洗牌庫。","自分の山札からたねポケモンを好きなだけ選び、ベンチに出す。そして山札を切る。","Search your deck for any number of Basic Pokémon and put them onto your Bench. Then, shuffle your deck."
"cmo1u82kh2f9t5ueejtj6zjcn","招式學習器 螢石","TOOL","H","附有這張卡的寶可夢，可使用這張卡上寫的招式。[需要有足夠使用招式的能量。]將附於寶可夢身上的這張卡，在自己的回合結束時丟棄。","このポケモンについているエネルギーをすべてトラッシュし、自分の「テラスタル」のポケモン全員のHPを、すべて回復する。","The Pokémon this card is attached to can use the attack on this card. (You still need the necessary Energy to use this attack.) If this card is attached to 1 of your Pokémon, discard it at the end of your turn."
"cmo1u7d2y17r45ueerp3rondj","奧爾迪加","SUPPORTER","G","查看對手的手牌，從其中任意選擇1張卡，放回對手的牌庫下方。然後，對手若希望，從牌庫抽出1張卡。","相手の手札を見て、その中から好きなカードを1枚選び、相手の山札の下にもどす。その後、相手はのぞむなら、山札を1枚引く。","Your opponent reveals their hand, and you choose a card you find there and put it on the bottom of their deck. If you put a card on the bottom of your opponent’s deck in this way, your opponent may draw a card."
"cmo1u6r9506565uee356zftcu","危險光線","ITEM","H","將對手的戰鬥寶可夢【灼傷】與【混亂】。","相手のバトルポケモンをやけどとこんらんにする。","Your opponent’s Active Pokémon is now Burned and Confused."
"cmo1u6y9y0iaw5ueeuzy9cenh","亞莎","SUPPORTER","E","選擇對手的場上寶可夢身上附加的「特殊能量」卡與場上的「競技場」卡各1張，將其丟棄。","相手の場のポケモンについている「特殊エネルギー」と場に出ている「スタジアム」を1枚ずつ選び、トラッシュする。",""
"cmo1u6rbd068z5ueegyii4u8x","巧可果","TOOL","H","‌附有這張卡的寶可夢受到對手的【火】寶可夢招式的傷害時，那個傷害「-60」點，將這張卡丟棄。","このカードをつけているポケモンが、相手のポケモンからワザのダメージを受けるとき、そのダメージは「-60」され、このカードをトラッシュする。","If the Pokémon this card is attached to is damaged by an attack from your opponent’s {R} Pokémon, it takes 60 less damage (after applying Weakness and Resistance), and discard this card."
"cmo1u7d3217r95ueey3yzn11h","也慈","SUPPORTER","G","在使用了這張卡的回合結束前，自己的所有寶可夢無法使用招式。（包含新上場的寶可夢。） 從自己的牌庫選擇最多2張基本能量卡，附於自己的1隻寶可夢身上。並且重洗牌庫。","このカードを使った番の終わりまで、自分のポケモン全員は、ワザが使えない。（新しく場に出したポケモンもふくむ。）自分の山札から基本エネルギーを2枚まで選び、自分のポケモン1匹につける。そして山札を切る。",""
"cmo1u8huo367f5ueey2liwk3r","冠軍慶典","STADIUM","F","自己的場上有6隻寶可夢的玩家在每個自己的回合時，可使用1次，可將自己的所有寶可夢各恢復「10」HP。","",""
"cmo1u6vcv0d9o5ueejqgxlb05","竹蘭的霸氣","SUPPORTER","F","從牌庫抽卡直到自己的手牌滿5張為止。在上個對手的回合，若自己的寶可夢【氣絕】了，則抽卡直到滿8張為止。","自分の手札が5枚になるように、山札を引く。前の相手の番に、自分のポケモンがきぜつしていたなら、8枚になるように引く。",""
"cmo1u6vct0d9k5ueeuijtdzco","黑連的關心","SUPPORTER","F","選擇1隻自己的身上放置有傷害指示物的【無】寶可夢，將那隻寶可夢與附加的卡，全部放回手牌。","ダメカンがのっている自分のポケモンを1匹選び、そのポケモンと、ついているすべてのカードを、手札にもどす。",""
"cmo1u6vda0dac5uee9j5s8n07","洗翠的夥伴","SUPPORTER","F","從自己的牌庫抽出3張卡。","©Pokémon. ©Nintendo/Creatures Inc./GAME FREAK inc.ポケットモンスター・ポケモン・Pokémonは任天堂・クリーチャーズ・ゲームフリークの登録商標です。このホームページに掲載された画像その他の内容の無断転載はお断りします。",""
"cmo1u7f7a1bfs5uee6nu6naxp","配樂之笛","ITEM","H","將對手的牌庫上方5張卡翻到正面，從其中選擇任意數量的【基礎】寶可夢卡，放置於對手的備戰區。將剩餘卡放回牌庫並重洗。","相手の山札を上から5枚オモテにして、その中からたねポケモンを好きなだけ選び、相手のベンチに出す。残りのカードは山札にもどして切る。","Reveal the top 5 cards of your opponent’s deck. You may choose any number of Basic Pokémon you find there and put those Pokémon onto their Bench. Your opponent shuffles the other cards back into their deck."
"cmo1u7em71afm5ueek8kol18m","居民會館","STADIUM","H","在每個自己的回合時，可使用1次。在這個回合從手牌使出了支援者卡的玩家，可將自己的所有寶可夢各恢復「10」HP。","この番、手札からサポートを出して使っていたプレイヤーは、自分の番ごとに1回、自分のポケモン全員のHPを、それぞれ「10」回復してよい。","Once during each player’s turn, if they played a Supporter card from their hand this turn, they may heal 10 damage from each of their Pokémon."
"cmo1u7ez41b225ueeemkj5u5n","沉重接力棒","TOOL","H","附有這張卡的【撤退】所需的能量為4個的寶可夢，在戰鬥場上受到對手的寶可夢招式的傷害而【昏厥】時，選擇最多3張那隻寶可夢身上附加的基本能量卡，以任意方式改附於自己的備戰寶可夢身上。","このカードをつけているにげるためのエネルギーが4個のポケモンが、バトル場で相手のポケモンからワザのダメージを受けてきぜつしたとき、そのポケモンについている基本エネルギーを3枚まで選び、自分のベンチポケモンに好きなようにつけ替える。",""
"cmo1u7ea519uq5ueej34bp04e","不服輸背心","TOOL","G","若自己剩餘獎賞卡的張數，比對手剩餘獎賞卡的張數多，則附有這張卡的寶可夢，受到對手的寶可夢招式的傷害「-40」點。","自分のサイドの残り枚数が、相手のサイドの残り枚数より多いなら、このカードをつけているポケモンが、相手のポケモンから受けるワザのダメージは「-40」される。","If you have more Prize cards remaining than your opponent, the Pokémon this card is attached to takes 40 less damage from attacks from your opponent’s Pokémon (after applying Weakness and Resistance)."
"cmo1u6ypq0j295uee6niozt6l","連擊的卷軸 飛龍之卷","TOOL","E","附有這張卡的「連擊」寶可夢，可使用這張卡上寫的招式。[需要有足夠使用招式的能量。] 火雷 流星 none將這隻寶可夢身上附加的2個能量丟棄，對手的1隻寶可夢受到90點傷害。[在備戰區不計算弱點・抵抗力。]","このポケモンについているエネルギーを2個トラッシュし、相手のポケモン1匹に、90ダメージ。［ベンチは弱点・抵抗力を計算しない。］",""
"cmoa5yktr3l8gdt6lz72feayh","招式學習器 演進","TOOL","G","附有這張卡的寶可夢，可使用這張卡上寫的招式。[需要有足夠使用招式的能量。] 將附於寶可夢身上的這張卡，在自己的回合結束時丟棄。","","When your Active Pokémon is Knocked Out by damage from an attack from your opponent’s Pokémon, you may move a Basic Energy from that Pokémon to the Pokémon this card is attached to."
"cmo1u6yxh0jew5uee6hx2rgqo","舞者","SUPPORTER","E","從自己的牌庫抽出2張卡。若在後攻玩家的最初回合使用，則再抽出3張卡。","自分の山札を2枚引く。後攻プレイヤーの最初の番に使ったなら、さらに3枚引く。",""
"cmo1u6yx70jef5ueevm70mejw","餘音大鈴鐺","TOOL","E","寶可夢道具卡，附於自己的寶可夢使用。1隻寶可夢只可附上1張寶可夢道具卡，並且保持附加狀態。","このカードをつけている「ポケモンVMAX」が、相手のポケモンからワザのダメージを受けてきぜつしたとき、自分の山札から好きなカードを1枚選び、手札に加える。そして山札を切る。",""
"cmp5pcopt0004puvqbw8z35as","派帕","SUPPORTER","G","從自己的牌庫選擇「物品」卡與「寶可夢道具」卡各1張，在給對手看過後加入手牌。並且重洗牌庫。","",""
"cmo1u6yex0iji5uee8s4t7q9r","正義手套","TOOL","E","附有這張卡的寶可夢使用的招式，對對手的戰鬥場的【惡】寶可夢造成的傷害「+30」點。","ポケモンのどうぐは、自分のポケモンにつけて使う。ポケモン1匹につき1枚だけつけられ、つけたままにする。",""
"cmo1u6yx50jeb5uee8lt7sxsn","交錯切換機","ITEM","E","「交錯切換機」只可2張同時使用。（效果是2張生效1次。）選擇1隻對手的備戰寶可夢，與戰鬥寶可夢互換。然後，將自己的戰鬥寶可夢與備戰寶可夢互換。","「クロススイッチャー」は、2枚同時にしか使えない。（効果は、2枚で1回はたらく。）相手のベンチポケモンを1匹選び、バトルポケモンと入れ替える。その後、自分のバトルポケモンをベンチポケモンと入れ替える。",""
"cmobmx73b3glu2pc7gc5buhxb","硬硬束帶","TOOL","G","附有這張卡的【1階進化】寶可夢，受到對手的寶可夢招式的傷害「-30」點。","",""
"cmo1u7bey14xe5ueetsm4ogua","練習工房","STADIUM","G","雙方的【1階進化】寶可夢使用的招式，對對手的戰鬥寶可夢造成的傷害「+10」點。","おたがいの1進化ポケモンが使うワザの、相手のバトルポケモンへのダメージは「+10」される。",""
"cmo1u7fmu1c615ueehietp6g1","重力之玉","TOOL","H","只要附有這張卡的寶可夢在戰鬥場上，雙方的戰鬥寶可夢【撤退】所需的能量各增加1個。","このカードをつけているポケモンがバトル場にいるかぎり、おたがいのバトルポケモンのにげるためのエネルギーは、それぞれ1個ぶん多くなる。","As long as the Pokémon this card is attached to is in the Active Spot, the Retreat Cost of both Active Pokémon is {C} more."
"cmo1u802f2b2a5ueevswcudn6","招式學習器 火場一爆","TOOL","G","附有這張卡的寶可夢，可使用這張卡上寫的招式。[需要有足夠使用招式的能量。]將附於寶可夢身上的這張卡，在自己的回合結束時丟棄。","このワザは、相手のサイドの残り枚数が1枚のときにしか使えない。",""
"cmo1u7elv1af25ueepnbltih7","甜蜜球","ITEM","H","從自己的牌庫選擇1張與對手的場上寶可夢名稱相同的寶可夢卡，在給對手看過後加入手牌。並且重洗牌庫。","自分の山札から、相手の場のポケモンと同じ名前のポケモンを1枚選び、相手に見せて、手札に加える。そして山札を切る。","Search your deck for a Pokémon with the same name as 1 of your opponent’s Pokémon in play, reveal it, and put it into your hand. Then, shuffle your deck."
"cmo1u7p791sfe5ueev0mdptiz","昂主花葉蒂","STADIUM","J","這張卡必須將場上的「稜鏡塔」丟棄才可放置於場上，使出了「稜鏡塔」的回合也可放置於場上。  雙方場上所有「超級花葉蒂【ex】」的最大HP各「+150」。","このカードは、場に出ている「プリズムタワー」をトラッシュしなければ場に出せず、「プリズムタワー」を出した番でも場に出せる。おたがいの場の「メガフラエッテex」全員は、それぞれ最大HPが「+150」される。",""
"cmobmx6hx3fny2pc79sr79svh","不服輸頭帶","TOOL","G","若自己剩餘獎賞卡的張數比對手剩餘獎賞卡的張數多，則附有這張卡的寶可夢使用的招式，對對手的戰鬥寶可夢造成的傷害「+30」點。","",""
"cmo1u8eo330q75ueer7f6fj8p","帥哥","SUPPORTER","B","從自己的牌庫下方抽出3張。","",""
"cmo1u8elj30lr5uee1m5bnpkb","水補丁","ITEM","A","從自己的棄牌區抽出1張【水】能量卡，附於備戰區的【水】寶可夢身上。","",""
"cmo1u8et630yx5ueearoiwpfd","捷朵","SUPPORTER","J","從自己的牌庫抽出與對手場上「超級進化寶可夢【ex】」的數量相同數量的卡。","",""